X,Y,OBJECTID,Name,Acres,Sq_Miles,County20,County10,HousUnits_MonthOwnerCosts_toInc,Sel_Mo_Own_Costs_30pct_of_Incom,Pct_Sel_Mo_Own_Costs_30pct_Inc,HousUnits_Compute_RentPctIncome,Rent_Pct_of_Inc_More30Pct,PctRent_PctIncome_More30Pct,HousUnits_OwnRent_Compute,HousCosts_Units_30pctMore_Inc,PctHousCost_30pctMore_Income,GlobalID,last_edited_date
-84.747188706008643,34.282510371813778,1,White,583.2789917,0.91137302,yes, ,120,20,16.7,95,71,74.7,215,91,42.3,{C20A40A6-70E0-41BD-9FFA-69A5C4E0636B},
-84.94463042566889,34.23168256514446,2,Kingston,791.59002686,1.23686004,yes, ,156,52,33.3,93,75,80.6,249,127,51,{4F733FCA-CE5B-40D3-937C-194E1F61C32E},
-84.932657158350821,34.143962915926501,3,Euharlee,3458.67993164,5.40419006,yes, ,1026,200,19.5,288,129,44.8,1314,329,25,{F40CE536-2627-4331-8A6B-6F6D6B4A1ADF},
-85.509652913286104,34.874155237743075,4,Trenton,2058.65991211,3.21665001, , ,437,123,28.1,305,172,56.4,742,295,39.8,{CEFBC6BA-8FB8-4B38-8519-3FF157CFA73F},
-83.0748118918671,31.0410225180913,5,Lakeland,2006.07995605,3.13450003, , ,411,45,10.9,728,364,50,1139,409,35.9,{45FD9581-7594-41C4-B555-9488BD50C3BC},
-81.313271548726405,31.931206625371129,6,Richmond Hill,9391.74023438,14.67459965, , ,1903,496,26.1,1763,839,47.6,3666,1335,36.4,{B0B74DAB-C9D5-4467-817B-CC50ABA8C89B},
-81.618613818445965,32.145506414874497,7,Pembroke,4915.20996094,7.68000984, , ,592,255,43.1,408,240,58.8,1000,495,49.5,{82E13361-8F4C-42AD-923E-148DA4EB57D1},
-82.19873511304786,31.721584516555016,8,Surrency,496.04699707,0.77507401, , ,56,12,21.4,10,3,30,66,15,22.7,{78E4AACB-13F8-4085-B130-63BF2FB6AF47},
-82.502968676470971,31.829162114887449,9,Graham,1119.58996582,1.74935997, , ,94,25,26.6,2,2,100,96,27,28.1,{5EA05731-57D8-40BC-8B3B-DE8446339494},
-82.351005590608196,31.764802897199033,10,Baxley,5372.50976563,8.39455032, , ,881,315,35.8,899,210,23.4,1780,525,29.5,{2135CDA4-A167-4396-934A-1A7A5C1A13EE},
-83.352410662717375,32.387705558976286,11,Cochran,3046.81005859,4.76064014, , ,820,183,22.3,424,255,60.1,1244,438,35.2,{91302E0C-2195-4C1D-89BC-8B07701214D1},
-83.225827419136991,32.592674063040469,12,Allentown,1968.68994141,3.07608008, , ,69,13,18.8,14,6,42.9,83,19,22.9,{D2DD7290-8188-418F-A822-E547FFB316E4},
-83.433056077556913,34.845793052754345,13,Tiger,530.53100586,0.82895499, , ,99,33,33.3,36,34,94.4,135,67,49.6,{7F32E4D3-A4B1-458A-A4A3-CB7681715EC7},
-83.331360240928973,34.984071220571202,14,Sky Valley,1963.90002441,3.06858993, , ,186,55,29.6,1,1,100,187,56,29.9,{D517FB6D-F352-4AD4-AD1B-D376C0617298},
-83.385374154014556,34.919636572417325,15,Mountain City,1167.41003418,1.82407999, , ,228,73,32,91,70,76.9,319,143,44.8,{E638E6D9-FE2F-4676-AEA9-5B728C223D19},
-83.382032679715607,34.974766361697974,16,Dillard,1134.18005371,1.77216005, , ,80,26,32.5,59,33,55.9,139,59,42.4,{0F08824A-524B-4AE1-B6ED-CE4EBBFF0932},
-84.81331673828376,31.013588535263732,17,Iron City,510.99798584,0.79843402, , ,120,35,29.2,15,2,13.3,135,37,27.4,{10C1F75E-7DE8-4C9B-BDFC-60C09EC6F136},
-84.87917375217431,31.040438258485501,18,Donalsonville,2554.36010742,3.99117994, , ,670,219,32.7,224,136,60.7,894,355,39.7,{492F0F18-EF7F-430A-A972-041B79ECC79D},
-82.387820991116641,33.207010670333858,19,Wrens,2010.61999512,3.14159012, , ,452,131,29,530,343,64.7,982,474,48.3,{34B9FDA7-C4C5-4BE2-82C2-F5950D38424C},
-82.401375319690288,32.866325807288945,20,Wadley,2945.47998047,4.60232019, , ,409,184,45,255,120,47.1,664,304,45.8,{0CA60DB6-96A6-4018-B254-6FD2C02FEB50},
-82.467244243524775,33.216895358923928,21,Stapleton,1116.5300293,1.74458003, , ,135,51,37.8,29,25,86.2,164,76,46.3,{4BA39ADE-1616-46A7-BD8D-8267E2FAC895},
-82.400017055872013,32.995542996466327,22,Louisville,2355.08007813,3.67981005, , ,577,239,41.4,323,199,61.6,900,438,48.7,{2D77D9B5-35D5-4B53-A303-4A3D8F0A0932},
-82.471160747733549,32.88157883049292,23,Bartow,723.83300781,1.13099003, , ,79,22,27.8,33,24,72.7,112,46,41.1,{3EB9DB1E-9344-41F4-91C6-B79A38A47F07},
-82.528735497220637,33.193429094923637,24,Avera,416.13699341,0.65021503, , ,74,15,20.3,32,27,84.4,106,42,39.6,{DD9A1972-0B28-446B-8A7F-E8AA4E2DE3F5},
-83.401722256014793,34.87760884382832,25,Clayton,2095.66992188,3.2744801, , ,462,228,49.4,348,182,52.3,810,410,50.6,{62D74FA5-F188-4751-918F-1FB5CE24062A},
-83.381654417426205,34.725761448791175,26,Tallulah Falls,5462.18994141,8.53468037, , ,7,6,85.7,14,0,0,21,6,28.6,{BA76D6CF-F471-4C6E-9B90-ACA3B8CFD879},
-81.473948043333195,31.145000103476431,27,Brunswick,16186.29980469,25.29100037, , ,2116,703,33.2,3468,1922,55.4,5584,2625,47,{17546989-7A99-48FD-B003-F282538CF3D8},
-81.717460195513794,30.959513869691396,28,Woodbine,1645.86999512,2.57167006, , ,323,77,23.8,165,92,55.8,488,169,34.6,{8699710B-25C8-4149-AAAA-56E94FEFE04E},
-81.57215523099002,30.756670879395642,29,St. Marys,15951,24.92340088, , ,3262,1047,32.1,2971,1421,47.8,6233,2468,39.6,{301351CF-0396-45A6-B5E7-EC97526173A2},
-81.721747618684333,30.81938988424136,30,Kingsland,28812.5,45.01959991, , ,3672,1206,32.8,2000,890,44.5,5672,2096,37,{F706C002-A2BC-47FF-AD25-B416B715DC5C},
-85.044201695657492,34.010275416089883,31,Rockmart,3653.76000977,5.70900011, , ,992,271,27.3,630,260,41.3,1622,531,32.7,{0505663A-0D2E-477C-9BCA-8D71DF91C827},
-85.250086914761596,34.021563224803607,32,Cedartown,5582.02978516,8.72192001, , ,1312,396,30.2,1807,937,51.9,3119,1333,42.7,{0EE11036-F37E-46BC-950D-6505137957C5},
-85.057081949250133,34.045694458802309,33,Aragon,731.47399902,1.14293003, , ,277,107,38.6,184,112,60.9,461,219,47.5,{1E9566B7-B929-45C0-B905-41B51D4D70BE},
-83.611275845059367,33.626303117910538,34,Rutledge,2115.2199707,3.30503988, , ,252,99,39.3,59,35,59.3,311,134,43.1,{9B3557E4-8B60-41AB-92EF-71CCDBE58AE7},
-83.475834636871738,33.57908875704647,35,Madison,5621.20996094,8.78314018, , ,1014,378,37.3,393,90,22.9,1407,468,33.3,{7DC5543F-8C2E-4F8F-A758-088CBAF66F68},
-83.362311742670897,33.568458472341518,36,Buckhead,513.20898438,0.801889, , ,66,31,47,21,5,23.8,87,36,41.4,{4967A30B-19E8-41FF-AB46-90A5958938FD},
-83.514963823408692,33.737807252310098,37,Bostwick,2009.42004395,3.13970995, , ,157,25,15.9,12,9,75,169,34,20.1,{A55EF740-59E7-4196-82B8-7D8AD799FBDC},
-84.560624633719087,32.787680700104318,38,Woodland,505.98699951,0.79060501, , ,105,42,40,44,43,97.7,149,85,57,{2FFC4B5E-98ED-41FF-835A-3E876A0823F4},
-84.540597882672756,32.67727423634534,39,Talbotton,1999.56005859,3.12431002, , ,240,101,42.1,170,82,48.2,410,183,44.6,{F70EAA6E-B51B-4713-ADA1-C793367939C2},
-84.457354411116995,32.603171618165696,40,Junction City,1584.93005371,2.47645998, , ,48,22,45.8,11,3,27.3,59,25,42.4,{5DD1C20A-A381-407F-99E5-E2CB2F12E257},
-84.551618930841585,32.578961087544528,41,Geneva,503.5289917,0.78676498, , ,34,6,17.6,2,2,100,36,8,22.2,{5AEC6DCA-BC5C-4743-B8AF-8A14254404AA},
-84.633019519734859,32.856563103206277,42,Manchester,5150.77001953,8.04806995, , ,750,211,28.1,674,473,70.2,1424,684,48,{87178F57-B875-4326-8DA8-12DBC5B06757},
-84.308900636849515,32.238023966845518,43,Ellaville,2031.85998535,3.17478991, , ,457,151,33,321,177,55.1,778,328,42.2,{33B1A938-648D-4F84-A72E-83D8C5543606},
-83.954768637741594,34.876060180016673,44,Blairsville,711.4630127,1.11166, , ,79,9,11.4,168,93,55.4,247,102,41.3,{C23A2A55-2638-4DBC-997C-6A3FC5B40D83},
-83.456885379915988,31.948772381252436,45,Rochelle,1220.30004883,1.90673006, , ,324,46,14.2,89,53,59.6,413,99,24,{7F077F77-897A-46A4-A7C5-8A82878BE8FA},
-83.541760432341846,31.946189657576681,46,Pitts,512.6630249,0.801036, , ,95,19,20,51,22,43.1,146,41,28.1,{4506B006-4D45-499B-AF60-B5B1214F0A9A},
-83.503012139293929,32.1084913904551,47,Pineview,1250.7199707,1.95424998, , ,113,58,51.3,44,30,68.2,157,88,56.1,{59F1EC64-C80B-4AB2-95C0-5EDB7EB0F4CB},
-83.306784752237647,31.992521537870257,48,Abbeville,1979.06994629,3.09229994, , ,202,59,29.2,116,72,62.1,318,131,41.2,{B33AE76F-2F33-4F93-8542-B9B02C432CFD},
-82.357947817525755,31.21090364262232,49,Waycross,7645.64013672,11.94629955, , ,2812,774,27.5,2735,1434,52.4,5547,2208,39.8,{D14A8403-995D-43A5-A135-B5FDA601D1EE},
-83.281478850598504,33.966629882992827,50,Winterville,1693.66003418,2.64634991, , ,351,103,29.3,60,44,73.3,411,147,35.8,{07A4099D-E7FD-4769-9A1B-864AC2136CD5},
-83.533468441995979,33.947381185490876,51,Bogart,1522.33996582,2.37864995, , ,287,72,25.1,117,67,57.3,404,139,34.4,{389DE7E1-585C-4335-879C-1D36C83A2B5A},
-83.996615817512804,33.664558946519954,52,Conyers,7552.85009766,11.80130005,yes,yes,1735,481,27.7,3285,1924,58.6,5020,2405,47.9,{09F15A6F-AFAE-48ED-A27C-E9C80EEDC409},
-83.957954430172748,33.890201890712085,53,Grayson,1594.05004883,2.49071002,yes,yes,693,198,28.6,103,39,37.9,796,237,29.8,{91DB43BB-5D0C-4A1C-8E94-EE97D0B7B36D},
-83.53741548238628,33.002388034566387,54,Gray,2489.23999023,3.88943005, , ,620,163,26.3,396,221,55.8,1016,384,37.8,{CEDF198B-B538-4E71-BA7B-3BD2C09BCB90},
-85.149536953027905,33.708750574041105,55,Bremen,6763.83984375,10.56849957,yes, ,1309,270,20.6,946,489,51.7,2255,759,33.7,{D46C77C1-5DE6-4ECD-A829-0EC654A1FA95},
-84.766784007615655,34.82660415775154,56,Eton,771.23101807,1.20504999, , ,217,52,24,67,44,65.7,284,96,33.8,{0FF164B3-144A-4C35-9155-C0E0D8831B62},
-84.783395764576539,34.780713373819175,57,Chatsworth,3407.64990234,5.32446003, , ,778,189,24.3,829,485,58.5,1607,674,41.9,{58F9488E-14D0-4C62-9992-290B5FA4C0D0},
-82.3152714928151,32.382145788657994,58,Oak Park,4626.79003906,7.22937012, , ,184,39,21.2,36,15,41.7,220,54,24.5,{AD1EDF1D-B563-4541-8199-1F1912EC9DEC},
-82.346664065201821,32.4919654270048,59,Nunez,858.39697266,1.34124994, , ,24,11,45.8,9,1,11.1,33,12,36.4,{DB720D1A-E636-4925-967C-6E175094E135},
-82.09623167322934,32.649546023215727,60,Garfield,509.23300171,0.79567599, , ,55,23,41.8,29,26,89.7,84,49,58.3,{6B4050B8-BC97-4171-8503-71BBDE8AC29B},
-82.59202957019258,32.530597001562974,61,Adrian,908.57397461,1.41964996, , ,130,40,30.8,61,38,62.3,191,78,40.8,{14208168-741C-4D87-BCB9-451DE10B41B2},
-82.313800827010425,33.41544431731495,62,Harlem,2904.93994141,4.53896999, , ,723,154,21.3,372,231,62.1,1095,385,35.2,{DC9EFC66-0CD6-423A-8264-592BE9B654F9},
-82.206478711341262,33.449473541795562,63,Grovetown,3095.32006836,4.83644009, , ,2511,881,35.1,1339,589,44,3850,1470,38.2,{0515A564-00C6-45CA-9CEA-F8F0B1C98046},
-83.241225717631522,33.087538974197045,64,Milledgeville,13158.90039063,20.56080055, , ,2118,515,24.3,3209,2281,71.1,5327,2796,52.5,{C9F00BF2-3245-497D-8436-D283639FC466},
-85.289752828786519,34.974753474803975,65,Rossville,1157.32995605,1.80832005, , ,701,92,13.1,835,503,60.2,1536,595,38.7,{4AB1ADA4-E7E8-4CCB-B53E-19A7FC2C83FA},
-85.362199190103738,34.966418683353282,66,Lookout Mountain,1701.83996582,2.6591301, , ,499,103,20.6,88,23,26.1,587,126,21.5,{EC5FE6F7-73FD-43B6-81AD-43102B3F0D5E},
-85.281534059918798,34.708660576835079,67,LaFayette,5229.18017578,8.1705904, , ,1509,110,7.3,1386,709,51.2,2895,819,28.3,{BEAF028E-C40D-4E64-BDE7-0F725FEF2A9B},
-85.289012626203217,34.874407602839703,68,Chickamauga,1651.41003418,2.5803299, , ,749,180,24,435,69,15.9,1184,249,21,{00DF4991-8727-4EB5-B60F-F234B201D024},
-85.246035984125697,34.931844056290018,69,Fort Oglethorpe,8891.26953125,13.89260006, , ,2196,360,16.4,1675,813,48.5,3871,1173,30.3,{36D3D1A1-DB76-4BF2-A56B-D20E08E811A8},
-82.157518895736871,32.58293764316759,70,Twin City,2314.06005859,3.61572003, , ,344,107,31.1,193,100,51.8,537,207,38.5,{9518FFEC-E02E-4529-A711-9455B5FCCED3},
-82.334487487435808,32.586606118926412,71,Swainsboro,8288.45019531,12.95069981, , ,1205,339,28.1,1105,789,71.4,2310,1128,48.8,{BF6D0CEA-1C98-4126-88F5-15C6F0CEB7DF},
-82.276372834278533,32.745799922683538,72,Summertown,506.34899902,0.79117, , ,54,9,16.7,8,8,100,62,17,27.4,{1D5B000E-9607-4853-B2B8-061F98998FC8},
-82.214473545375114,32.441035494888034,73,Stillmore,2049.13989258,3.20178008, , ,166,26,15.7,39,26,66.7,205,52,25.4,{30DCEAD5-0133-44C5-8724-FF4198522F9B},
-84.483923966221724,34.691330497044504,74,Ellijay,2267.75,3.54335999, , ,251,77,30.7,319,158,49.5,570,235,41.2,{B4E59661-5419-4D88-9BAF-4C63995592F7},
-84.47610583230427,34.67592347901715,75,East Ellijay,2177.2199707,3.40191007, , ,113,38,33.6,160,97,60.6,273,135,49.5,{A9C4A232-AA1A-477A-949C-53C1D136A0AB},
-83.249786092788838,31.598645994149308,76,Ocilla,1633.93994141,2.55303001, , ,654,135,20.6,347,256,73.8,1001,391,39.1,{2DCBA07B-CAE4-4D40-97FE-3D93F68B0EB6},
-83.251695404596816,31.71386939057345,77,Fitzgerald,5763.47998047,9.00543022, , ,1496,389,26,1201,690,57.5,2697,1079,40,{D4A42FA0-097A-465C-B8A1-E0243AF8E4DA},
-82.665271648342781,33.406733872666322,78,Warrenton,1231.57995605,1.92435002, , ,373,99,26.5,275,168,61.1,648,267,41.2,{3480AE2C-00FC-49E5-B728-5CADF4C98788},
-82.705488203982597,33.462486518761899,79,Norwood,527.9130249,0.82486302, , ,96,27,28.1,14,2,14.3,110,29,26.4,{F6707085-01CE-434E-8C76-B4AE6855DC6A},
-82.646272929126894,33.452639622442945,80,Camak,508.38400269,0.79435003, , ,30,2,6.7,15,3,20,45,5,11.1,{9A93E3A7-3C70-4894-A28C-231B968C7A22},
-82.871126877313074,34.106317794531584,81,Elberton,3060.77001953,4.7824502, , ,1042,314,30.1,739,394,53.3,1781,708,39.8,{AA6474EC-DBBA-4613-835B-50A347396E94},
-83.030876386624442,34.205138307498864,82,Bowman,2009.70996094,3.1401701, , ,213,67,31.5,110,69,62.7,323,136,42.1,{79DD8A62-14EA-4FE2-B015-6649ECF8DBBB},
-81.981443079721174,31.206537394802584,83,Nahunta,1814.88000488,2.8357501, , ,225,71,31.6,161,66,41,386,137,35.5,{2BD3A8CA-07A6-48ED-B327-03D90DEE8D2B},
-82.131279562871057,31.181253683625133,84,Hoboken,2206.23999023,3.44724989, , ,235,43,18.3,24,10,41.7,259,53,20.5,{586B752A-68C5-4776-BBF7-7AA68E92F13B},
-81.125560987373746,31.963823625571976,85,Vernonburg,262.2130127,0.40970701, , ,34,11,32.4,7,0,0,41,11,26.8,{8F339F8C-22E7-4B90-A598-7589F87A172C},
-80.852778971307117,32.010018949734139,86,Tybee Island,2053.33007813,3.20833993, , ,887,232,26.2,342,206,60.2,1229,438,35.6,{B404DC25-9DEE-4B91-9CAB-231F181701EA},
-81.049586116291195,32.033174380329946,87,Thunderbolt,899.36102295,1.40524995, , ,518,110,21.2,421,217,51.5,939,327,34.8,{E0932613-FCB6-449C-A2D2-A2B927FD3F17},
-81.178255534221705,32.028224458930346,88,Savannah,69709.703125,108.92099762, , ,23250,7639,32.9,26081,15596,59.8,49331,23235,47.1,{130695CF-38FE-4A37-B2CA-359ECA88E73D},
-81.198328655242406,32.194365742802972,89,Port Wentworth,10640.09960938,16.62520027, , ,1452,347,23.9,907,446,49.2,2359,793,33.6,{CD16E34C-612B-4856-9584-B06975784DFA},
-81.253897095028421,32.102409919306545,90,Pooler,19459.30078125,30.40509987, , ,5154,1483,28.8,2350,850,36.2,7504,2333,31.1,{0D3DAD76-2B0D-40D6-9FBE-A924A9A64CBB},
-81.177157968028965,32.086671167898487,91,Garden City,9184.11035156,14.3501997, , ,1309,250,19.1,2042,1233,60.4,3351,1483,44.3,{453858E1-EE43-4FB6-B25D-9C43FB92D2FC},
-81.307663150559549,32.12489244690741,92,Bloomingdale,8984.69042969,14.03859997, , ,653,147,22.5,320,142,44.4,973,289,29.7,{92BE34C5-893A-4BDE-B2C0-F2AE3E61223D},
-83.695802497193469,33.516367769159054,93,Newborn,1033.2800293,1.61451006,yes, ,166,41,24.7,66,32,48.5,232,73,31.5,{BF1A804A-9289-4527-A350-E76F681D93BD},
-83.63838358992588,34.307756096357537,94,Gillsville,914.12799072,1.42832994,yes, ,61,8,13.1,6,2,33.3,67,10,14.9,{545B3B33-55AF-4A24-8AA7-25A826A344A2},
-84.562808664293755,33.594006148436002,95,Union City,12493,19.52029991,yes,yes,3142,1352,43,4605,2894,62.8,7747,4246,54.8,{2A17F828-A91D-4AFC-B1C8-F6051BA74FC3},
-83.712728704233101,33.648894824575045,96,Social Circle,9967.28027344,15.57390022,yes, ,969,224,23.1,464,269,58,1433,493,34.4,{E6970784-7FD0-4E10-AFAA-108722F5194D},
-83.89429144103498,33.574105752991564,97,Porterdale,1506.30004883,2.35360003,yes, ,242,83,34.3,345,199,57.7,587,282,48,{17A19128-15BA-42C5-8868-58586FA07CD4},
-83.847468925782053,33.603878618746634,98,Covington,9906.98046875,15.47970009,yes, ,2088,552,26.4,2707,1763,65.1,4795,2315,48.3,{52233BB7-CF65-40D7-BC7E-A9F04CA6CFE0},
-83.872093950453106,33.62766358476398,99,Oxford,1399.19995117,2.18624997,yes, ,402,75,18.7,241,114,47.3,643,189,29.4,{637917BF-FAB3-4BB2-A9DF-0E4FE2958B0D},
-84.617918674447708,34.026419056064995,100,Kennesaw,6117.60986328,9.55875969,yes,yes,7546,2102,27.9,4339,2249,51.8,11885,4351,36.6,{D38FAB2A-025A-41C6-83ED-EE773AC8B7F9},
-83.881360342278498,32.552256055579115,101,Fort Valley,4802.75976563,7.50432014, , ,1209,337,27.9,1735,1060,61.1,2944,1397,47.5,{77D7F77B-F5DF-499C-BFEB-70A0F57B5927},
-83.653035106582635,32.598513789283729,102,Warner Robins,22624.40039063,35.3506012, , ,14708,3166,21.5,10839,5430,50.1,25547,8596,33.6,{314C45D0-98E8-4DE6-8C57-D74B1F891FD1},
-83.992357022596877,34.118269267392279,103,Buford,10750.70019531,16.79800034,yes,yes,2354,701,29.8,1529,688,45,3883,1389,35.8,{C0FE7828-1367-4335-AC62-2E79AE01EAD2},
-84.591190658373947,33.549817738609327,104,Fairburn,10900,17.03120041,yes,yes,2791,1115,39.9,1756,1035,58.9,4547,2150,47.3,{963D744E-0A0F-493A-9A33-20F1173D327B},
-83.728315279879411,32.47115358352076,105,Perry,16831.69921875,26.29949951, , ,2707,603,22.3,1951,998,51.2,4658,1601,34.4,{4A935037-FAEB-4E7D-AD81-B0D0CA3B1CAF},
-83.753886908511703,32.647663080999557,106,Byron,5537.50976563,8.65235996, , ,1197,222,18.5,608,281,46.2,1805,503,27.9,{5D8BC9E5-850A-40DD-A907-54E6E10C7BE7},
-81.93045413500856,32.153590449696289,107,Hagan,1379.86999512,2.15604997, , ,216,71,32.9,116,55,47.4,332,126,38,{800B7B0D-92BB-4838-A008-13CDDB744220},
-81.835592961870034,32.151149802265479,108,Daisy,593.68902588,0.92763901, , ,36,4,11.1,18,13,72.2,54,17,31.5,{FD24C7F1-9A56-4A26-ADA0-BED90B1D1B04},
-81.909360384194969,32.161346305911557,109,Claxton,1123.06994629,1.75479996, , ,343,100,29.2,409,213,52.1,752,313,41.6,{340A4177-8B36-4C83-A26F-E4CCDDF4FBF4},
-81.974357214127508,32.152563899449291,110,Bellville,647.90002441,1.01233995, , ,64,16,25,17,0,0,81,16,19.8,{C766E70D-35C8-4CD9-812F-8944E70752FF},
-82.014594215918066,33.091118108378325,111,Waynesboro,3503.2800293,5.4738698, , ,918,175,19.1,987,525,53.2,1905,700,36.7,{C295CC33-45DD-4204-8D8B-B687C48980A0},
-82.247441425225574,33.037592339327702,112,Vidette,623.63897705,0.97443599, , ,35,8,22.9,0,0,,35,8,22.9,{40E4FCB7-3045-42BA-8448-6EF168ED1637},
-81.762127186534386,32.975587677956774,113,Sardis,1000.64001465,1.56350005, , ,236,52,22,95,48,50.5,331,100,30.2,{84111843-2221-4902-873C-DC2BBF18E75D},
-82.234609047061682,32.821756865793134,114,Midville,1278.72998047,1.99802005, , ,73,26,35.6,19,13,68.4,92,39,42.4,{5AB14B4E-53F6-471A-B2BD-BCCB7ABF55FB},
-82.228946156355477,33.237439468747873,115,Keysville,689.13800049,1.07677996, , ,71,9,12.7,13,9,69.2,84,18,21.4,{53FA56C2-7144-4143-81A0-3017F3A23ACA},
-82.403340633454278,32.213365122020335,116,Vidalia,11290,17.6406002, , ,2068,379,18.3,1769,998,56.4,3837,1377,35.9,{57D9E7F7-7ED3-4767-BF08-EF6106D26C46},
-82.32973262805676,32.171267229557742,117,Santa Claus,118.60299683,0.18531699, , ,66,18,27.3,25,11,44,91,29,31.9,{5F75DBF7-C737-4121-81FD-9DF1793244F4},
-82.321484843021011,32.205265647399585,118,Lyons,5373.89013672,8.3967104, , ,695,214,30.8,824,478,58,1519,692,45.6,{B65D1548-5ABE-4695-A5DF-64201D5A9C21},
-83.937953525309595,33.034741581115348,119,Forsyth,3772.26000977,5.89415979, , ,647,231,35.7,643,418,65,1290,649,50.3,{0574B4B0-DFC9-4D97-A117-CABADF477754},
-84.09397346096101,32.863195841485776,120,Culloden,508.3460083,0.79429102, , ,60,15,25,21,15,71.4,81,30,37,{8C683FD6-69A7-4B4B-9074-C91455A7B3BE},
-82.741963171387042,31.038584958368478,121,Homerville,2244.97998047,3.50779009, , ,456,152,33.3,357,164,45.9,813,316,38.9,{0B635887-5A92-4FAD-9C76-FA6A57EF9138},
-82.572059374556972,30.688080067283366,122,Fargo,1765.01000977,2.7578299, , ,101,33,32.7,19,9,47.4,120,42,35,{9B172C24-AA24-40D7-A6D5-66EE2995D595},
-82.648878952020098,31.073219627348145,123,Argyle,1100.81994629,1.72002995, , ,34,7,20.6,16,13,81.3,50,20,40,{98BB0353-D6D9-48DB-B274-D58A1B2C436D},
-81.712179355767532,33.039956847216352,124,Girard,2050.07006836,3.20323992, , ,41,13,31.7,13,9,69.2,54,22,40.7,{343E555A-FAC4-4772-99B4-EA4D222F8169},
-82.202659241743433,33.301141015763186,125,Blythe,1811.68005371,2.83074999, , ,219,70,32,14,9,64.3,233,79,33.9,{7C86EB40-4018-4D29-A91A-FBBD639C8DC2},
-81.621748580766067,31.771642082963552,126,Walthourville,2471.05004883,3.86102009, , ,843,383,45.4,655,409,62.4,1498,792,52.9,{8981F71D-9C02-4689-8202-A260F3C2F638},
-81.443784465609554,31.726436697167767,127,Riceboro,7284.56982422,11.38210011, , ,279,84,30.1,31,17,54.8,310,101,32.6,{9010E951-DB0C-4792-98DB-422603BB40D4},
-81.419132048241124,31.800413227515584,128,Midway,4136.24023438,6.46288013, , ,473,128,27.1,176,75,42.6,649,203,31.3,{C1A12F3F-636C-42E1-8354-CA58B740A521},
-81.621543345484753,31.826913467702919,129,Hinesville,13531.40039063,21.14290047, , ,5879,1762,30,6342,2953,46.6,12221,4715,38.6,{83504F66-C758-4378-B1F5-56B1C4BFB735},
-81.560452138446223,31.850564777313423,130,Flemington,3043.37988281,4.75528002, , ,217,46,21.2,76,31,40.8,293,77,26.3,{40FF4EEA-536F-4082-95FD-EA81B7B765B1},
-81.607719173160817,31.784049580810269,131,Allenhurst,709.18701172,1.10810006, , ,108,21,19.4,105,63,60,213,84,39.4,{44C63A0A-9B63-46C0-BE45-8F078441E800},
-83.292929885997893,34.172925455784728,132,Ila,493.30999756,0.77079701, , ,64,16,25,54,30,55.6,118,46,39,{33A2FEDC-6002-4D43-915C-954B58B532BD},
-83.293951044134715,34.015410785259,133,Hull,204.90899658,0.320171, , ,34,10,29.4,39,13,33.3,73,23,31.5,{670BCF78-EDCC-4840-A8E6-FAEE37C9973D},
-83.220142178231825,34.123290395795117,134,Danielsville,955.43200684,1.49285996, , ,147,40,27.2,147,67,45.6,294,107,36.4,{8E4141A1-3F91-4810-9A16-DE22ADC04711},
-83.126345209105196,34.062505248887611,135,Comer,2088.7800293,3.26372004, , ,302,53,17.5,118,61,51.7,420,114,27.1,{CE162CE8-98AD-41A8-B843-C02BA34715F2},
-83.213852923969498,34.037049941807751,136,Colbert,654.65997314,1.02291, , ,188,48,25.5,101,33,32.7,289,81,28,{14FFFB10-1AA5-43DF-AAF3-8D14D716AD15},
-83.038521414984245,34.042660753204856,137,Carlton,645.96002197,1.00931001, , ,107,24,22.4,4,2,50,111,26,23.4,{CF4ACF6F-D7B0-44E8-8573-83DAA1294215},
-83.407309454537014,33.86121799438439,138,Watkinsville,2114.80004883,3.30437994, , ,744,204,27.4,228,91,39.9,972,295,30.3,{83BCDB8E-1910-4F0E-AA95-64773343A024},
-83.501545826008623,33.827348217760672,139,North High Shoals,1595.23999023,2.49255991, , ,186,52,28,8,5,62.5,194,57,29.4,{763B3077-7B06-4BA1-AD57-923078CD4862},
-83.437176296089063,33.817148123837413,140,Bishop,505.40200806,0.78969002, , ,54,14,25.9,24,4,16.7,78,18,23.1,{419E0CC2-0502-4473-BF3C-B023C19642F2},
-82.021194590528367,30.86027759194199,141,Homeland,1579.51000977,2.46797991, , ,216,54,25,66,9,13.6,282,63,22.3,{462CF709-CFA8-428A-8ED6-8B01894FEB33},
-82.007250843294685,30.839254892721545,142,Folkston,2684.97998047,4.19528008, , ,926,243,26.2,287,201,70,1213,444,36.6,{620B4DD2-2761-4FD1-9794-8D0045F71789},
-83.440530540702483,31.169337460060131,143,Sparks,2648.95996094,4.13898993, , ,426,107,25.1,262,202,77.1,688,309,44.9,{06DD0330-1DC4-4F8D-8BE6-71E22E65E26C},
-83.467197057584897,31.267261924610054,144,Lenox,1039.22998047,1.62380004, , ,198,83,41.9,75,36,48,273,119,43.6,{3E72D98C-D53D-4EB0-BEEE-5F3A0D1505B7},
-83.390708196269429,31.046578522553055,145,Cecil,622.86700439,0.97322899, , ,65,32,49.2,51,25,49,116,57,49.1,{50DF5137-6E20-4256-9D00-AD682E41ACF6},
-83.425030299531798,31.131651734273799,146,Adel,5272.99023438,8.23904037, , ,1125,370,32.9,638,352,55.2,1763,722,41,{126F852C-3C0E-4529-B1F5-3C8C2210C643},
-83.196856722726423,31.075660811639722,147,Ray City,570.49102783,0.89139199, , ,294,88,29.9,180,111,61.7,474,199,42,{BB1F380F-60A9-43F2-BEB7-0A4770341007},
-83.24857448472838,31.205147233283618,148,Nashville,3010.81005859,4.70439005, , ,1092,353,32.3,666,444,66.7,1758,797,45.3,{4415CE11-7E31-4D9E-BDCF-9154803EE32E},
-83.329024152991053,31.407612620467621,149,Enigma,2101.30004883,3.28326988, , ,183,21,11.5,143,66,46.2,326,87,26.7,{8CAC5128-72BD-4AC5-A8A4-27207966B1D5},
-83.223707115691639,31.383140222501396,150,Alapaha,657.05102539,1.02664006, , ,139,19,13.7,41,6,14.6,180,25,13.9,{99442F3D-306F-4050-B200-28C79503A04D},
-82.137122308158496,31.385285766687069,151,Patterson,1696.07995605,2.65013003, , ,181,52,28.7,105,78,74.3,286,130,45.5,{0C8AE638-FB4A-4C72-B355-B71AFEBA65CF},
-82.11319617826652,31.40883230659189,152,Offerman,2098.77001953,3.27933002, , ,136,14,10.3,18,10,55.6,154,24,15.6,{F8ED459F-3051-4064-8134-C58C476270FD},
-82.243011321746337,31.298911825827791,153,Blackshear,2876.04003906,4.49382019, , ,834,210,25.2,408,225,55.1,1242,435,35,{97B95050-708F-48A0-A0BC-49DBC5405D89},
-84.982264762118376,31.090060891355961,154,Jakin,793.72601318,1.24020004, , ,23,2,8.7,38,9,23.7,61,11,18,{FBBC6763-26A0-494B-82D1-E0849EC2D12E},
-84.71698907218412,31.298862585285853,155,Damascus,1132.14001465,1.76897001, , ,49,18,36.7,26,11,42.3,75,29,38.7,{9F513466-591F-4061-BEA1-0340DE5C66DA},
-84.094517585735446,32.560789526606904,156,Reynolds,1281.04003906,2.00162005, , ,317,101,31.9,130,68,52.3,447,169,37.8,{FE8B5980-3DB8-46DE-A423-DF3A34B0C288},
-84.237718958843942,32.557035365373267,157,Butler,2089.52001953,3.26487994, , ,449,96,21.4,293,106,36.2,742,202,27.2,{1392EAEC-513F-4064-ADB4-628EA5B3C450},
-84.124158240808299,34.436920629676159,158,Dawsonville,5251.16015625,8.20493031, , ,551,200,36.3,340,189,55.6,891,389,43.7,{5E7536CB-46A3-40E9-A668-DCA7824C2279},
-82.719718273767796,32.726512628549038,159,Wrightsville,2307.27001953,3.60510993, , ,595,135,22.7,334,238,71.3,929,373,40.2,{183E2B5A-2837-48B3-9D4E-353C3C34D778},
-82.51352305415287,32.692186695680505,160,Kite,519.13299561,0.81114501, , ,53,14,26.4,35,7,20,88,21,23.9,{4D03C1CE-FF6C-4C94-BF52-E1EBF68E1EF8},
-84.922748347289883,31.382666107792989,161,Blakely,11303.59960938,17.66189957, , ,1013,210,20.7,714,368,51.5,1727,578,33.5,{05F19493-DE6B-43CB-9DD2-14B38AE13431},
-84.725398648571229,31.437807120762063,162,Arlington,2645.47998047,4.13356018, , ,350,169,48.3,100,82,82,450,251,55.8,{E40FAFDE-F9F0-4E0C-B554-9284517ACC83},
-83.786454578134368,32.092503695560772,163,Vienna,3513.45996094,5.48978996, , ,731,186,25.4,628,420,66.9,1359,606,44.6,{B5DAEFCA-5A38-46AD-853A-FC460E97719F},
-83.735620910335584,32.258273085514915,164,Unadilla,3891.67993164,6.08076, , ,442,94,21.3,213,74,34.7,655,168,25.6,{9969B458-C457-42E5-AE64-D59C6F4D9735},
-83.759659084318443,32.195573579552352,165,Pinehurst,652.81097412,1.02002001, , ,141,23,16.3,30,11,36.7,171,34,19.9,{B3016D8C-0EE9-4943-8086-97F0B750302C},
-83.877467631544448,32.146540845210183,166,Lilly,385.16799927,0.601825, , ,52,10,19.2,38,16,42.1,90,26,28.9,{5BD27717-36FA-4D2F-9E25-EAC6FECCD467},
-83.928928427409673,32.22998236591301,167,Dooling,296.08099365,0.46262601, , ,86,22,25.6,12,11,91.7,98,33,33.7,{4ED13F45-2A53-4F61-AAC3-2FE19BA63B16},
-83.907242733746074,32.201638722050149,168,Byromville,231.59700012,0.36186999, , ,160,28,17.5,21,7,33.3,181,35,19.3,{E2F036EE-9B49-40D0-B38A-C0C9695E1EF1},
-82.742581616551661,33.735541383769856,169,Washington,4963.49023438,7.75544977, , ,1147,484,42.2,580,435,75,1727,919,53.2,{3DE174AC-A00A-4633-9BA9-574D0A16AA80},
-84.255178940936844,31.901107042870063,170,Smithville,1627.76000977,2.54338002, , ,153,55,35.9,48,26,54.2,201,81,40.3,{788DEF7A-47AB-4D99-9766-B8E01C52AE3D},
-84.16873151237742,31.732485899136158,171,Leesburg,3192.2199707,4.98784018, , ,543,108,19.9,348,155,44.5,891,263,29.5,{4B0DC419-440C-415D-8A18-2895F91643F5},
-82.741985521397751,33.867370335925983,172,Tignall,1787.18994141,2.79249001, , ,126,27,21.4,74,38,51.4,200,65,32.5,{BD7CE9F3-5E32-4A21-A7D6-495724188547},
-82.903145834136581,33.79024859515004,173,Rayle,668.21099854,1.04408002, , ,20,2,10,30,5,16.7,50,7,14,{50CF9B3D-7A49-4DDC-90D4-9589961C39E4},
-84.192587173540943,33.117815815038583,174,Milner,1282.84997559,2.0044601, , ,185,68,36.8,171,63,36.8,356,131,36.8,{0605AC65-03E2-4EAA-B65B-C9DD2AE55D07},
-84.152611211434362,33.05105954956106,175,Barnesville,3904.5,6.10077, , ,1021,189,18.5,979,409,41.8,2000,598,29.9,{F40861EE-5A2A-48E5-B532-8457E0BFBF32},
-84.175988674016921,33.050914992717509,176,Aldora,165.79100037,0.25904801, , ,0,0,,42,25,59.5,42,25,59.5,{0C06DC04-5997-46F5-B4BF-9C04206BA0EC},
-85.189220572916227,33.702590788146097,177,Waco,1177.44995117,1.83976996, , ,150,30,20,70,42,60,220,72,32.7,{4FF6EF02-860D-4302-A3DF-A0720ADFD283},
-85.285836343287826,33.733465012965418,178,Tallapoosa,6434.77978516,10.05430031, , ,756,232,30.7,417,171,41,1173,403,34.4,{2DB32AAD-062D-4722-AA80-A4EF826A8DCF},
-84.957425184973047,33.980590125957008,179,Braswell,2549.60009766,3.9837501,yes, ,70,23,32.9,28,2,7.1,98,25,25.5,{0A93D548-0593-4DB9-AB7D-DCC9052DCE28},
-83.77200936904886,34.478401013118884,180,Clermont,1855.34997559,2.8989799,yes, ,252,59,23.4,67,33,49.3,319,92,28.8,{ED822245-1552-4B24-AE27-48F7C0DCD3A6},
-84.285225195751494,33.383344464013682,181,Hampton,3516.64990234,5.49476004,yes,yes,1198,375,31.3,623,505,81.1,1821,880,48.3,{C088E375-39BE-4315-B1F3-E2B12FFFCBEF},
-85.181398814958669,33.640789202680892,182,Mount Zion,5875.99023438,9.18124008,yes, ,393,120,30.5,148,55,37.2,541,175,32.3,{07D03B53-CD4E-4C32-A2A7-B59CD5027227},
-84.462872879561473,33.44784150090986,183,Fayetteville,7014.47021484,10.96010017,yes,yes,4374,1009,23.1,1567,814,51.9,5941,1823,30.7,{ED094690-E888-47F9-92EF-EEAE38FCFF77},
-84.411419799677887,33.362747275485248,184,Woolsey,537.23199463,0.83942503,yes,yes,63,20,31.7,0,0,,63,20,31.7,{91823823-7650-49DD-BCA0-2D82232ADD1C},
-83.735353318185062,33.517825077122879,185,Mansfield,671.8460083,1.04975998,yes, ,82,27,32.9,41,20,48.8,123,47,38.2,{ACBC01D3-A195-4233-87A3-102CBA4ED280},
-85.180279374858941,33.803106667950892,186,Buchanan,1082.38000488,1.69121003, , ,156,32,20.5,179,104,58.1,335,136,40.6,{721AC23F-7B42-46CB-87C2-77BEE677598E},
-82.703137081920829,33.219887893722621,187,Mitchell,949.56799316,1.48370004, , ,53,11,20.8,11,4,36.4,64,15,23.4,{D8C3868D-66AA-4EDA-9C84-DD5116697807},
-82.595864064829186,33.23334181456881,188,Gibson,665.35498047,1.03962004, , ,143,39,27.3,91,35,38.5,234,74,31.6,{18099D32-9B79-48B7-A4CB-4E489425E092},
-82.638686513400287,31.519156978760947,189,Nicholls,1185.88000488,1.85293996, , ,166,19,11.4,122,64,52.5,288,83,28.8,{272BEAC5-39D9-4B5B-A328-7F9A758FFFFB},
-82.854321423723633,31.507330203451076,190,Douglas,8935.88964844,13.9623003, , ,1940,459,23.7,2007,939,46.8,3947,1398,35.4,{D27C82EA-6EFD-4DB2-9CCB-E1163AEB55FA},
-82.887714670713549,31.624799544126741,191,Broxton,2149.81005859,3.35908008, , ,267,88,33,96,50,52.1,363,138,38,{D711DA6E-C919-465D-B1DE-B3D41C06BB82},
-83.013718908425304,31.594447996491969,192,Ambrose,2006.40002441,3.13499999, , ,88,6,6.8,44,30,68.2,132,36,27.3,{979E9E85-B6BE-4B48-9D7D-CB1D5967DF52},
-83.343327100485979,32.686303571156586,193,Jeffersonville,2347.19995117,3.66750002, , ,226,38,16.8,102,66,64.7,328,104,31.7,{63C89877-1208-4321-9B89-8B3016ABAAA5},
-83.246061236578768,32.606019521072078,194,Danville,504.94299316,0.78897399, , ,43,5,11.6,29,10,34.5,72,15,20.8,{2E7794F5-5980-4866-A72F-8E6CEBA7B669},
-82.099470477394306,33.290730720146001,195,Hephzibah,12410.79980469,19.39189911, , ,946,317,33.5,258,143,55.4,1204,460,38.2,{BEBDAA83-4C90-41D2-B528-367C2463A284},
-85.310768069088425,34.547950852173884,196,Trion,2462,3.84687996, , ,387,96,24.8,310,114,36.8,697,210,30.1,{30D6B04E-B992-4402-A349-3F28F063F475},
-85.349076013501971,34.478757427070846,197,Summerville,2568.88989258,4.01388979, , ,952,261,27.4,793,365,46,1745,626,35.9,{92F8F5D7-6CF8-4BE3-BB50-4261C226572E},
-85.477615831921966,34.48349752598142,198,Menlo,501.21899414,0.78315401, , ,121,37,30.6,82,52,63.4,203,89,43.8,{1241CB1F-9D49-4B30-8DF2-9398D9FEEB3D},
-85.404096720908186,34.403438604131772,199,Lyerly,480.91799927,0.75143403, , ,127,12,9.4,42,10,23.8,169,22,13,{86DCF182-4370-48CF-AB3A-B064EACCE1C3},
-83.720230302376265,34.704404264635343,200,Helen,1391.58996582,2.17436004, , ,65,8,12.3,82,70,85.4,147,78,53.1,{00151607-3779-45C2-BBC4-0AB226D5B6F2},
-83.761670786339579,34.597494588204874,201,Cleveland,2469.31005859,3.85828996, , ,683,156,22.8,650,340,52.3,1333,496,37.2,{8E8A951B-CD2D-43DF-A820-1F47D73D888A},
-84.731878980630029,31.17413725034416,202,Colquitt,5293.18994141,8.27060032, , ,406,116,28.6,251,150,59.8,657,266,40.5,{BF2CB39B-8F7E-4342-81E0-473481D1BFFC},
-84.582123496323248,32.984757494191427,203,Woodbury,1319.34997559,2.06148005, , ,181,90,49.7,144,98,68.1,325,188,57.8,{5F5EE4A1-520F-4DAD-96B3-F27EC735EC87},
-84.67661195912379,32.885224344138905,204,Warm Springs,884.76300049,1.38243997, , ,100,22,22,132,74,56.1,232,96,41.4,{2FBFEACB-D7AC-44AB-936E-9E3E0AF1184F},
-84.744269591486912,33.209589543180563,205,Luthersville,2039.0300293,3.18598008, , ,182,59,32.4,162,87,53.7,344,146,42.4,{02AED052-8A0D-4A50-B9BF-0F081CADD863},
-84.817335383689283,33.172358541984039,206,Lone Oak,399.84899902,0.62476301, , ,14,3,21.4,27,18,66.7,41,21,51.2,{0EF1D7C9-7CDF-443A-B418-654797E4F03B},
-84.716227964607342,33.03224109574451,207,Greenville,1508.89001465,2.35765004, , ,154,45,29.2,162,93,57.4,316,138,43.7,{37E78915-FF6D-40B3-BF31-93AF414F2C91},
-84.575475752433945,33.093664269269034,208,Gay,552.29998779,0.86296803, , ,25,15,60,11,9,81.8,36,24,66.7,{1C1FC8CC-3DB3-496E-95BB-E5B25301EC68},
-84.853070959412364,32.852385396001672,209,Pine Mountain,1912.95996094,2.98900008, , ,315,122,38.7,219,129,58.9,534,251,47,{AAD96F89-2FE6-4A4B-89D9-7A3E4E9B19AF},
-84.021381370923777,31.262563418791164,210,Sale City,1174.54003906,1.83521998, , ,86,29,33.7,40,17,42.5,126,46,36.5,{2A0C1565-185E-44B6-96ED-EF70D06FFDDE},
-84.151462731227411,31.126644628430473,211,Pelham,2609.07006836,4.07667017, , ,755,229,30.3,780,566,72.6,1535,795,51.8,{2B28C102-506A-4E4D-85C2-A675A6B56FF8},
-84.092203278409642,31.071383471107715,212,Meigs,1023.90997314,1.59985995, , ,166,93,56,130,102,78.5,296,195,65.9,{F56794CB-2CF0-4F53-87BD-457F68D7516E},
-84.207139983367426,31.235880495545338,213,Camilla,3979.4699707,6.21792984, , ,1047,387,37,735,428,58.2,1782,815,45.7,{01EF08E9-E51C-4098-BD20-DE6CA908793F},
-84.159188651043721,31.380385279386434,214,Baconton,1248.83996582,1.95131004, , ,120,37,30.8,101,52,51.5,221,89,40.3,{D8CE7EBA-29E4-4474-97DC-A5137F2C2064},
-83.106351567728936,33.671442663025495,215,Woodville,3136.85009766,4.90131998, , ,120,25,20.8,10,8,80,130,33,25.4,{7E594892-FE7C-4027-9D71-5D1745AF7B66},
-83.036516914322647,33.481550018917304,216,White Plains,3019.45996094,4.71790981, , ,64,5,7.8,11,2,18.2,75,7,9.3,{E80D6A56-F278-4FC3-9D2F-6B17D4B998A6},
-83.075741585814285,33.617897418204748,217,Union Point,1224.75,1.91366994, , ,373,124,33.2,178,121,68,551,245,44.5,{07720256-2994-4B26-8453-EEC9A7ACA9DF},
-83.081228528597549,33.536595062538126,218,Siloam,794.37200928,1.24120998, , ,80,14,17.5,33,11,33.3,113,25,22.1,{04565C64-5DA5-43F1-9866-E5DDCD6243D8},
-83.187750709028293,33.567802225499229,219,Greensboro,4348.99023438,6.79530001, , ,476,188,39.5,692,458,66.2,1168,646,55.3,{72B51CFA-9B96-44AF-BD7D-A363427FDB69},
-84.616309311728699,31.757061077536036,220,Shellman,2065.5300293,3.22738004, , ,317,144,45.4,94,68,72.3,411,212,51.6,{0F3F609B-BFFE-487A-A32E-554FDEF7156B},
-84.794037310209177,31.771348277055974,221,Cuthbert,1957.72998047,3.05894995, , ,726,257,35.4,525,307,58.5,1251,564,45.1,{116DF415-8904-4D96-96C1-9AAC0883F438},
-84.394532110349985,32.03307612975572,222,Plains,521.02001953,0.81409401, , ,109,53,48.6,76,57,75,185,110,59.5,{CCB3860F-82D2-4F69-925D-E164B6FD3A22},
-84.086413144390704,31.954515253575849,223,Leslie,1134.75,1.77304006, , ,106,20,18.9,42,27,64.3,148,47,31.8,{9A963480-F06F-4980-BA4B-701D12401320},
-84.063643193022074,31.954795972564266,224,De Soto,521.84301758,0.81537902, , ,51,5,9.8,18,5,27.8,69,10,14.5,{935C9B2A-3054-4D60-BC6A-90170D46BE0B},
-84.145479407311512,32.19654505015076,225,Andersonville,889.97900391,1.39058995, , ,44,5,11.4,27,17,63,71,22,31,{A4E95635-8E66-48AD-B1F7-D00353DBD579},
-84.224757600806981,32.073540334216432,226,Americus,7332.97021484,11.45779991, , ,2872,762,26.5,3033,1545,50.9,5905,2307,39.1,{EDF46EFD-5F83-4A92-8326-D94501679FC1},
-83.481863094725512,32.295808147708861,227,Hawkinsville,3264.7199707,5.10113001, , ,875,174,19.9,821,405,49.3,1696,579,34.1,{BE30B3CB-072B-461D-A9F4-3D35F67AD356},
-83.109635812196075,34.285957276122033,228,Royston,2177.08007813,3.40169001, , ,400,121,30.3,636,304,47.8,1036,425,41,{E3C62BDE-E904-46C2-8355-67E8733EBBC5},
-83.198258648089549,34.485583717478328,229,Martin,1620.54003906,2.53209996, , ,92,27,29.3,34,19,55.9,126,46,36.5,{6E4829FA-C380-4D1A-B9F3-89BF9E091CEC},
-83.108135125053806,34.4344131508769,230,Lavonia,2937.54003906,4.58990002, , ,326,91,27.9,406,208,51.2,732,299,40.8,{8CE59859-AFA4-43AA-8764-71E6D032CEC7},
-83.145903126700617,34.284030448210217,231,Franklin Springs,1405.81994629,2.19658995, , ,120,24,20,86,46,53.5,206,70,34,{12AEFB57-3BD4-4EBA-9D24-0C759D8E6A44},
-83.232873708427036,34.371589403734447,232,Carnesville,1692.18994141,2.64404011, , ,107,34,31.8,89,26,29.2,196,60,30.6,{B9D774CD-D5D5-45D5-953C-79781D863E31},
-83.110740883065915,34.345537156950655,233,Canon,2001.64001465,3.1275599, , ,185,45,24.3,80,39,48.8,265,84,31.7,{53AE4527-92CE-49F6-BD42-78AAB48F18F4},
-83.560321541865619,30.784867776342661,234,Quitman,2654.35009766,4.14742994, , ,915,337,36.8,574,356,62,1489,693,46.5,{851CD479-6540-4035-A7B0-C3D3F04355FD},
-83.738001668143966,30.959751656140437,235,Pavo,1129.64001465,1.76505995, , ,225,69,30.7,26,14,53.8,251,83,33.1,{8F1B92D6-3BE8-4434-9D7B-5DF43007C16D},
-83.500314977660196,30.943349887607447,236,Morven,1114.08996582,1.74075997, , ,141,41,29.1,81,52,64.2,222,93,41.9,{7E5ED531-F575-43E2-B29E-85433626F487},
-83.739139224184896,30.893263272565935,237,Barwick,479.39898682,0.74906099, , ,67,25,37.3,66,46,69.7,133,71,53.4,{51964872-6BE7-4456-B92C-5778A58BB8AF},
-82.818293955346476,32.047165310218723,238,Scotland,900.69598389,1.40734005, , ,65,9,13.8,5,2,40,70,11,15.7,{B3514032-F6DA-4542-BA0D-E6BB0FF0E568},
-83.06306145866192,32.019460440782346,239,Milan,2017.35998535,3.15212989, , ,195,13,6.7,49,20,40.8,244,33,13.5,{4FBA3C5A-7B54-4EC4-91DB-41135B6BA03E},
-82.682841054705293,31.93300503931323,240,Lumber City,1240.72998047,1.93865001, , ,221,64,29,115,44,38.3,336,108,32.1,{D5D7E004-59DA-403E-AC07-68EAC803D0D2},
-82.978999979496464,31.812600099519511,241,Jacksonville,714.36700439,1.11619997, , ,45,0,0,0,0,,45,0,0,{58437C15-71B1-4371-BDF7-EF98E1BA286A},
-82.474500630000975,31.543236731418947,242,Alma,3982.58007813,6.22278023, , ,531,96,18.1,532,264,49.6,1063,360,33.9,{73CEB4E2-48D0-490F-8BA2-728092D317C0},
-83.635149159848808,31.671080149372859,243,Sycamore,647.20397949,1.01126003, , ,143,31,21.7,51,14,27.5,194,45,23.2,{4B45CB97-DE80-403D-A8D3-D0741D4CC421},
-83.487581186429665,31.807232007897746,244,Rebecca,502.73901367,0.78552902, , ,77,19,24.7,0,0,,77,19,24.7,{C2E9F34E-ED2A-4642-8D06-8BE0DF9B484B},
-83.652791808881858,31.709586872070904,245,Ashburn,3071.16992188,4.79870987, , ,871,259,29.7,635,346,54.5,1506,605,40.2,{DD0FC2B8-85D7-4D9A-98D6-2EC18EDA39C0},
-83.044586836927522,31.335894952188948,246,Willacoochee,2445.5300293,3.82115006, , ,326,68,20.9,138,32,23.2,464,100,21.6,{72F29EBC-2ADB-4254-A9FA-A4D01C0DDA08},
-82.854355377974599,31.297021553975085,247,Pearson,2151.97998047,3.3624599, , ,284,69,24.3,267,146,54.7,551,215,39,{D77FABF9-CDE0-4294-B390-BB4E3C5043D3},
-83.847126565448306,34.935594146258211,248,Young Harris,680.00299072,1.0625, , ,49,8,16.3,58,37,63.8,107,45,42.1,{41D98EC0-1BEE-43CE-A3D1-0EDB0FC1353A},
-83.752880169787716,34.950148271927468,249,Hiawassee,1345.39001465,2.10216999, , ,212,67,31.6,203,137,67.5,415,204,49.2,{4561810A-5C47-45C0-9E26-CFBB666E1205},
-81.64083103579496,32.746695734107014,250,Sylvania,3281.0300293,5.1266098, , ,552,205,37.1,423,233,55.1,975,438,44.9,{1D18CCAE-2BE5-450C-9B9D-278939E1B5DD},
-81.829742794831418,32.663672175936028,251,Rocky Ford,793.16900635,1.23933005, , ,57,16,28.1,8,1,12.5,65,17,26.2,{A3DBFA50-6DCC-429A-98FD-34435CAE851D},
-81.533075750974177,32.521493445128961,252,Oliver,600.91900635,0.93893701, , ,81,25,30.9,26,24,92.3,107,49,45.8,{A8916020-0984-4FBD-A256-C5779DCF7BB9},
-81.506324026479419,32.588801060888173,253,Newington,519.89801025,0.81234097, , ,70,13,18.6,40,14,35,110,27,24.5,{9B599F73-C4D3-4982-BCA7-213CE5BEC52E},
-81.661270327778155,32.883364343534673,254,Hiltonia,1116.09997559,1.74390996, , ,104,26,25,29,12,41.4,133,38,28.6,{BEC73D32-48A4-464C-BF25-F48CB5E74E74},
-85.037314525758219,33.029618639039093,255,LaGrange,25711.40039063,40.17399979, , ,4165,1372,32.9,6121,3282,53.6,10286,4654,45.2,{28A1BB4A-553B-4F13-AE97-55379A41F97F},
-83.278886002266617,30.850324863820596,256,Valdosta,23261.30078125,36.34569931, , ,8117,2335,28.8,11853,6909,58.3,19970,9244,46.3,{31D09260-8F09-446F-B8B9-D3CEA53F9F05},
-83.308467091870341,30.844147924072224,257,Remerton,130.65400696,0.204146, , ,20,4,20,520,371,71.3,540,375,69.4,{9D7B412A-D35E-400E-9E11-C1625E0A1B2C},
-83.187517283238535,30.685000750275446,258,Lake Park,903.9619751,1.41243994, , ,177,47,26.6,132,70,53,309,117,37.9,{6C244FCA-B776-4D76-8C97-63C52CF1EBFC},
-83.377490286500006,30.993329930766613,259,Hahira,1658.73999023,2.59177995, , ,697,108,15.5,265,85,32.1,962,193,20.1,{43BB1247-F635-4406-86DA-372D85DA0755},
-83.225385735504673,30.746252158018788,260,Dasher,3176.41992188,4.96316004, , ,275,52,18.9,42,10,23.8,317,62,19.6,{E6CE263A-A800-42F6-BE73-49B9A5317692},
-83.978322849774827,30.839518524714251,261,Thomasville,9654.79980469,15.0855999, , ,3563,1349,37.9,3093,1812,58.6,6656,3161,47.5,{E93D849F-47BC-4CD2-B9B9-D83122FAF5D9},
-84.903484525708393,33.166918047274571,262,Hogansville,4424.79003906,6.91374016, , ,679,273,40.2,378,258,68.3,1057,531,50.2,{AF66FD15-65D8-4FCD-AAD8-D9FB6410BAB4},
-85.144791398092096,32.895124038388531,263,West Point,7226.81005859,11.29189968, , ,661,209,31.6,848,475,56,1509,684,45.3,{93BC3EC9-CA71-4B76-995D-9B5BE2F5BEF3},
-82.991707682162158,32.3835496333121,264,Rentz,676.56097412,1.05712998, , ,99,13,13.1,25,10,40,124,23,18.5,{B5883AEB-124A-4E52-A670-B5810CCA9545},
-83.153499142204751,32.55944065104179,265,Montrose,1037.18994141,1.62061, , ,54,11,20.4,7,3,42.9,61,14,23,{A0D916F5-BDCC-4FB3-91CF-63CEFCBE2ECE},
-82.868628913376142,32.547761625468517,266,East Dublin,2625.17993164,4.10184002, , ,409,96,23.5,408,219,53.7,817,315,38.6,{C5AF860B-67F7-4685-97A2-0BA534943B0B},
-84.987570315535692,34.085991776361034,267,Taylorsville,954.98498535,1.49215996,yes, ,78,2,2.6,16,10,62.5,94,12,12.8,{2DA029F3-E7CD-4477-B76C-61ACE14B3D63},
-83.913671159585448,34.170645159308087,268,Flowery Branch,4098.47021484,6.40386009,yes, ,1241,369,29.7,1043,549,52.6,2284,918,40.2,{3F646295-8B41-4773-B68A-CE02BDEEEF05},
-84.571351181163877,33.394222044444156,269,Peachtree City,16335.90039063,25.52490044,yes,yes,9154,2137,23.3,3288,1383,42.1,12442,3520,28.3,{A5B396B4-75EE-417B-BDEB-7C471FCB045E},
-84.051766658168887,30.975169372343625,270,Ochlocknee,611.11499023,0.95486802, , ,138,30,21.7,64,37,57.8,202,67,33.2,{224E76FC-D679-4B59-A343-7CDF5F74B021},
-83.866124018341438,31.011332053031541,271,Coolidge,523.91900635,0.81862402, , ,124,37,29.8,40,28,70,164,65,39.6,{B5ED3007-4CAA-4A13-872E-485F34EA5FF7},
-83.789925599278575,30.792008788125536,272,Boston,1444.2800293,2.25669003, , ,306,77,25.2,152,113,74.3,458,190,41.5,{7AC357A2-B194-43AC-AD9A-E9A5C140B57F},
-81.956551639504397,32.390391455991896,273,Pulaski,511.60101318,0.79937601, , ,51,6,11.8,11,5,45.5,62,11,17.7,{799A5854-C57A-4C01-9E40-59285CA307A9},
-82.06244887339885,32.395970598311841,274,Metter,5047.81005859,7.88719988, , ,768,320,41.7,661,433,65.5,1429,753,52.7,{5E39B927-0720-41A5-8F35-BC88066DC6E1},
-83.080476077630436,32.532132065639196,275,Dudley,2189.80004883,3.42157006, , ,179,10,5.6,20,18,90,199,28,14.1,{F35E7AE2-F182-47BB-920E-759062F09E58},
-82.926407841552901,32.536469319991518,276,Dublin,9975.41992188,15.5866003, , ,2949,627,21.3,2714,1547,57,5663,2174,38.4,{E7234D80-F599-4F10-BF99-08756B2D3F6E},
-83.059561857371705,32.433080183741964,277,Dexter,502.875,0.785743, , ,142,18,12.7,35,13,37.1,177,31,17.5,{BFEFDD0F-A3B5-4DD4-A9E7-196B188DCB64},
-83.041968759992585,32.339557036578732,278,Cadwell,822.86901855,1.28573, , ,78,14,17.9,57,28,49.1,135,42,31.1,{C7DD001E-7441-4453-B73F-E446BC697011},
-84.244415090087585,34.875691048785185,279,Morganton,534.23498535,0.83474302, , ,101,18,17.8,20,9,45,121,27,22.3,{907628A7-F220-4263-A7B8-081033465CB9},
-84.370511127023818,34.98111022798647,280,McCaysville,1025.81994629,1.60284996, , ,256,75,29.3,253,115,45.5,509,190,37.3,{DEFFA328-3168-4848-A0A5-3C246637BCCB},
-84.337595896881169,31.317246175129092,281,Newton,1929.63000488,3.01504993, , ,159,64,40.3,114,72,63.2,273,136,49.8,{438F70BC-2F91-4C08-8537-0A1B5B5FC564},
-84.32339055998419,34.865804993472736,282,Blue Ridge,1523.60998535,2.38064003, , ,291,76,26.1,231,111,48.1,522,187,35.8,{EC8D061E-C2C1-4C42-894A-BC94B0DAE973},
-84.603242591992085,31.538102727657641,283,Morgan,837.98999023,1.30936003, , ,54,8,14.8,25,8,32,79,16,20.3,{BFF40623-9C6E-469F-8A55-1DBF098EF6D4},
-84.51330303497005,31.48473303058163,284,Leary,2056.83007813,3.21379995, , ,213,44,20.7,32,7,21.9,245,51,20.8,{78952143-B38E-4CE3-8D57-ACF00669BA29},
-84.737406130128136,31.560818334835094,285,Edison,1497.56005859,2.33994007, , ,214,74,34.6,188,117,62.2,402,191,47.5,{5132052B-1E02-417E-878D-24D2074258E2},
-82.477657867950398,33.79309814112824,286,Lincolnton,2257.91992188,3.5279901, , ,406,130,32,197,82,41.6,603,212,35.2,{202E33C2-57FB-4196-9514-39FC2B2892AD},
-83.76944007538529,31.956308562396895,287,Cordele,6542.72021484,10.22299957, , ,1583,478,30.2,2096,1424,67.9,3679,1902,51.7,{507221F1-3974-4DDF-B82F-4D0B86E55C41},
-83.730250018774086,31.82816109326507,288,Arabi,4113.60009766,6.42749977, , ,125,27,21.6,57,13,22.8,182,40,22,{49EDFECF-9207-4A9B-B486-ABD28B0EEDA0},
-83.685342608935855,32.633928594988475,289,Centerville,2536.39990234,3.96313, , ,1550,348,22.5,1090,397,36.4,2640,745,28.2,{4B8F0F29-B49C-48DD-9E2F-0458BF11647E},
-84.494091527702281,34.527657330277201,290,Talking Rock,952.00299072,1.48749995, , ,21,12,57.1,1,0,0,22,12,54.5,{6C0E6EF7-F21B-4EC1-A784-FA795DF49AB8},
-84.449362818293139,34.470649548102557,291,Jasper,5479.75976563,8.56212997, , ,541,81,15,787,350,44.5,1328,431,32.5,{17CC7F1B-A667-4A63-ADF5-2BD61C3C7A6F},
-84.371001562386823,34.379355952005277,292,Nelson,931.87597656,1.45606005,yes,yes,375,67,17.9,72,38,52.8,447,105,23.5,{8CEE1597-7D21-4069-8003-DA95940AB218},
-84.551041963664488,32.046607863254636,293,Webster County,134546,210.227005, , ,908,182,20,141,57,40.4,1049,239,22.8,{45D69957-4370-4B2C-9208-A277B5D58140},
-82.017106095445783,31.484011170907699,294,Screven,1390.60998535,2.1728301, , ,207,82,39.6,90,14,15.6,297,96,32.3,{267F2267-1E3C-4969-B60B-2799B53C9F22},
-82.026669519676048,31.666181105876774,295,Odum,1243.9699707,1.94369996, , ,125,17,13.6,30,13,43.3,155,30,19.4,{08B0105E-3EB1-44F0-95C6-B1CC6892ED3B},
-81.889767303907689,31.59910659535916,296,Jesup,10652.90039063,16.64520073, , ,1773,445,25.1,1288,687,53.3,3061,1132,37,{9679ECDF-8FEA-471B-8E88-51DFF4F1C748},
-81.307870399041462,32.364143673934123,297,Springfield,1767.94995117,2.76241994, , ,545,122,22.4,260,150,57.7,805,272,33.8,{BEA281FF-1D09-4559-BD82-2F764415B1A9},
-81.235710377826962,32.293960105109456,298,Rincon,5681.08984375,8.8767004, , ,1631,392,24,1372,513,37.4,3003,905,30.1,{49EEC117-2958-49CA-ABEA-AF0898B45DC6},
-81.422533226309838,32.340913411256707,299,Guyton,2061.97998047,3.2218399, , ,448,137,30.6,146,74,50.7,594,211,35.5,{D5554EA7-DBE0-4DCF-9FDF-FDDC1898DC4E},
-83.1737032296694,33.755488521165027,300,Maxeys,1530.90002441,2.39203, , ,69,17,24.6,5,5,100,74,22,29.7,{52810918-DF70-499F-A046-980EFAC1874F},
-83.110157346700305,33.870075425317559,301,Lexington,350.70300293,0.54797298, , ,88,46,52.3,26,17,65.4,114,63,55.3,{53A8801F-B160-4DC3-9DE1-DD0DA137700A},
-83.155192978684639,33.883047855545769,302,Crawford,751.15997314,1.17368996, , ,166,49,29.5,146,82,56.2,312,131,42,{B0E6D2A1-73DB-4C0C-8FDF-D5C3FA6559AA},
-83.218062152661489,33.910335093295785,303,Arnoldsville,1088.88000488,1.70137, , ,175,32,18.3,45,34,75.6,220,66,30,{217D9926-3C0A-4C69-9BD3-EC58B5DABA17},
-82.81347348982635,32.935911716821764,304,Tennille,1143,1.78593004, , ,284,63,22.2,215,139,64.7,499,202,40.5,{FAA50AD1-A75E-4BD3-827D-73F37CC60C9B},
-82.809289956652009,32.982667907084753,305,Sandersville,8222.3203125,12.84739971, , ,1253,338,27,694,490,70.6,1947,828,42.5,{D95152D5-52FD-4F36-ADEE-7FC6045D1189},
-82.666071755242626,32.906925700779794,306,Riddleville,502.14300537,0.78459901, , ,13,3,23.1,3,0,0,16,3,18.8,{CD2CE887-6963-40E9-9A8D-4E26CFCDF757},
-82.957679100276195,32.853458768045506,307,Oconee,830.81201172,1.29814005, , ,76,12,15.8,3,0,0,79,12,15.2,{2B3AC623-6510-4742-B4B9-A35D88FA5BF2},
-82.725837267601122,32.826328914590121,308,Harrison,1131.10998535,1.76735997, , ,102,23,22.5,22,14,63.6,124,37,29.8,{C33E1D61-97F8-4F25-80A7-3FE619B35577},
-82.967849699072261,33.017650169309476,309,Deepstep,565.97802734,0.88433999, , ,56,11,19.6,0,0,,56,11,19.6,{9AEEEC09-79D8-49D9-BE01-C467DC1A8126},
-82.603265043305043,32.982513568205889,310,Davisboro,1955.81005859,3.05594993, , ,132,38,28.8,38,18,47.4,170,56,32.9,{AACADDDA-8416-400D-9DE6-CE1BE8D7A0E6},
-83.20000918146556,31.989083887274052,311,Rhine,2010.47998047,3.14137006, , ,164,34,20.7,43,26,60.5,207,60,29,{5A41D376-C67B-422D-BBCC-55D814F27E89},
-83.175985130858436,32.195241647535354,312,Eastman,3498.60009766,5.4665699, , ,917,156,17,1020,494,48.4,1937,650,33.6,{38CB5C60-1387-42B1-81DF-B07F72ECC20D},
-83.1549160473092,32.394521729258472,313,Chester,559.63897705,0.87443602, , ,46,12,26.1,70,26,37.1,116,38,32.8,{A792655B-9105-43BD-A3A5-4498FFA908BB},
-83.064554395675799,32.105908494724616,314,Chauncey,1104.81994629,1.72627997, , ,96,21,21.9,40,9,22.5,136,30,22.1,{F5C314CB-EE5E-46BD-9C13-ABD83F211A13},
-82.794955161326726,33.560123612066569,315,Sharon,501.03900146,0.78287399, , ,39,13,33.3,6,2,33.3,45,15,33.3,{0E42C13C-2590-4450-9286-0801A6CD4269},
-82.896550532784175,33.554538206531319,316,Crawfordville,2007.52001953,3.13673997, , ,125,37,29.6,101,70,69.3,226,107,47.3,{AE5FC914-1246-48DA-A7DA-4358BAB935A3},
-84.431207470519695,30.875637343896209,317,Climax,510.81900024,0.798154, , ,68,16,23.5,16,3,18.8,84,19,22.6,{D60B6BBD-94D6-493E-A729-79A1816DE9EB},
-84.737949092116338,30.978447895141567,318,Brinson,1305.93005371,2.04051995, , ,95,31,32.6,3,3,100,98,34,34.7,{BE63E3AC-7DE0-4A0F-B7E1-D2CB253D0533},
-84.572161394970493,30.90455047689457,319,Bainbridge,12852.29980469,20.08169937, , ,2554,834,32.7,2082,1169,56.1,4636,2003,43.2,{C9CB01BB-8A2E-48C9-B1BD-ACDF3BD346E3},
-84.483889892957222,30.749495913765163,320,Attapulgus,509.50900269,0.79610801, , ,112,24,21.4,34,19,55.9,146,43,29.5,{C6BAD11A-B4F5-4CA0-A262-34161D889508},
-83.97955730262936,34.530283461616364,321,Dahlonega,5531.00976563,8.64220047, , ,746,134,18,1080,581,53.8,1826,715,39.2,{D306F227-9012-4FAA-8B29-889C193FBC7F},
-81.774749552324892,32.440485991067725,322,Statesboro,8879.5,13.87419987, , ,2272,544,23.9,7270,4979,68.5,9542,5523,57.9,{C21B4C9F-C5D7-40AC-9224-C5FB775599BF},
-85.122417280643688,34.914785074277283,323,Ringgold,3042.2199707,4.75346994, , ,848,220,25.9,623,280,44.9,1471,500,34,{66E24021-5126-4C27-AAFC-4A499670B537},
-81.88480677552144,32.365942713266925,324,Register,500.12399292,0.78144401, , ,44,9,20.5,5,3,60,49,12,24.5,{C0447FD9-A7FC-4409-B9FC-8D61E18FC5B2},
-81.929500699062501,32.538823806606437,325,Portal,1394.43994141,2.17880988, , ,169,42,24.9,115,66,57.4,284,108,38,{FEB0C592-2F67-44DA-B6FC-E03F6DFE23A3},
-81.666798262091106,32.389693236878628,326,Brooklet,2155.2800293,3.36763, , ,370,74,20,155,48,31,525,122,23.2,{6D632F45-EA89-4A5D-87FD-91BB69EA98A7},
-81.942324347078028,32.807110719486431,327,Millen,2308.36010742,3.60682011, , ,688,409,59.4,380,161,42.4,1068,570,53.4,{3C7FF516-FD2B-48F5-81CD-CC5FF4D96987},
-82.970554646397048,33.276676967672188,328,Sparta,1170.22998047,1.82849002, , ,327,133,40.7,189,92,48.7,516,225,43.6,{91BBEDE7-B335-46AB-9756-B56DE761A272},
-84.176329447170801,31.57761471701113,329,Albany,35760.6015625,55.87590027, , ,11029,3249,29.5,16042,9478,59.1,27071,12727,47,{40295FD5-4A7F-4BF7-BCA6-34337E760836},
-84.142332394429502,32.913330925959194,330,Yatesville,560.75598145,0.87618101, , ,137,14,10.2,53,20,37.7,190,34,17.9,{DF10AF50-BFC5-449E-9CBC-5CD75D22A649},
-84.327135396262634,32.890808065768496,331,Thomaston,6231.41992188,9.73659039, , ,1400,320,22.9,1930,1067,55.3,3330,1387,41.7,{147B65A1-6183-47BC-A0A6-FB57514F47EC},
-84.877041778565925,32.509966638217925,332,Columbus,141431,220.98599243, , ,36504,10215,28,33440,17505,52.3,69944,27720,39.6,{3500B14F-0DBC-464A-AB33-2D1D824FCC16},
-85.052938304785798,31.623915524137221,333,Fort Gaines,4928.22998047,7.70035982, , ,146,52,35.6,125,72,57.6,271,124,45.8,{AE6A6E89-5803-44FA-B483-8DE540F294C9},
-84.86912311979664,31.519823385816839,334,Bluffton,1029.0300293,1.60785997, , ,35,6,17.1,6,2,33.3,41,8,19.5,{E4645320-D8C9-4F12-BA81-08C7980F1F94},
-84.517815264071942,32.318722980376052,335,Buena Vista,2107.26000977,3.29259992, , ,251,77,30.7,417,193,46.3,668,270,40.4,{CAD98595-ECDA-4F80-B436-F81EC0779759},
-84.662569011552861,32.088536619214281,336,Richland,2076.4699707,3.24447989, , ,331,66,19.9,224,138,61.6,555,204,36.8,{D8C81280-4521-46E5-80A5-36E0B0FFF7DF},
-84.798034794018591,32.048768868907445,337,Lumpkin,1023.63000488,1.59941995, , ,269,56,20.8,129,90,69.8,398,146,36.7,{CE18F49C-3FAE-428A-BF4C-10C2EDDFA41A},
-85.097996698271459,33.279240898375107,338,Franklin,2229.54003906,3.48364997, , ,114,46,40.4,224,119,53.1,338,165,48.8,{4583856F-8AC0-4D3B-B170-81E8F5497D7A},
-85.259602506362953,33.407015741753106,339,Ephesus,1932.61999512,3.01972008, , ,137,44,32.1,20,11,55,157,55,35,{0E29A163-D145-4A57-AF35-4FBECE2412B7},
-85.103726013611379,33.368904273132799,340,Centralhatchee,2096.98999023,3.27654004, , ,103,30,29.1,49,24,49,152,54,35.5,{D751C753-DD5F-45C5-A5BC-23ADB5693885},
-83.920628634194287,31.829795874213445,341,Warwick,519.65301514,0.811957, , ,134,52,38.8,60,36,60,194,88,45.4,{9FC123EC-BC49-4055-BC2E-698CF4A79CCD},
-83.835609965889134,31.530398173714492,342,Sylvester,3973.57006836,6.20870018, , ,1355,411,30.3,768,422,54.9,2123,833,39.2,{B83B913E-C853-4B2C-B96D-8AA34D7354D2},
-83.735925507464884,31.509891142599596,343,Sumner,1157.19995117,1.80813003, , ,121,26,21.5,46,34,73.9,167,60,35.9,{E4525740-FD8E-4926-A779-88C9BEB2973F},
-83.789823604056636,31.514512353051597,344,Poulan,1070.77001953,1.67307997, , ,308,54,17.5,81,46,56.8,389,100,25.7,{3A5C2360-9559-4B92-BEB5-5300C0FD74A4},
-83.082641194211249,32.82237933260042,345,Toomsboro,1191.57995605,1.86185002, , ,83,28,33.7,24,8,33.3,107,36,33.6,{0CF73150-5112-433B-BFCD-1BAD723C4FA4},
-83.201097502306666,32.846576362776233,346,McIntyre,3434.93994141,5.36709976, , ,172,61,35.5,47,26,55.3,219,87,39.7,{EDD4591B-5380-4869-A6C8-927371D54709},
-83.29832880267675,32.909055615939344,347,Ivey,1901,2.97030997, , ,284,58,20.4,49,19,38.8,333,77,23.1,{F3E03455-4E3D-4AE5-9110-BB3F3D5F53EC},
-82.671172695618893,32.180539754394239,348,Glenwood,2023.43005371,3.16160989, , ,141,13,9.2,135,60,44.4,276,73,26.4,{ED8FD1BE-8261-436F-93C9-A78C5513A336},
-82.779754605181509,32.146945809507578,349,Alamo,1288.93005371,2.01395011, , ,143,29,20.3,117,51,43.6,260,80,30.8,{98DEBC96-BDCA-4A08-B7BA-16C82339560C},
-83.173699831837396,32.810763827433924,350,Irwinton,2012.80004883,3.14499998, , ,145,47,32.4,46,14,30.4,191,61,31.9,{7EC0FF02-EF1A-4673-A606-5C7A1E412EC3},
-83.334927669055801,32.886644683867651,351,Gordon,3481.72998047,5.44019985, , ,515,87,16.9,208,125,60.1,723,212,29.3,{13342E7A-F585-4334-A00F-A016F241F051},
-81.431432667204916,31.356781302994996,352,Darien,15406.29980469,24.07229996, , ,697,221,31.7,401,154,38.4,1098,375,34.2,{0ABEF4D6-4446-46AC-9D1B-C282096041E4},
-84.03844519754395,33.322810770202729,353,Jenkinsburg,796.08099365,1.24388003, , ,70,30,42.9,51,35,68.6,121,65,53.7,{EDBA1D27-54AC-4629-8371-BE3FBDFD7EA0},
-83.967980274254785,33.291267072817348,354,Jackson,4005.16992188,6.25808001, , ,769,359,46.7,856,404,47.2,1625,763,47,{C32EA3C3-14B3-47CD-B2C3-0DA813CF2213},
-83.902909605363121,33.252413096317895,355,Flovilla,1253.04003906,1.95788002, , ,171,68,39.8,45,38,84.4,216,106,49.1,{2D9570CD-E03F-41BE-8859-62E3664E8455},
-83.588097287838764,33.400797440503773,356,Shady Dale,563.11602783,0.87986898, , ,61,22,36.1,9,4,44.4,70,26,37.1,{5BF22607-5CB4-4009-BBBC-C5F811FCE335},
-83.686131845887047,33.307495810604713,357,Monticello,2073.81005859,3.24031997, , ,515,231,44.9,423,294,69.5,938,525,56,{571060FD-29DC-4691-ADE9-FCC0D9AD275E},
-84.062325673152571,32.293465166090776,358,Oglethorpe,1306.06005859,2.04071999, , ,330,66,20,255,173,67.8,585,239,40.9,{09E258E8-BCF1-4C46-91B0-B72ECD14A8D8},
-84.458198176649191,33.29251490896133,359,Brooks,2867.5300293,4.48051023,yes,yes,170,47,27.6,37,28,75.7,207,75,36.2,{8C3932EF-FD3C-474B-A3AC-14AC20FA5DBA},
-84.274629254775107,33.241887249789308,360,Griffin,8990.04003906,14.0468998,yes, ,3514,1102,31.4,4690,2911,62.1,8204,4013,48.9,{08F47C3A-11AB-4618-B44D-551060FBA25E},
-83.831614914194319,34.015113404826046,361,Auburn,4220.52978516,6.59458017,yes, ,1898,554,29.2,477,261,54.7,2375,815,34.3,{064E945D-697C-4E8D-B284-69637005EF5D},
-84.024613120857751,32.299656068361948,362,Montezuma,2962.23999023,4.62849998, , ,642,174,27.1,516,283,54.8,1158,457,39.5,{CE89251B-430D-4C31-8859-DA069CC41575},
-83.940712959457585,32.456433476500216,363,Marshallville,2019.82995605,3.15598011, , ,394,139,35.3,97,48,49.5,491,187,38.1,{D5D9D40D-4FF1-4711-827C-A8D73FC5CBF1},
-84.737758639653677,32.683686329620755,364,Waverly Hall,2148.40991211,3.35688996, , ,242,63,26,44,21,47.7,286,84,29.4,{9DCAECF7-CC20-45F7-A53A-D9D2080A0242},
-84.698964348685379,32.811987181875281,365,Shiloh,1454.83996582,2.27319002, , ,151,51,33.8,33,20,60.6,184,71,38.6,{B6B575E4-3209-4E96-9404-EF1BEE19ABC7},
-84.354052318216333,33.521113192777307,366,Jonesboro,1621.29003906,2.53326011,yes,yes,526,197,37.5,556,325,58.5,1082,522,48.2,{B4F2B75F-6D93-48F7-A082-78AABBC4AA0E},
-84.876043377309429,32.764521226630521,367,Hamilton,2116.2199707,3.30659008, , ,145,55,37.9,113,62,54.9,258,117,45.3,{0121E07C-0EBF-4518-8F20-12467A70FBFA},
-84.189410340729424,32.372613947668825,368,Ideal,739.11602783,1.15487003, , ,89,37,41.6,52,38,73.1,141,75,53.2,{07976101-E7F2-499E-AE6C-34748F77FEAC},
-82.599417431788552,31.865099567937381,369,Hazlehurst,3078.33007813,4.80987978, , ,923,208,22.5,566,242,42.8,1489,450,30.2,{D83DF0E3-C895-48DC-BC12-5DF79948D435},
-82.696763321764479,31.722142661943003,370,Denton,986.80999756,1.54189003, , ,77,6,7.8,9,0,0,86,6,7,{1C24186A-36E6-4B6C-9309-F4B47A67766F},
-83.325805292279583,34.580725398220295,371,Toccoa,6125.14990234,9.57054996, , ,1841,444,24.1,1049,544,51.9,2890,988,34.2,{EEE555FF-7487-4D5E-BB0B-7EE963EAE4E8},
-83.19670344113122,34.502691425234076,372,Avalon,1131.32995605,1.76769996, , ,57,15,26.3,17,5,29.4,74,20,27,{80847B38-270C-4931-8158-DC1EF7AAEE34},
-83.650897015232928,31.472031487452693,373,Ty Ty,511.16799927,0.79869998, , ,178,45,25.3,83,58,69.9,261,103,39.5,{9B571613-1511-4FD0-95A7-01031161A578},
-83.52051065697421,31.462496623187395,374,Tifton,8179.62988281,12.78069973, , ,2211,595,26.9,2812,1308,46.5,5023,1903,37.9,{8D5B9D85-2150-4DD5-A13C-80D2BDEF2DFC},
-83.594943831289584,31.338904048665572,375,Omega,1154.68994141,1.80420005, , ,197,80,40.6,117,66,56.4,314,146,46.5,{4680F90C-908C-4496-8F42-BA1C85A45A0A},
-83.805463502884365,31.178138361454732,376,Riverside,135.48100281,0.211689, , ,4,2,50,0,0,,4,2,50,{3FA52D35-4244-44D7-A856-7DFD1CD5FF9A},
-83.684277279975262,31.269215438971571,377,Norman Park,2005.93994141,3.13427997, , ,256,55,21.5,200,75,37.5,456,130,28.5,{8E7A5765-13BE-4E78-B5CC-F32C4C5A2164},
-83.770369519311402,31.159445929756131,378,Moultrie,10578.5,16.52890015, , ,2166,694,32,2918,1763,60.4,5084,2457,48.3,{38267511-3A7E-496B-B592-729D488B0248},
-83.877042379475867,31.19889406730535,379,Funston,744.90600586,1.16392004, , ,126,52,41.3,51,33,64.7,177,85,48,{3421BCB7-1DD7-46AD-86F8-00DF3F781DED},
-83.587625366325597,31.175978411827725,380,Ellenton,508.74301147,0.79491001, , ,45,9,20,4,4,100,49,13,26.5,{4893125F-999E-4967-A572-4994DF659F57},
-83.916962751793065,31.321842187306018,381,Doerun,810.19500732,1.26593006, , ,161,28,17.4,120,71,59.2,281,99,35.2,{00061B9E-A0A4-4962-8A3A-63429D4CB503},
-83.623883793770375,31.067855309549508,382,Berlin,473.26998901,0.73948401, , ,148,58,39.2,63,24,38.1,211,82,38.9,{B3EA6C2E-80E6-4876-8D56-7DFF3CE67DFC},
-82.49929287643846,33.466661230260577,383,Thomson,2820.69995117,4.40734005, , ,943,339,35.9,1407,843,59.9,2350,1182,50.3,{81321E95-FE35-437B-872B-600A3D26BE2B},
-82.385223413321214,33.41488399224999,384,Dearing,527.69396973,0.82452101, , ,125,25,20,68,41,60.3,193,66,34.2,{A3D252C1-9645-4A09-8B76-469FCDD04A99},
-82.594449964503383,32.378201814252037,385,Soperton,2857.01000977,4.46407986, , ,588,141,24,420,175,41.7,1008,316,31.3,{F506D4A3-6F3F-4D59-AF95-D80B3DF45C2D},
-85.187361085628126,34.26708628162136,386,Rome,20247.69921875,31.63699913, , ,6213,1826,29.4,6775,3614,53.3,12988,5440,41.9,{4A0B75F1-83BB-42E1-B22E-3370A6371F3B},
-85.339081026839622,34.10644390915563,387,Cave Spring,2601.57006836,4.06494999, , ,287,58,20.2,171,95,55.6,458,153,33.4,{F9CF81B9-9DAE-4DFB-9A8E-5CB9020A9D07},
-83.388639274569982,33.325766024432355,388,Eatonton,13190.40039063,20.60989952, , ,1465,694,47.4,914,492,53.8,2379,1186,49.9,{D5C681B6-6DA6-4CD9-AE9D-C7C53C2E0ACD},
-84.347768773680457,31.71992211673842,389,Sasser,499.69500732,0.78077298, , ,76,33,43.4,31,17,54.8,107,50,46.7,{E536DBF5-BFCB-4967-AC8D-5079DB68738A},
-84.511760468524741,31.894388975751045,390,Parrott,498.20800781,0.77845103, , ,48,10,20.8,1,1,100,49,11,22.4,{B0AE6A32-BD99-4E19-A209-26526177BFF0},
-84.443669889701056,31.77214755957549,391,Dawson,2401.5,3.75234008, , ,540,176,32.6,740,485,65.5,1280,661,51.6,{420D2427-C5D8-4523-AA2A-01F9D8232D6B},
-84.364336400750688,31.830551408248869,392,Bronwood,505.75799561,0.79024702, , ,66,10,15.2,46,30,65.2,112,40,35.7,{08211A29-B1C9-43D9-A64C-DAEBAB9C814F},
-82.124412376479128,32.087060478187617,393,Reidsville,4926.08984375,7.69701004, , ,543,195,35.9,476,318,66.8,1019,513,50.3,{CFF028A8-1584-4130-8298-4FD596C77107},
-82.019956399307532,32.160354942560744,394,Manassas,497.04098511,0.776627, , ,27,0,0,4,1,25,31,1,3.2,{5E23AC30-8ABC-4476-8C79-6E2088AE0E7D},
-81.930345769149781,31.939484145324574,395,Glennville,4241.93017578,6.62801981, , ,926,225,24.3,478,128,26.8,1404,353,25.1,{E2BC030C-0FF3-4D08-9ED9-F2BC17CDF6ED},
-82.110297375074992,32.179367540411775,396,Collins,662.02502441,1.03441, , ,165,73,44.2,80,37,46.3,245,110,44.9,{C7A75572-76D8-4563-A1BF-EA719EBAF2D5},
-84.01042833677883,32.719614722945515,397,Roberta,963.56500244,1.50557005, , ,147,39,26.5,177,112,63.3,324,151,46.6,{7CE42B74-D83A-4A9C-AEDE-B1097B33E54F},
-81.745696937729051,31.709640328670424,398,Ludowici,1498.73999023,2.34177995, , ,317,86,27.1,408,195,47.8,725,281,38.8,{21F96A16-5786-4DF2-9D1D-4CB3A18493F7},
-82.138760691531573,32.280613598666072,399,Cobbtown,435.37399292,0.68027198, , ,113,17,15,33,8,24.2,146,25,17.1,{375D711A-B62C-487E-8B6F-315065F60176},
-82.928797513647623,34.350196430164075,400,Hartwell,3268.62011719,5.10722017, , ,1195,351,29.4,565,339,60,1760,690,39.2,{191A3497-CEFC-48CE-A34E-8A4D08109278},
-83.083141629534452,34.372698311084797,401,Bowersville,1984.75,3.10117006, , ,132,53,40.2,10,2,20,142,55,38.7,{61B384D2-4F64-4D39-B55A-72B48C9A62E5},
-84.787097419897691,32.346955401843402,402,Cusseta-Chattahoochee County,160727,251.13600159, , ,730,156,21.4,1800,996,55.3,2530,1152,45.5,{C3DDBF13-BB43-46DF-9D38-681CCE953164},
-82.508021451255416,32.037094381655074,403,Uvalda,1220,1.90626001, , ,143,55,38.5,48,3,6.3,191,58,30.4,{94342FC1-3797-422E-9D49-9996E70E4DE0},
-82.559555849812057,32.31872184821605,404,Tarrytown,554.07202148,0.86573702, , ,45,17,37.8,2,0,0,47,17,36.2,{6FAA6272-0994-4109-84E2-7BAAA53812F3},
-82.595236205663099,32.183118661144491,405,Mount Vernon,2636.76000977,4.1199398, , ,506,120,23.7,266,140,52.6,772,260,33.7,{B806BD99-EB75-4DEC-86BF-0F458FB97322},
-82.466988425823459,32.216375958840501,406,Higgston,2020.18994141,3.15654993, , ,82,25,30.5,77,60,77.9,159,85,53.5,{6EDEC13B-2301-4D41-BC41-484DEAC6FC79},
-82.478928448592882,32.080975299746939,407,Alston,1840.33996582,2.87554002, , ,43,6,14,16,0,0,59,6,10.2,{480E04D1-A237-46A2-A7DB-5A88EF71DB20},
-82.569005472126548,32.188222740777164,408,Ailey,1302.13000488,2.03456998, , ,129,25,19.4,15,0,0,144,25,17.4,{394E2FC0-F9F6-4E9A-903B-9E37FA8B5881},
-84.342384105827563,33.094432392343577,409,Zebulon,2908.88989258,4.54513979, , ,291,102,35.1,333,186,55.9,624,288,46.2,{EDAD491E-EB61-42E8-8877-6F6606713B1E},
-84.362619117741346,33.181092050854382,410,Williamson,382.35501099,0.59742898, , ,74,24,32.4,69,46,66.7,143,70,49,{0EDC2C79-25AB-43DE-90F7-CD17478B79EB},
-84.500143575686906,33.011875914501523,411,Molena,1114.13000488,1.74083996, , ,91,37,40.7,48,42,87.5,139,79,56.8,{561147D7-14CE-49AD-BCE0-724F3A66E8C0},
-84.308368931059292,33.050896554911276,412,Meansville,337.6499939,0.52757698, , ,47,6,12.8,23,14,60.9,70,20,28.6,{E4B3CF6F-2FFC-4E44-ACDB-F0D187386C67},
-84.438406896484608,33.091772908672269,413,Concord,530.12902832,0.82832599, , ,88,28,31.8,27,15,55.6,115,43,37.4,{79A9EC0F-C5FD-4FB8-8E97-0AA91805767B},
-83.498695723680768,34.334987276089898,414,Homer,6188.12011719,9.66893959, , ,290,94,32.4,173,73,42.2,463,167,36.1,{001E41DF-A661-48CA-9023-336512E5956D},
-83.549329247555988,34.486396441714376,415,Baldwin,3147.65991211,4.91821003, , ,543,205,37.8,469,226,48.2,1012,431,42.6,{2C42DFCC-1DA5-4448-A9D2-CC984A59ACCB},
-83.572773543504383,34.465170254793975,416,Alto,707.86602783,1.10604, , ,211,51,24.2,113,53,46.9,324,104,32.1,{BD8BECC2-6570-48D0-BBDB-BD6175D50D93},
-84.324659781328293,30.884526594132431,417,Whigham,758.27197266,1.18480003, , ,134,39,29.1,38,18,47.4,172,57,33.1,{4708D4E2-19FE-442E-81D4-FD9AE9A69EE4},
-84.204844424834107,30.878691713593351,418,Cairo,6284.39013672,9.81935024, , ,1731,452,26.1,1439,1067,74.1,3170,1519,47.9,{1BE44AD7-8937-4721-9A45-C594D5F32E5E},
-84.94413456897837,34.578738448349192,419,Resaca,1830.30004883,2.85983992, , ,164,31,18.9,157,64,40.8,321,95,29.6,{E4FA6441-D622-453A-98BC-4AE076BB9E8E},
-84.711070945904751,34.501267844358452,420,Ranger,522.24798584,0.81601202, , ,30,9,30,12,11,91.7,42,20,47.6,{27B2CFDC-A75A-4AD1-B5D9-8357A4FC422F},
-85.031493264417435,34.405271443989491,421,Plainville,462.20599365,0.722197, , ,83,17,20.5,35,16,45.7,118,33,28,{902AD6E4-8E6C-48F9-A430-85AC5CA9820D},
-84.699801188886951,34.437999072227321,422,Fairmount,1145.41003418,1.78970003, , ,169,53,31.4,114,47,41.2,283,100,35.3,{E4F25AAA-1AF4-40A2-BEC7-A6C084F5F652},
-84.93942337392285,34.492586542890564,423,Calhoun,9616.5703125,15.02589989, , ,2587,640,24.7,2699,1534,56.8,5286,2174,41.1,{4CC8C476-99B3-436A-92DC-E0BCA9D4A8D8},
-83.71783675123315,34.184896928810879,424,Talmo,1355.16003418,2.11743999, , ,56,14,25,24,14,58.3,80,28,35,{713CB4E9-C78B-4CA5-A878-44D66802DAF7},
-83.682586709573869,34.164540724363171,425,Pendergrass,1950.16003418,3.04713011, , ,72,18,25,102,52,51,174,70,40.2,{28694792-56CA-4BC5-87D4-723D15B4CB0A},
-83.429108916056464,34.117377764084573,426,Nicholson,2572.47998047,4.01948977, , ,388,132,34,110,49,44.5,498,181,36.3,{3D95936A-7063-4E2A-B301-75C39EF10CC6},
-83.552825372869449,34.255100122677078,427,Maysville,2759.80004883,4.31219006, , ,467,132,28.3,191,137,71.7,658,269,40.9,{7D2ACF57-2ECF-4F87-B442-33D7F9958A82},
-83.601759814306547,34.136426432253351,428,Jefferson,14079.79980469,21.99970055, , ,2503,730,29.2,851,420,49.4,3354,1150,34.3,{4DCC2A98-DE8C-4BAA-8AB5-44A904DEE075},
-83.761676447139891,34.093375009088263,429,Hoschton,1662.51000977,2.59766006, , ,402,127,31.6,111,44,39.6,513,171,33.3,{A155A923-8BB7-472B-8378-73E0CA537D87},
-83.473138386583116,34.212975053581388,430,Commerce,7554.20019531,11.80340004, , ,1193,350,29.3,911,550,60.4,2104,900,42.8,{B02ECC4B-F1FA-4ED7-84FB-853B41F35084},
-83.540330601796242,34.071099857649621,431,Arcade,5440.31982422,8.50051022, , ,411,154,37.5,104,45,43.3,515,199,38.6,{81CBC457-B122-47A2-BD6C-CC96861F0F97},
-84.965353624932035,34.90144610197946,432,Varnell,2148.59008789,3.3571701, , ,430,111,25.8,121,62,51.2,551,173,31.4,{EAF53120-143F-4DB1-9DAF-BFCF926561EB},
-85.040599847312308,34.847767825494756,433,Tunnel Hill,1026.69995117,1.60422003, , ,249,41,16.5,85,14,16.5,334,55,16.5,{78980C1E-ACF7-478F-89BE-BCD2D9F90813},
-84.970975198523675,34.768969097221074,434,Dalton,13155,20.55470085, , ,5081,1250,24.6,5844,3027,51.8,10925,4277,39.1,{70776450-4063-40BA-8EB8-D0B5C52F511A},
-84.959041029403423,34.953855891994884,435,Cohutta,3023.7199707,4.72455978, , ,182,62,34.1,66,18,27.3,248,80,32.3,{063B6E39-7997-452D-9A7D-6FB74987F823},
-83.497493687627127,34.521815550976669,436,Mount Airy,1656.56994629,2.58839011, , ,330,87,26.4,97,54,55.7,427,141,33,{289444DD-C0EE-4F02-AA0F-85C1AA0CBDA0},
-83.54239322468311,34.564878839827038,437,Demorest,1454.02001953,2.27190995, , ,322,67,20.8,149,80,53.7,471,147,31.2,{4F4AEA01-8991-4987-BF56-C06875CAC6AB},
-83.530799781608977,34.516268252030059,438,Cornelia,2548.37988281,3.98184991, , ,831,156,18.8,442,118,26.7,1273,274,21.5,{DE85C12B-8D91-40FB-B54D-595FA92106EE},
-83.528366093529414,34.610226603817729,439,Clarkesville,1592.70996094,2.48861003, , ,407,107,26.3,317,161,50.8,724,268,37,{337E7085-0716-4BC4-AABD-93D93CA0088C},
-84.21225615868893,33.185105651556761,440,Orchard Hill,229.94200134,0.35928401,yes, ,44,21,47.7,32,19,59.4,76,40,52.6,{4A3BC0B9-6ED8-46F0-B84E-0241A7043EFB},
-83.830027971562785,34.289816636956495,441,Gainesville,21492.30078125,33.58169937,yes, ,4054,1271,31.4,6805,3506,51.5,10859,4777,44,{3A9D651D-3B66-4EE4-BF93-10FD6507A7FE},
-83.88468062757741,34.224253971405382,442,Oakwood,3038.7199707,4.74800014,yes, ,501,81,16.2,1089,624,57.3,1590,705,44.3,{525EC19E-F121-4A40-896C-7B7B888C7804},
-84.922017989002697,34.371339296457023,443,Adairsville,5773.89990234,9.02171993,yes, ,901,156,17.3,569,242,42.5,1470,398,27.1,{DBCA2EC7-39FB-4124-BB40-5768CADDBC9E},
-84.800719220063428,34.163044841304604,444,Cartersville,18589.30078125,29.04579926,yes, ,3497,1019,29.1,3352,1662,49.6,6849,2681,39.1,{0F254E3D-E6BC-4A8E-B51D-2F0E965A1A25},
-84.743951065563849,34.12921314736888,445,Emerson,4520.04003906,7.06256008,yes, ,368,124,33.7,125,35,28,493,159,32.3,{E86EDF85-0FCD-4B7E-8411-52BA82431956},
-84.104920206491641,33.342971746240458,446,Locust Grove,6320.72021484,9.8761301,yes,yes,1270,275,21.7,485,260,53.6,1755,535,30.5,{0CEC062F-F458-4FB2-BCE8-C93541AFEFB2},
-84.229304375183133,33.526630510962455,447,Stockbridge,8467.58007813,13.23060036,yes,yes,5459,1783,32.7,3732,1672,44.8,9191,3455,37.6,{ED8AC0EC-8B48-4E1D-9FF6-4D2C636CC403},
-84.594055158203389,33.475292274261513,448,Tyrone,8237.28027344,12.87069988,yes,yes,1918,561,29.2,290,170,58.6,2208,731,33.1,{9B651B98-51A7-4AF2-A1C1-1716D4B08A3D},
-84.3397633311411,33.581643165243413,449,Morrow,2139.9699707,3.34370995,yes,yes,1373,461,33.6,834,306,36.7,2207,767,34.8,{7084DA73-D0A7-43D1-B103-739215B39C91},
-84.409712629988434,33.564813505928633,450,Riverdale,2903.9699707,4.53745985,yes,yes,2531,810,32,2519,1701,67.5,5050,2511,49.7,{4007FD9A-AC60-45F6-97C5-8656FC033605},
-83.66507464233149,34.395308134882995,451,Lula,2681.41992188,4.18972015,yes, ,690,239,34.6,183,101,55.2,873,340,38.9,{FB470B78-10C7-4678-81EF-39A1225838F2},
-84.291084540662524,33.34206386867934,452,Sunny Side,129.58900452,0.202483,yes, ,24,2,8.3,11,3,27.3,35,5,14.3,{5BFBA452-EC6F-48A5-A2D5-11E7FCF71AE0},
-83.81286656433943,34.004530142286285,453,Carl,706.07897949,1.10325003,yes, ,40,18,45,28,18,64.3,68,36,52.9,{3227E955-DCB2-4485-993E-2CC778FAE305},
-84.707179420904893,33.738212215987538,454,Douglasville,14281.59960938,22.31489944,yes,yes,5394,1674,31,5893,2914,49.4,11287,4588,40.6,{20D085D7-B9ED-4005-9B7E-E5909790ADD3},
-84.150777027118821,33.439847612069862,455,McDonough,8167.25976563,12.76130009,yes,yes,3744,1217,32.5,4274,2310,54,8018,3527,44,{99EC43F6-3D73-4F5E-BF7B-CB988F5D659A},
-84.912282641326428,33.492146250830558,456,Whitesburg,1609.04003906,2.51413012,yes, ,140,34,24.3,79,55,69.6,219,89,40.6,{11684293-A419-4377-8BAC-8C0DCBEC27D6},
-84.13572877789737,34.207635866585001,457,Cumming,3736.07006836,5.83760977,yes, ,841,270,32.1,983,505,51.4,1824,775,42.5,{D457353F-BDA4-4503-9636-EFC88304E203},
-83.80449371549301,33.817758959478475,458,Between,775.99102783,1.21248996,yes, ,97,17,17.5,10,5,50,107,22,20.6,{3C07E475-12FD-477B-9807-F93F41F87037},
-83.609389955774702,33.7849911394296,459,Good Hope,1195.81005859,1.86846006,yes, ,142,36,25.4,11,10,90.9,153,46,30.1,{4D15C2ED-B8BF-489D-9C6A-23C763E7EE51},
-84.917273333672227,33.729733927511077,460,Villa Rica,9317.03027344,14.55790043,yes,yes,3308,932,28.2,1868,1120,60,5176,2052,39.6,{D6447701-D8AD-4148-8CDF-D4D2C2448BC5},
-85.131257965995303,33.456975255882099,461,Roopville,505.50698853,0.789855,yes, ,79,26,32.9,15,10,66.7,94,36,38.3,{FD758F56-9CFE-4DF6-A6BA-3557A2FCF333},
-83.812030758229866,34.108753566551663,462,Braselton,7783.25976563,12.16129971,yes,yes,2288,689,30.1,358,52,14.5,2646,741,28,{891EDB4C-1930-4C77-AB1F-271FE65259A4},
-84.341169353598247,33.606458668050152,463,Lake City,1178.94995117,1.84210002,yes,yes,418,166,39.7,351,215,61.3,769,381,49.5,{D08FF197-DDDA-41CE-9BDE-8DB302334EC6},
-84.358988642061618,33.620921013595755,464,Forest Park,6003.24023438,9.3800602,yes,yes,2526,885,35,2951,1911,64.8,5477,2796,51,{2EAE1127-A9F0-49C9-B8F2-64588A8EBC71},
-84.549977386829084,34.317295467618052,465,Waleska,942.78900146,1.47310996,yes,yes,49,16,32.7,32,21,65.6,81,37,45.7,{80602152-C27D-45EB-8A34-CB28ADD72597},
-84.413287882982118,34.083152248603916,466,Mountain Park,331.47601318,0.517932,yes,yes,218,59,27.1,43,35,81.4,261,94,36,{4BFD14DD-503E-40D0-A76E-1D75451865DA},
-84.409512592250209,33.660854072152105,467,Hapeville,1517.29003906,2.37075996,yes,yes,869,199,22.9,1336,739,55.3,2205,938,42.5,{0FFA6F6E-2FE1-40C5-B088-222CBB1D8565},
-84.370149040165941,33.936920482430288,468,Sandy Springs,24833.19921875,38.80189896,yes,yes,19327,4828,25,21175,9372,44.3,40502,14200,35.1,{06DEDF84-E1C1-459C-969F-F79F92A1682C},
-84.273847165920444,34.070356993043319,469,Alpharetta,17436.69921875,27.24480057,yes,yes,14064,3287,23.4,7705,2698,35,21769,5985,27.5,{B7DC73E8-E5C9-4095-9BDC-7A8DEFB2681D},
-84.42316614682484,33.762812073755256,470,Atlanta,85712,133.92500305,yes,yes,79040,25256,32,94393,50401,53.4,173433,75657,43.6,{8366FFBE-C926-4D65-AAB5-BE2BC5431149},
-84.667873809369837,33.531336274575118,471,Palmetto,7635.18994141,11.93000031,yes,yes,985,418,42.4,525,398,75.8,1510,816,54,{B59F0A12-876A-4130-8E4E-A97B9D798878},
-84.202698618795651,34.033210419270148,472,Johns Creek,20090.19921875,31.39089966,yes,yes,20897,5236,25.1,5329,2097,39.4,26226,7333,28,{289E95AF-F973-416C-83ED-ADBEC8A9BE52},
-84.751560217564958,33.560435897708508,473,Chattahoochee Hills,32774.3984375,51.21009827,yes,yes,933,284,30.4,57,16,28.1,990,300,30.3,{56BD7F45-4CC8-44E6-ABBE-F7B0CB74B717},
-84.459869073807198,33.638531744496255,474,College Park,6427.58984375,10.04310036,yes,yes,1323,532,40.2,3696,2379,64.4,5019,2911,58,{54B04D1A-655A-4C7C-8D2A-EEA5E8E2A99B},
-84.31388036807401,34.135286005142028,475,Milton,25062.90039063,39.16080093,yes,yes,8301,2038,24.6,3665,1049,28.6,11966,3087,25.8,{39E43E0C-A2CF-4992-8AF4-8246F5B5D135},
-84.470067790512857,33.669695190130447,476,East Point,9422.79003906,14.72309971,yes,yes,5574,2000,35.9,6773,4245,62.7,12347,6245,50.6,{A298BC33-C20C-400A-8AA1-BF40C36D5AC7},
-84.351349959983636,34.039417972171961,477,Roswell,26708.40039063,41.73189926,yes,yes,22853,5510,24.1,10884,5367,49.3,33737,10877,32.2,{8BCC99B2-9883-40C0-9718-6F0E0A69DC62},
-84.302456077187998,33.895994683130517,478,Chamblee,3065.34008789,4.78958988,yes,yes,2326,717,30.8,3372,1428,42.3,5698,2145,37.6,{FE87980B-5689-4DA6-A936-FF10FD9B264C},
-83.598828093259172,33.964919020886022,479,Statham,2255.29003906,3.52389002,yes, ,559,163,29.2,249,165,66.3,808,328,40.6,{14E5BA2F-3AAA-4149-8E1D-3AFCF41A215C},
-84.568573266990512,33.228598025347495,480,Haralson,449.04199219,0.70162702,yes, ,44,13,29.5,18,8,44.4,62,21,33.9,{A96405FF-067B-408D-9786-9E6A826D772E},
-84.829290196591458,33.236964262510817,481,Grantville,3789.94995117,5.92180014,yes, ,716,228,31.8,330,188,57,1046,416,39.8,{D92C7120-9286-4E62-9434-B5609D9630D7},
-84.490072464258716,34.246704777258373,482,Canton,11910.20019531,18.60960007,yes,yes,4575,1308,28.6,3605,2061,57.2,8180,3369,41.2,{CD9F83AE-8C19-4FB2-9F2E-6AFCCAE837F6},
-84.644902668259562,33.820030711501566,483,Austell,3759.55004883,5.8743,yes,yes,1444,439,30.4,707,496,70.2,2151,935,43.5,{075A8BCD-2F51-41F4-B555-ADEEF0405329},
-84.542243141015391,33.953188973453777,484,Marietta,14756.29980469,23.05669975,yes,yes,9418,2683,28.5,12261,6840,55.8,21679,9523,43.9,{9767A098-2A58-420D-A63F-2A817EBF508E},
-84.77121520403881,33.877150292482497,485,Hiram,2442.64990234,3.81664991,yes, ,1148,267,23.3,428,251,58.6,1576,518,32.9,{2A698DC5-A192-4857-BB62-CBBBDAC12914},
-85.083569088503211,33.581870785129041,486,Carrollton,14585.09960938,22.78930092,yes, ,3420,695,20.3,4760,2662,55.9,8180,3357,41,{853646E5-C760-4F5A-B174-1B5A78F64B2D},
-84.240270781375855,33.810495226521617,487,Clarkston,676.57702637,1.05715001,yes,yes,507,202,39.8,1675,936,55.9,2182,1138,52.2,{861C4457-28F6-417F-8553-00211DECF116},
-84.206110191064099,33.790529890190811,488,Pine Lake,161.09199524,0.251706,yes,yes,254,57,22.4,96,60,62.5,350,117,33.4,{6133E521-38B5-4C8D-88F6-86E27BC4D6FA},
-84.264869669881122,33.769791471424242,489,Avondale Estates,774.64801025,1.21038997,yes,yes,1048,270,25.8,127,57,44.9,1175,327,27.8,{D112E21A-F510-48D3-8E59-B44E728C8C17},
-84.105968683420443,33.712806613180248,490,Lithonia,593.00500488,0.92657101,yes,yes,246,136,55.3,471,277,58.8,717,413,57.6,{FA1F5268-1132-4BD6-A4DE-1D00F355A343},
-84.172234049234646,33.803497629854689,491,Stone Mountain,1042.77001953,1.62934005,yes,yes,1376,462,33.6,1031,638,61.9,2407,1100,45.7,{51401879-81F9-43C4-8AE9-590812A934A2},
-83.799391837099208,33.717406480381207,492,Jersey,474.91900635,0.74206102,yes, ,46,13,28.3,20,8,40,66,21,31.8,{07D1C0A8-75F2-4900-AF44-B1A0147D22E7},
-83.715411727193711,33.79942368665408,493,Monroe,9681.74023438,15.12769985,yes, ,1997,624,31.2,2726,1428,52.4,4723,2052,43.4,{350AD29D-667F-48FB-8F7C-76ECE2771AB4},
-83.851094583476183,33.745226613068333,494,Walnut Grove,1831.68005371,2.86199999,yes, ,347,89,25.6,103,59,57.3,450,148,32.9,{0A4309D0-96B5-44FA-B08B-D8387DDECA3C},
-84.516908734947606,33.864225203010221,495,Smyrna,9733.99023438,15.20940018,yes,yes,11619,2632,22.7,11132,5221,46.9,22751,7853,34.5,{581C5898-D9F5-42A8-827A-0B2E24B32C87},
-84.275051325311409,33.906742790991956,496,Doraville,2269.69995117,3.54641008,yes,yes,1469,644,43.8,1621,779,48.1,3090,1423,46.1,{454BF1FE-7F88-4C47-AC97-CD7DBB8996AD},
-84.312237047779547,33.941761616221783,497,Dunwoody,8476.19042969,13.24400043,yes,yes,10370,2612,25.2,8631,3720,43.1,19001,6332,33.3,{789668DA-D426-4F4D-9B9A-644A6884F0DF},
-84.842636755119841,33.915224162032786,498,Dallas,4480.72998047,7.00114012,yes, ,2066,451,21.8,2219,1058,47.7,4285,1509,35.2,{F301F79E-0001-42A5-B963-FA6CC9E3527F},
-85.029312211288186,33.732804805552739,499,Temple,4765.77001953,7.44651985,yes, ,1173,554,47.2,328,115,35.1,1501,669,44.6,{986B16FC-2DEB-43C8-9588-71A1BEEA8704},
-85.253301327658406,33.5397346425083,500,Bowdon,2390.07006836,3.7344799,yes, ,332,95,28.6,404,268,66.3,736,363,49.3,{AB77306B-AEB5-405A-BAAE-E5D52AF84DC9},
-84.29669291714923,33.771187231814118,501,Decatur,2767.83007813,4.32473993,yes,yes,4940,1297,26.3,2768,1463,52.9,7708,2760,35.8,{6051BFBA-3CFB-47FB-9A1A-D0DAA968BCAE},
-83.709121816291415,33.937503059980436,502,Bethlehem,1471.89001465,2.29982996,yes, ,183,47,25.7,64,46,71.9,247,93,37.7,{A69E7285-8281-440C-87E5-4CC1A49674F5},
-83.720903192575122,33.992463817842072,503,Winder,8141.43017578,12.72099972,yes, ,2706,805,29.7,1825,1056,57.9,4531,1861,41.1,{F8C1D404-0C9F-4827-88DA-718EAC34493B},
-84.76965549570842,33.286161658521095,504,Moreland,499.70901489,0.78079599,yes, ,118,28,23.7,20,16,80,138,44,31.9,{8062E2BC-9B79-4F53-A15B-AB036D0B890D},
-84.774649366800546,33.376773447632559,505,Newnan,11933.59960938,18.64629936,yes, ,6844,1798,26.3,5208,2594,49.8,12052,4392,36.4,{6B75405D-5D6A-4DC4-B49C-49246BCFBFA7},
-84.553248491392267,33.309696701262823,506,Senoia,3525.39990234,5.50844002,yes, ,912,244,26.8,389,248,63.8,1301,492,37.8,{1EE5CF4E-E346-4369-AAFD-1B0A6E907196},
-84.648962872260583,33.340864736683635,507,Sharpsburg,343.91500854,0.53736699,yes, ,78,9,11.5,77,35,45.5,155,44,28.4,{0203F2FD-E302-4BF3-89B5-3F53C10E7222},
-84.637103793347165,33.325960499099196,508,Turin,815.93597412,1.27489996,yes, ,115,35,30.4,29,21,72.4,144,56,38.9,{62ED220A-7F81-48B3-9663-3DD9C5C9321E},
-84.003922477213564,33.856105846488163,509,Snellville,6713.37011719,10.48960018,yes,yes,4803,1461,30.4,1223,723,59.1,6026,2184,36.2,{979B1458-A9FB-4B16-9FAF-49579FCF4C71},
-83.992578039766144,33.952373945459541,510,Lawrenceville,8580.13964844,13.40649986,yes,yes,5039,1645,32.6,4332,2603,60.1,9371,4248,45.3,{F1600494-0870-4E45-B014-DA422C651007},
-83.893710519324202,33.980852514875849,511,Dacula,3149.36010742,4.92087984,yes,yes,1361,503,37,150,150,100,1511,653,43.2,{72925944-9E5D-4497-97C3-2B17AF355C37},
-84.184175631035316,33.979705296837729,512,Berkeley Lake,1096.59997559,1.71343005,yes,yes,567,138,24.3,32,4,12.5,599,142,23.7,{43939709-0506-491F-973F-8FBA9A4531CD},
-84.206976294644477,33.937993955311612,513,Norcross,3855.66992188,6.02447987,yes,yes,2304,706,30.6,2410,1568,65.1,4714,2274,48.2,{CD976A60-126D-49BC-B616-9BD5FE9338B1},
-84.231956065184292,33.966671519328038,514,Peachtree Corners,10531.79980469,16.45599937,yes,yes,8179,2055,25.1,6271,2846,45.4,14450,4901,33.9,{7B8534C1-47D9-4DB4-B7A3-6DFD487DA78E},
-84.056063307249616,34.108011757207308,515,Sugar Hill,6745.62988281,10.53999996,yes,yes,5301,1771,33.4,1035,679,65.6,6336,2450,38.7,{1C68B8EB-D649-43B2-8701-66C4ED155693},
-84.068704537583415,34.050667453129208,516,Suwanee,6999.31982422,10.93640041,yes,yes,3997,1051,26.3,1407,635,45.1,5404,1686,31.2,{BF11888A-C566-4E41-8F7D-94C06E43E854},
-83.895852407895475,33.835147442713712,517,Loganville,4748.70996094,7.41985989,yes,yes,2666,838,31.4,836,551,65.9,3502,1389,39.7,{E49B3170-3AB8-4094-BF16-E565ABCA5A71},
-84.668957974896827,34.056466088946109,518,Acworth,5660.68017578,8.84480953,yes,yes,5053,1550,30.7,2805,1427,50.9,7858,2977,37.9,{C74A691B-D7A2-49F4-998B-0C47A2CA855B},
-84.318105798654457,33.442092430491975,519,Lovejoy,1671.93005371,2.61238003,yes,yes,1019,498,48.9,952,554,58.2,1971,1052,53.4,{B0C1697C-6DC5-48E5-94CF-E3E5C5F816B8},
-84.683739124241455,33.865974359044465,520,Powder Springs,4570.22998047,7.14097977,yes,yes,3769,1225,32.5,1032,584,56.6,4801,1809,37.7,{16651BAE-B710-4702-A69B-592413B58834},
-84.331360490904345,33.875501450365654,521,Brookhaven,7265.83007813,11.35289955,yes,yes,10280,2523,24.5,10480,4856,46.3,20760,7379,35.5,{00F08338-1EC2-4286-8EAB-58E63519C7C3},
-84.361162162543934,34.342087242399657,522,Ball Ground,3527.73999023,5.51209021,yes,yes,468,132,28.2,141,42,29.8,609,174,28.6,{A3B17171-34E1-4799-BA7E-16038791825F},
-83.974909587349728,34.133661274608095,523,Rest Haven,180.92900085,0.282702,yes,yes,16,2,12.5,3,3,100,19,5,26.3,{55B4988B-7EBD-4F32-A149-CB691AB6570D},
-84.149314606428277,34.005005451853755,524,Duluth,6487.18994141,10.13619995,yes,yes,5540,1570,28.3,4603,2251,48.9,10143,3821,37.7,{8D6207B8-3401-4C6B-9044-588AB8569C0F},
-84.136684492889856,33.889583337755269,525,Lilburn,4308.10986328,6.73142004,yes,yes,2500,803,32.1,1219,754,61.9,3719,1557,41.9,{9F937E31-E22C-4E5C-BC56-1A717D089F51},
-84.508375850725372,34.102654341974869,526,Woodstock,7195.87988281,11.24359989,yes,yes,6659,1755,26.4,2821,1430,50.7,9480,3185,33.6,{70B71E5C-75CF-47C5-8D08-6B64E9C2F2E6},
-84.48577894179661,34.168033204738023,527,Holly Springs,4309.41015625,6.73344994,yes,yes,2667,585,21.9,720,391,54.3,3387,976,28.8,{1E4DC50D-3729-41CF-ACF6-40528493DC2D},
-83.36892057803837,33.950820691774162,528,Athens-Clarke County (balance),75612.796875,118.14499664, , ,,,,,,,,,,{B28BED6F-36F0-4AAC-934D-35A2B5FD376F},
-83.649587686112412,32.832042310978082,529,Macon,36067.6015625,56.35559845, , ,,,,,,,,,,{B025044F-3659-480E-9720-BBDDAF46734A},
-85.018793365752074,31.867319343011143,530,Georgetown-Quitman County,102757,160.55799866, , ,,,,,,,,,,{CA5D2284-2063-4410-ADDE-1B9C41D204B9},
-82.869088805371845,30.989102253912979,531,Du Pont,501.03799438,0.78287202, , ,,,,,,,,,,{ED0FA545-824E-4CF0-80E9-6E5282E8608F},
-81.683916579374994,31.836774273774541,532,Gumbranch,524.9039917,0.820162, , ,,,,,,,,,,{A569A369-711B-40DF-AD14-5BEBBD3BB358},
-82.624992584782547,33.153427231841725,533,Edge Hill,118.27100372,0.184799, , ,,,,,,,,,,{B3FBE8CD-DAFA-4145-AFEA-DA2332A64AEA},
-82.070829921734898,33.364454906792965,534,Augusta-Richmond County (balance),196413,306.89599609, , ,,,,,,,,,,{E4B8FDA0-C39D-4ED8-9922-8A8371932243},
-82.890474391522559,32.056245208769141,535,McRae,2829.7800293,4.42152977, , ,,,,,,,,,,{6D8D06F6-6CEC-46A3-BE7B-570F6F80FDE4},
-82.910172888357323,32.078818546165913,536,Helena,1354.2199707,2.1159699, , ,,,,,,,,,,{4F801EE3-DD57-4613-A92C-745B4AE0C3B6},
-83.679414635151659,32.851844172713584,537,Payne,27.45899963,0.0429047, , ,,,,,,,,,,{FED3A990-411F-404E-A168-BB3C033DAAD5},
