OBJECTID,Name,Acres,Sq_Miles,County20,County10,GlobalID,last_edited_date
520,White,583.28137583,0.91137715,yes,no,{71F98581-3681-45A3-A159-44CD0CD3043A},2017-09-26T15:14:34.000Z
521,Kingston,791.59292435,1.23686394,yes,no,{DB9FD89A-9A05-464A-A9D6-14D6A0D312F9},2017-09-26T15:14:34.000Z
522,Euharlee,3458.69712275,5.40421426,yes,no,{66FADDCA-597D-420E-A472-D59AC1E4FC47},2017-09-26T15:14:34.000Z
523,Trenton,2058.66638206,3.21666622,no,no,{CF3020C8-FB28-405D-A21E-B0196CD67C01},2017-09-26T15:14:34.000Z
524,Lakeland,2006.09060329,3.13451657,no,no,{488120F9-41C9-4786-838D-2F5F3051B654},2017-09-26T15:14:34.000Z
525,Richmond Hill,9391.77972838,14.67465583,no,no,{4C3BAAF9-DD78-4814-9445-E5ED5E0F94D6},2017-09-26T15:14:35.000Z
526,Pembroke,4915.22843668,7.68004443,no,no,{DBD7BC83-811F-4D21-99C5-597B9D3794C9},2017-09-26T15:14:35.000Z
527,Surrency,496.04941905,0.77507722,no,no,{4F1D41A5-9007-42C4-9077-E3F4EDFDDFEE},2017-09-26T15:14:35.000Z
528,Graham,1119.59763124,1.7493713,no,no,{04E21735-695D-45D5-A1F6-7E109EE81C03},2017-09-26T15:14:35.000Z
529,Baxley,5372.5327122,8.39458236,no,no,{9793CE70-CA71-44AB-A4C3-C26D19DCF8C9},2017-09-26T15:14:35.000Z
530,Cochran,3046.81993078,4.76065614,no,no,{D8BD33D3-CB87-4379-ACA6-457B82652C3F},2017-09-26T15:14:35.000Z
531,Allentown,1968.70069254,3.07609483,no,no,{3734D84D-BBEC-418B-9E61-4FE5B6AF0A10},2017-09-26T15:14:35.000Z
532,Tiger,530.53342802,0.82895848,no,no,{7ACDCC6A-9B01-476A-9820-7EA4EB761BD1},2017-09-26T15:14:35.000Z
533,Sky Valley,1963.90562298,3.06860254,no,no,{E2A4F615-33D4-470D-B547-9912762B3DF4},2017-09-26T15:14:35.000Z
534,Mountain City,1167.4171258,1.82408926,no,no,{F0C4022E-B2B6-4D11-B567-D3CBEBC1140E},2017-09-26T15:14:35.000Z
535,Dillard,1134.18437872,1.77216309,no,no,{D9A3AF6C-2CAA-4F29-9923-5161BE9CF84C},2017-09-26T15:14:35.000Z
536,Iron City,511.00006751,0.79843761,no,no,{6BDE0001-D49C-4234-9A31-8A5694CC1A25},2017-09-26T15:14:35.000Z
537,Donalsonville,2554.36534185,3.99119585,no,no,{5E94000B-1F0F-434D-B7DB-831A64925E7C},2017-09-26T15:14:35.000Z
538,Wrens,2010.62824106,3.14160663,no,no,{D31CAEF1-1E3C-4AFA-A723-994D4DC326A9},2017-09-26T15:14:35.000Z
539,Wadley,2945.49551533,4.60233674,no,no,{15B5D5C0-FFF5-46D7-9FAE-065F203B2C1E},2017-09-26T15:14:35.000Z
540,Stapleton,1116.53269652,1.74458234,no,no,{C518CC5B-FF6C-4E5A-9282-BE76F463DF44},2017-09-26T15:14:35.000Z
541,Louisville,2355.08599584,3.67982187,no,no,{3A4E4D06-BB53-4C58-A2B0-F7F1F317B16E},2017-09-26T15:14:35.000Z
542,Bartow,723.83577589,1.1309934,no,no,{A7CE7AFF-10E1-40E7-8E6D-9D05904D3D65},2017-09-26T15:14:35.000Z
543,Avera,416.13896258,0.65021713,no,no,{06DEB11B-F7C7-4DCE-B06B-7E0358FEBFDD},2017-09-26T15:14:35.000Z
544,Clayton,2095.67730637,3.27449579,no,no,{32245CC0-711B-4104-B32C-24A9CD230A4A},2017-09-26T15:14:35.000Z
545,Tallulah Falls,5462.21508596,8.53471107,no,no,{A350EFC9-82C7-449B-9D05-BEDE60CD5385},2017-09-26T15:14:35.000Z
546,Brunswick,16186.33258383,25.29114467,no,no,{C5FD331C-1C15-4A0A-AB71-12D9E10BA6DF},2017-09-26T15:14:35.000Z
547,Woodbine,1645.87393353,2.57167802,no,no,{460DE5D9-14D9-4DFA-85B0-84D958E376A8},2017-09-26T15:14:35.000Z
548,St. Marys,15951.01552551,24.92346176,no,no,{4B118C1C-982E-4988-9265-B8AE8E876EA5},2017-09-26T15:14:36.000Z
549,Kingsland,28812.64176455,45.01975276,no,no,{E45BD6D7-0266-48E8-BD9D-6D6E5867E8BF},2017-09-26T15:14:36.000Z
550,Rockmart,3653.77415179,5.70902211,no,no,{208905A4-8B29-4F26-99F3-7D6FB8F9497F},2017-09-26T15:14:36.000Z
551,Cedartown,5582.05197828,8.72195622,no,no,{4A1DE3FD-A148-442D-973D-E96B00DC5DEF},2017-09-26T15:14:36.000Z
552,Aragon,731.47706209,1.14293291,no,no,{750CBF0F-8B39-4256-B6C6-47B84569CF15},2017-09-26T15:14:36.000Z
553,Rutledge,2115.23170478,3.30504954,no,no,{A37C4FFC-CF31-495D-94F5-417FFD781E88},2017-09-26T15:14:36.000Z
554,Madison,5621.22988421,8.7831717,no,no,{6CB4BA87-D554-4563-82C4-0850D6CC9466},2017-09-26T15:14:36.000Z
555,Buckhead,513.21094499,0.8018921,no,no,{48112DA0-B724-4144-880D-1CF423BF249E},2017-09-26T15:14:36.000Z
556,Bostwick,2009.42463152,3.13972599,no,no,{BFB09C60-9D45-44C4-8A43-B0D2F44CB58A},2017-09-26T15:14:36.000Z
557,Woodland,505.98944674,0.79060851,no,no,{BF84F32A-9C32-477F-A58C-EC447C6D2CDA},2017-09-26T15:14:36.000Z
558,Talbotton,1999.56826036,3.12432541,no,no,{F5DB2874-0571-4660-9B4E-7D893C6509F1},2017-09-26T15:14:36.000Z
559,Junction City,1584.94116487,2.47647057,no,no,{18FFF8AD-2999-4962-B96A-058A8D4BB559},2017-09-26T15:14:36.000Z
560,Geneva,503.5314206,0.78676784,no,no,{D93721E3-7258-4D04-A820-32A7F98E367E},2017-09-26T15:14:36.000Z
561,Manchester,5150.78841972,8.04810691,no,no,{AEBFB7A5-CD0A-4FAB-A1FE-76C481D0C332},2017-09-26T15:14:36.000Z
562,Ellaville,2031.87069225,3.17479796,no,no,{907CE0C7-630A-4C4D-97A2-D8620BBC1389},2017-09-26T15:14:36.000Z
563,Blairsville,711.46538734,1.11166467,no,no,{1906D279-7D46-4460-9D41-3524E017BE34},2017-09-26T15:14:36.000Z
564,Rochelle,1220.30938114,1.90673341,no,no,{000ED470-691A-4923-9932-437291BD1281},2017-09-26T15:14:36.000Z
565,Pitts,512.66478722,0.80103873,no,no,{EE9D9A35-253B-4222-9102-D97E0ADBF8F4},2017-09-26T15:14:36.000Z
566,Pineview,1250.72329245,1.95425514,no,no,{32EF044F-379F-4ABF-A2A9-F04F4F20F28D},2017-09-26T15:14:36.000Z
567,Abbeville,1979.08237464,3.09231621,no,no,{29176065-140D-428A-8513-6756FDE16F2B},2017-09-26T15:14:36.000Z
568,Waycross,7645.67214935,11.94636273,no,no,{0844CC09-5894-404D-AB46-0CB5B86EFE03},2017-09-26T15:14:36.000Z
569,Eton,771.23424658,1.20505351,no,no,{09F05A5D-B30F-4C49-A0D5-81A95BD88D0B},2017-09-26T15:14:36.000Z
570,Chatsworth,3407.66634574,5.32447867,no,no,{F9EBCAC0-9449-4810-8E57-CCD68B09CB7E},2017-09-26T15:14:36.000Z
571,Oak Park,4626.81264869,7.22939476,no,no,{328614CD-1AC0-4FD4-9FF0-D5A5122547B7},2017-09-26T15:14:37.000Z
572,Nunez,858.40025611,1.3412504,no,no,{E22511B6-142D-4D75-A7C9-05FDDED15B69},2017-09-26T15:14:37.000Z
573,Garfield,509.23491511,0.79567955,no,no,{22C24314-70A1-4F48-A513-31F14812C1AA},2017-09-26T15:14:37.000Z
574,Adrian,908.57762222,1.41965253,no,no,{59018B90-B467-4CEB-98E0-51EC3102E42D},2017-09-26T15:14:37.000Z
575,Harlem,2904.95500945,4.5389922,no,no,{4C3F91EF-BB54-4EC7-9C51-4B6AD59C65D2},2017-09-26T15:14:37.000Z
576,Grovetown,3095.33368434,4.83645888,no,no,{F4C73F43-A7B6-4790-901F-83715224FB6F},2017-09-26T15:14:37.000Z
577,Milledgeville,13158.96952846,20.56088989,no,no,{84464063-66D9-4327-A5AA-43F69FD21C61},2017-09-26T15:14:37.000Z
578,Rossville,1157.33199236,1.80833124,no,no,{84D52BD3-8ECB-4B02-B59D-4C3C4EE5CB19},2017-09-26T15:14:37.000Z
579,Lookout Mountain,1701.84865483,2.65913852,no,no,{A8D0CD03-6BFB-437E-9BFD-AF590FEC9ECD},2017-09-26T15:14:37.000Z
580,LaFayette,5229.19936718,8.17062401,no,no,{700EB1E2-DE97-45A7-B80C-6FEDFDD35991},2017-09-26T15:14:37.000Z
581,Chickamauga,1651.4200284,2.58034379,no,no,{5AB74CB9-65D7-4DED-B588-34F15569C0FB},2017-09-26T15:14:37.000Z
582,Fort Oglethorpe,8891.30246252,13.8926601,no,no,{2EE04441-95FD-4557-846D-0383AB2E7287},2017-09-26T15:14:37.000Z
583,Twin City,2314.06786702,3.61573104,no,no,{2ACBE57A-489A-4236-AB10-EC5D7BAE506A},2017-09-26T15:14:37.000Z
584,Swainsboro,8288.48605146,12.95075946,no,no,{7B49DD0E-2C60-4BE9-9F57-4EED52E814B0},2017-09-26T15:14:37.000Z
585,Summertown,506.35101611,0.79117346,no,no,{80DBED15-231A-4EED-8DBA-7050491E458D},2017-09-26T15:14:37.000Z
586,Stillmore,2049.15031121,3.20179736,no,no,{EB169E93-7359-4984-BF2A-7A6E8828ABCA},2017-09-26T15:14:37.000Z
587,Ellijay,2267.76226848,3.54337854,no,no,{7CFA8F52-05D6-4C66-B8FE-E39B2595A6C3},2017-09-26T15:14:37.000Z
588,East Ellijay,2177.23028546,3.40192232,no,no,{CABC85CE-004D-4F29-B988-77674F490EB7},2017-09-26T15:14:37.000Z
589,Ocilla,1633.94386131,2.55303728,no,no,{122EA606-051E-44B2-83C3-F14E6E6259BB},2017-09-26T15:14:37.000Z
590,Fitzgerald,5763.50164713,9.00547132,no,no,{590818FC-A3E6-4FE5-8BF1-6728BE9DEFA9},2017-09-26T15:14:37.000Z
591,Bowman,2009.71643844,3.14018194,no,no,{1B3915F5-E621-4BC8-8302-E006155259FC},2017-09-26T15:14:37.000Z
592,Nahunta,1814.88423052,2.83575661,no,no,{C64B0CF7-3BD9-47D9-A8B2-9018DC23FB70},2017-09-26T15:14:37.000Z
593,Hoboken,2206.24697389,3.4472609,no,no,{48EA375D-8489-4F2B-887C-8772C46CE47E},2017-09-26T15:14:37.000Z
594,Vernonburg,262.21367902,0.40970887,no,no,{4E54265D-22CD-4C76-BD24-38BDBABA7807},2017-09-26T15:14:37.000Z
595,Tybee Island,2053.34292494,3.20834832,no,no,{43B7D90A-AC0B-44AC-8066-ABD7A493BC67},2017-09-26T15:14:37.000Z
596,Thunderbolt,899.36497194,1.40525777,no,no,{23EE9B40-B4F5-4C0D-B926-08613D75DC30},2017-09-26T15:14:37.000Z
597,Savannah,69709.98785034,108.92185603,no,no,{13032642-7232-4430-88C1-C26988495AA4},2017-09-26T15:14:37.000Z
598,Port Wentworth,10640.15678331,16.62524498,no,no,{4EC6A4AC-C4B9-4797-8259-1767D3ED95B8},2017-09-26T15:14:37.000Z
599,Newborn,1033.28751971,1.61451175,yes,no,{C1D78520-E5EE-46EF-94ED-E36C8BAA554F},2017-09-26T15:14:37.000Z
600,Gillsville,914.13212658,1.42833145,yes,no,{52DD005B-C850-492A-92B1-5B8D62D0FFE0},2017-09-26T15:14:38.000Z
601,Union City,12493.07354883,19.52042742,yes,yes,{1AF72486-38C0-41EF-81AF-285CF7EFA5C1},2017-09-26T15:14:38.000Z
602,Social Circle,9967.31511485,15.57392987,yes,no,{F5EA4852-40AA-4A9D-B015-E03CEE2C77A9},2017-09-26T15:14:38.000Z
603,Porterdale,1506.30820452,2.35360657,yes,no,{E57438C6-B6A2-43F6-A513-380544C9E45F},2017-09-26T15:14:38.000Z
604,Covington,9907.02278132,15.4797231,yes,no,{1771066A-497F-449C-864D-4D8DAD0232CC},2017-09-26T15:14:38.000Z
605,Oxford,1399.20547343,2.18625855,yes,no,{0D84EAB2-7DAA-49D3-B8A0-513483AA2A39},2017-09-26T15:14:38.000Z
606,Kennesaw,6181.43387749,9.65849043,yes,yes,{B32C3327-8788-427B-A613-2B125CEA82FE},2017-09-26T15:14:38.000Z
607,Fort Valley,4802.78132323,7.50434582,no,no,{13DC60AE-0F29-4E48-A3A1-8E6D590B287F},2017-09-26T15:14:38.000Z
608,Warner Robins,22624.45792818,35.35071552,no,no,{9D723133-C2C3-4D3B-BC92-F887D42BC772},2017-09-26T15:14:38.000Z
609,Buford,10837.47152008,16.93354925,yes,yes,{37D9D46D-B7DC-41CA-9E48-A5B2CD1179CF},2017-09-26T15:14:38.000Z
610,Fairburn,10900.00399988,17.03125625,yes,yes,{4D6AC56C-E78E-46EF-A7BA-7B37EA79727D},2017-09-26T15:14:38.000Z
611,Perry,16831.76060945,26.29962596,no,no,{20A62652-7A11-4A5C-A489-AA548B48FD4B},2017-09-26T15:14:38.000Z
612,Byron,5537.53184208,8.6523935,no,no,{77D413F7-A326-4C32-8923-5496E7641582},2017-09-26T15:14:38.000Z
613,Hagan,1379.87879085,2.15606061,no,no,{CD769128-DB08-48A0-A985-E5DB6A44F710},2017-09-26T15:14:38.000Z
614,Daisy,593.69157937,0.92764309,no,no,{C7FFC4BD-7644-406B-84EF-3A38C95D7FD0},2017-09-26T15:14:38.000Z
615,Claxton,1123.07797302,1.75480933,no,no,{381C6543-DD34-447B-83D0-AF635E9E12D7},2017-09-26T15:14:38.000Z
616,Bellville,647.90230932,1.01234736,no,no,{C58D133E-1B36-496C-B8F9-719A4B54B4CC},2017-09-26T15:14:38.000Z
617,Georgetown-Quitman County,102757.59620584,160.55874409,no,no,{D6925309-7F8A-46D4-B1DE-C2FC858FFEA2},2017-09-26T15:14:38.000Z
618,Waynesboro,3503.29386803,5.47389667,no,no,{44D5F204-21B0-481F-B1AB-DD17073F6485},2017-09-26T15:14:38.000Z
619,Vidette,623.64149038,0.97443983,no,no,{338C75D2-64DF-43EC-B72D-9C0FC4EA37E2},2017-09-26T15:14:38.000Z
620,Sardis,1000.64608067,1.5635095,no,no,{D1DD8754-D735-426A-A741-6C5445D6AE19},2017-09-26T15:14:38.000Z
621,Midville,1278.73899825,1.99802969,no,no,{35D1AC3C-1511-4570-ADAA-AAB07D55641E},2017-09-26T15:14:38.000Z
622,Keysville,689.14039257,1.07678186,no,no,{9F35FF61-A335-4F57-B0A9-B5BEDB5E7D97},2017-09-26T15:14:38.000Z
623,Vidalia,11290.0367624,17.64068244,no,no,{63F69858-7125-4304-B4CA-4354009A0482},2017-09-26T15:14:38.000Z
624,Santa Claus,118.60363885,0.18531819,no,no,{3718CAC2-C3DC-466A-BCAD-CEB2B240B218},2017-09-26T15:14:38.000Z
625,Lyons,5373.91454285,8.39674147,no,no,{7D82C144-0920-4C4E-A345-30452F5259B7},2017-09-26T15:14:38.000Z
626,Forsyth,3772.27861484,5.89418534,no,no,{EB491E6D-7A4F-4DF1-A8F8-7BC473A16545},2017-09-26T15:14:38.000Z
627,Culloden,508.3480693,0.79429386,no,no,{962F238A-C456-43A8-9526-19BCBE82A6BF},2017-09-26T15:14:38.000Z
628,Homerville,2244.99297184,3.50780152,no,no,{0268A736-A113-4F21-9F9B-1047D8942B96},2017-09-26T15:14:38.000Z
629,Fargo,1765.02072567,2.75784488,no,no,{6E4BB98D-5B2A-4AE5-B4C7-22FE2FF17A2D},2017-09-26T15:14:38.000Z
630,Du Pont,501.03982783,0.78287473,no,no,{6A665551-4F65-4401-BAB3-0B99AB513234},2017-09-26T15:14:38.000Z
631,Argyle,1100.82157828,1.72003372,no,no,{1B0CE67F-4F3E-40C2-980D-E5E06754E835},2017-09-26T15:14:38.000Z
632,Girard,2050.07935184,3.20324899,no,no,{CBADDB21-0B58-48D9-8C94-04ECA5C57CB7},2017-09-26T15:14:38.000Z
633,Blythe,1811.68732526,2.83076145,no,no,{6B2D4844-86B1-4342-80CE-6A466F99215A},2017-09-26T15:14:38.000Z
634,Walthourville,2471.0622874,3.86103482,no,no,{85923151-D8B5-49ED-90A1-526324EF6C90},2017-09-26T15:14:38.000Z
635,Riceboro,7284.6030518,11.38219227,no,no,{66DDCB94-3307-4E31-BE89-A453B41ADC10},2017-09-26T15:14:38.000Z
636,Midway,4136.25786042,6.46290291,no,no,{654269C9-D9CB-41EE-A075-A533341D1E61},2017-09-26T15:14:38.000Z
637,Hinesville,13531.49013888,21.14295334,no,no,{4BA22B38-F4CA-47C2-9AED-AE1E78C9FF23},2017-09-26T15:14:38.000Z
638,Gumbranch,524.90576852,0.82016526,no,no,{5004A5EA-7616-41A7-A3A7-E8943179EBD7},2017-09-26T15:14:39.000Z
639,Flemington,3043.39285507,4.75530134,no,no,{BBC9321C-17E9-4AE3-B286-4ADBF70D3E75},2017-09-26T15:14:39.000Z
640,Allenhurst,709.18945826,1.10810853,no,no,{F66370AF-C1AA-4596-84B9-0FEAA0914582},2017-09-26T15:14:39.000Z
641,Ila,493.3121559,0.77080024,no,no,{2A2C809B-794A-408A-8BEE-DBB24D5D7992},2017-09-26T15:14:39.000Z
642,Hull,204.90996942,0.32017183,no,no,{D76EDF88-C198-4183-81D8-36D9E01E5168},2017-09-26T15:14:39.000Z
643,Danielsville,955.4360462,1.49286882,no,no,{4D037F7B-FD5E-4B55-9AAB-651D1417899C},2017-09-26T15:14:39.000Z
644,Comer,2088.79187898,3.26373731,no,no,{19F8FAEA-4FAA-43CA-8672-D6E04152DC15},2017-09-26T15:14:39.000Z
645,Colbert,654.66240725,1.02291001,no,no,{B1D2F48F-CD5A-472C-9B12-2706A21F56DC},2017-09-26T15:14:39.000Z
646,Carlton,645.96236969,1.0093162,no,no,{16EFC28B-49BE-43B3-8119-01BC388A6F48},2017-09-26T15:14:39.000Z
647,Watkinsville,2114.80957499,3.30438996,no,no,{58D43450-81D3-4E5D-9962-50008A871427},2017-09-26T15:14:39.000Z
648,North High Shoals,1595.24453809,2.49256959,no,no,{08E1C7F3-304C-461C-9F3A-BE0D34F9A028},2017-09-26T15:14:39.000Z
649,Bishop,505.40393274,0.78969365,no,no,{1B161A91-EA13-4A6A-8EEA-4156C5CEE5CE},2017-09-26T15:14:39.000Z
650,Homeland,1579.51626237,2.46799416,no,no,{A31E2C2B-1E44-4685-A11D-A0D5F2F70B6C},2017-09-26T15:14:39.000Z
651,Folkston,2684.99039189,4.19529749,no,no,{0310BED3-7474-4F61-AF60-01EED2761FEC},2017-09-26T15:14:39.000Z
652,Sparks,2648.96586507,4.13900916,no,no,{FC12D8D9-6E38-4DC2-B899-70A16ED46F53},2017-09-26T15:14:39.000Z
653,Lenox,1039.2364336,1.62380693,no,no,{44FEB268-34F9-4D46-85CF-B6704B338D1E},2017-09-26T15:14:39.000Z
654,Cecil,622.8693498,0.97323336,no,no,{18A2E4A9-8B7D-4410-9A9A-A7D1819E9289},2017-09-26T15:14:39.000Z
655,Adel,5273.00752141,8.23907425,no,no,{150D503B-9FCF-4A2F-86A2-991092415F38},2017-09-26T15:14:39.000Z
656,Ray City,570.49344447,0.89139601,no,no,{812A678C-7B70-4184-BEF3-9CC83C3E18F4},2017-09-26T15:14:39.000Z
657,Nashville,3010.82084574,4.70440757,no,no,{619D317F-14C1-4F3F-A021-A0038DA4AF1E},2017-09-26T15:14:39.000Z
658,Enigma,2101.30408659,3.28328764,no,no,{E46D3F75-77D5-43AD-92BB-EA9FF823BDA1},2017-09-26T15:14:39.000Z
659,Alapaha,657.05369836,1.0266464,no,no,{E6676EA2-4FF1-439D-833C-0DBE6E0015FD},2017-09-26T15:14:39.000Z
660,Offerman,2098.78078441,3.27934498,no,no,{F9F0BBAD-8EC7-404A-89B0-78B92E2C2559},2017-09-26T15:14:39.000Z
661,Blackshear,2876.05565068,4.49383695,no,no,{7A5B9FB1-24A2-4848-B6E5-17FA2242A490},2017-09-26T15:14:39.000Z
662,Jakin,793.72887412,1.24020137,no,no,{4839D681-209B-4A65-9B7C-0BC8EF91EA33},2017-09-26T15:14:39.000Z
663,Damascus,1132.14450748,1.76897579,no,no,{2D847E13-E2BA-460C-ABB6-72378FA3A86B},2017-09-26T15:14:39.000Z
664,Reynolds,1281.04456687,2.00163214,no,no,{91273AC8-A47A-43F3-8451-7CA6EABFCB71},2017-09-26T15:14:39.000Z
665,Butler,2089.52959105,3.26488999,no,no,{489D40A7-4A56-4BE7-9EDE-CDF9C862509B},2017-09-26T15:14:39.000Z
666,Dawsonville,5251.17663564,8.20496349,no,no,{DD1B9F66-2D91-4336-A7CE-7B0D666BBA02},2017-09-26T15:14:39.000Z
667,Wrightsville,2307.2790906,3.60512358,no,no,{04DB9C44-DE4F-4AA5-A33B-805725658241},2017-09-26T15:14:39.000Z
668,Kite,519.1348584,0.81114822,no,no,{74794E81-4556-4EFD-B886-536CA8723C61},2017-09-26T15:14:39.000Z
669,Blakely,11303.66096858,17.66197027,no,no,{ECA76216-FA98-4B02-8209-C185831E58C0},2017-09-26T15:14:39.000Z
670,Arlington,2645.48681107,4.13357314,no,no,{18A6AA52-2F05-47DD-A0AE-81F316B1870A},2017-09-26T15:14:39.000Z
671,Vienna,3513.47673824,5.4898074,no,no,{B9B8BE2A-D177-489B-A10B-8E4DEA2C96ED},2017-09-26T15:14:39.000Z
672,Byromville,231.59769926,0.36187141,no,no,{FEE4A3CD-3E9F-4DB6-8826-BE9009FD8635},2017-09-26T15:14:39.000Z
673,Washington,4963.5082556,7.75548165,no,no,{985F16DD-82EB-435F-8380-765AA44432A6},2017-09-26T15:14:39.000Z
674,Smithville,1627.76993096,2.54339052,no,no,{7F8777C8-2844-4C72-B3E3-8468F9117676},2017-09-26T15:14:39.000Z
675,Leesburg,3192.23073486,4.98786052,no,no,{BC905351-F96A-4221-8E58-B74DB9E9EC0F},2017-09-26T15:14:39.000Z
676,Tignall,1787.19798603,2.79249685,no,no,{ECDA8763-9A71-49CC-94A5-D941E5B2DBA5},2017-09-26T15:14:39.000Z
677,Rayle,668.21401938,1.04408441,no,no,{71C155BF-1B1F-48DA-A209-73BD8163DECA},2017-09-26T15:14:39.000Z
678,Milner,1282.85823285,2.00446599,no,no,{D4F73FA4-C6F3-417F-8400-ED03F9CC8A74},2017-09-26T15:14:39.000Z
679,Barnesville,3904.5108978,6.10079828,no,no,{10AD6627-0664-4259-A967-BD51209A8344},2017-09-26T15:14:39.000Z
680,Aldora,165.79126839,0.25904886,no,no,{48665A4A-92E1-4E55-88FC-4A6EC064D3AD},2017-09-26T15:14:40.000Z
681,Waco,1177.45743944,1.83977725,no,no,{1B64F641-529C-43F5-AC44-8507954E38E9},2017-09-26T15:14:40.000Z
682,Tallapoosa,6434.80584605,10.05438414,no,no,{29B7F954-CC62-41EA-9CE8-2B7588117796},2017-09-26T15:14:40.000Z
683,Braswell,2549.60729045,3.98376139,yes,no,{70CFB042-97B6-42CF-8309-63D831AF988C},2017-09-26T15:14:40.000Z
684,Clermont,1855.35695939,2.89899525,yes,no,{06B0EFB8-56A6-4BE5-B59D-32E3777E22EB},2017-09-26T15:14:40.000Z
685,Hampton,3516.66308425,5.49478607,yes,yes,{C52274C0-643C-4AB5-97A2-87D06C25C5BB},2017-09-26T15:14:40.000Z
686,Mount Zion,5876.01449203,9.18127264,yes,no,{2C5AA772-C16A-4D43-AE6A-05945F4AB48A},2017-09-26T15:14:40.000Z
687,Fayetteville,8198.55398667,12.81024061,yes,yes,{911AF378-97D3-4BDF-95BC-8ADE961D7467},2017-09-26T15:14:40.000Z
688,Woolsey,537.2338708,0.83942792,yes,yes,{B99DF49F-BAC2-4EB7-923A-EE219DD16E86},2017-09-26T15:14:40.000Z
689,Mansfield,671.84885719,1.04976384,yes,no,{68E10801-A172-4D3F-AB02-0D14877ADFCF},2017-09-26T15:14:40.000Z
690,Buchanan,1082.38025003,1.69121914,no,no,{7981C24E-F157-4F35-B2F3-B0DE3B3851D1},2017-09-26T15:14:40.000Z
691,Mitchell,949.57144048,1.48370538,no,no,{EABB5BA0-CB92-4FCF-8943-80D170F9A28B},2017-09-26T15:14:40.000Z
692,Gibson,665.3576378,1.03962131,no,no,{FF5C72D2-4E03-4BBD-9486-720F4D327C8F},2017-09-26T15:14:40.000Z
693,Edge Hill,118.27169513,0.18479952,no,no,{98A007BC-5909-4E38-9699-88DF19316DBC},2017-09-26T15:14:40.000Z
694,Nicholls,1185.8832787,1.85294262,no,no,{A44E350F-5E21-44AF-AFF9-895B6F89E5B0},2017-09-26T15:14:40.000Z
695,Douglas,8935.92966364,13.9623901,no,no,{C128A252-8EDF-42C2-A4EB-A920C0E2FEF1},2017-09-26T15:14:40.000Z
696,Broxton,2149.81712359,3.35908926,no,no,{E7A88F18-CD8C-4B53-9D9F-8182F9EC4493},2017-09-26T15:14:40.000Z
697,Ambrose,2006.40695515,3.13501087,no,no,{792FB475-7410-4CB5-95EC-4A97AE8AFFAF},2017-09-26T15:14:40.000Z
698,Jeffersonville,2347.21043421,3.6675163,no,no,{38ED7D14-DCD5-47BF-B866-22D6CC240212},2017-09-26T15:14:40.000Z
699,Danville,504.9451689,0.78897683,no,no,{7AF373C3-CE26-4320-840A-6CD96EB79980},2017-09-26T15:14:40.000Z
700,Hephzibah,12410.8767315,19.3919949,no,no,{B58E4906-8654-4CF5-A2D7-40E0463AB0FE},2017-09-26T15:14:40.000Z
701,Augusta-Richmond County (balance),196414.17705927,306.89715169,no,no,{A7B5FF7F-4163-493C-89C9-C13F97BBA348},2017-09-26T15:14:40.000Z
702,Trion,2462.01431959,3.84689737,no,no,{3071C834-8D58-40B3-95DF-13426D2E0858},2017-09-26T15:14:40.000Z
703,Summerville,2568.89902577,4.01390473,no,no,{24722E36-011E-483E-8811-2D5996D2A53B},2017-09-26T15:14:40.000Z
704,Menlo,501.22064362,0.78315726,no,no,{F5F9796D-2302-4C92-9347-0F1E68F04570},2017-09-26T15:14:40.000Z
705,Lyerly,480.91994161,0.75143741,no,no,{DC128247-3E06-418E-89DE-AFC40D3D5992},2017-09-26T15:14:40.000Z
706,Helen,1391.59858204,2.17437278,no,no,{BE9F363C-5D0F-4CC2-8D33-8641085DCCA7},2017-09-26T15:14:40.000Z
707,Cleveland,2469.31729116,3.85830827,no,no,{0EF494DD-1896-409A-9179-54B0A552CDF2},2017-09-26T15:14:40.000Z
708,Colquitt,5293.20618953,8.27063467,no,no,{EE422F2F-6E60-4DE8-B1E7-D703C17CFF25},2017-09-26T15:14:40.000Z
709,Woodbury,1319.35497253,2.06149214,no,no,{884A384C-F90A-4A55-AA73-27C48A2F219B},2017-09-26T15:14:40.000Z
710,Warm Springs,884.76701446,1.38244846,no,no,{AE2EF98F-CD2F-429E-AD67-80127372E9B4},2017-09-26T15:14:40.000Z
711,Luthersville,2039.03388517,3.18599045,no,no,{C1DDD08E-FB96-4C83-86BB-7621C539D35C},2017-09-26T15:14:40.000Z
712,Lone Oak,399.85023726,0.624766,no,no,{ABFAC663-6EB4-44E9-8880-88F6E3E84B4D},2017-09-26T15:14:40.000Z
713,Greenville,1508.89953813,2.35765553,no,no,{A6E5799B-B7FA-46E0-92C1-07BF55512983},2017-09-26T15:14:40.000Z
714,Gay,552.30201299,0.8629719,no,no,{D81BC086-A8CA-4A68-AF94-240E5FD5C2E7},2017-09-26T15:14:40.000Z
715,Pine Mountain,1912.96959586,2.98901499,no,no,{3A4A3564-1CDA-4686-9B16-813653BCD16D},2017-09-26T15:14:40.000Z
716,Sale City,1174.54356096,1.83522431,no,no,{169AC30F-D562-4581-B9AB-C1E946A0DAC0},2017-09-26T15:14:40.000Z
717,Pelham,2609.08119628,4.07668937,no,no,{5ED5D78E-C86D-4218-9DCD-F4A00E2F58D4},2017-09-26T15:14:40.000Z
718,Woodville,3136.85825887,4.90134103,no,no,{D9C82E72-2E1E-4925-AFAC-5176536DA29E},2017-09-26T15:14:40.000Z
719,White Plains,3019.47510701,4.71792986,no,no,{A3195FC6-3380-452B-A49C-4AF94F9DB278},2017-09-26T15:14:40.000Z
720,Union Point,1224.75296866,1.91367651,no,no,{9B224D8C-3495-4CE8-B6FE-D21556AFA479},2017-09-26T15:14:40.000Z
721,Siloam,794.37563729,1.24121193,no,no,{A4BEC7CD-6D8B-4569-B4DE-31CABBC3971D},2017-09-26T15:14:40.000Z
722,Greensboro,4349.01225766,6.79533165,no,no,{5B01A49E-7C49-441B-893A-1D8BE6DCF6B5},2017-09-26T15:14:40.000Z
723,Shellman,2065.53351865,3.22739612,no,no,{D013578B-38F0-43CE-B4C0-EE10ED047471},2017-09-26T15:14:41.000Z
724,Cuthbert,1957.73517898,3.05896122,no,no,{0E4B1E4B-E9C2-41B8-847B-CD876246CC3C},2017-09-26T15:14:41.000Z
725,Plains,521.0219902,0.81409686,no,no,{07067151-80AB-491E-A339-2CDF1A138978},2017-09-26T15:14:41.000Z
726,Leslie,1134.75170895,1.77304955,no,no,{DEF6FCA4-7B55-44C0-BC09-BDFDEF506B02},2017-09-26T15:14:41.000Z
727,De Soto,521.84489765,0.81538265,no,no,{203EE5BB-FBB7-4E75-8748-767612536BCA},2017-09-26T15:14:41.000Z
728,Andersonville,889.98262114,1.39059785,no,no,{7081FC8E-486F-48D7-BEA1-023793737F14},2017-09-26T15:14:41.000Z
729,Americus,7333.0002472,11.45781289,no,no,{7EF734B3-6A5B-4750-8714-7631865074D9},2017-09-26T15:14:41.000Z
730,Hawkinsville,3264.73441169,5.10114752,no,no,{1A5F2BCE-3919-476B-A133-AF2B6A8E1EAC},2017-09-26T15:14:41.000Z
731,Royston,2177.08743442,3.40169912,no,no,{6F4E6635-2E12-4DF3-A88F-175764CBA4FD},2017-09-26T15:14:41.000Z
732,Martin,1620.54883618,2.53210756,no,no,{6F9B8E14-2E16-44D3-B886-ECB607483849},2017-09-26T15:14:41.000Z
733,Lavonia,2937.54947873,4.58992106,no,no,{E03836FC-35A7-42B1-985C-9FC739A51DE4},2017-09-26T15:14:41.000Z
734,Franklin Springs,1405.82460479,2.19660095,no,no,{C8432384-B957-483F-80E2-8E2B1114C089},2017-09-26T15:14:41.000Z
735,Carnesville,1692.19199137,2.64404999,no,no,{C03FB04C-8D47-4962-A520-5CBC49E9277C},2017-09-26T15:14:41.000Z
736,Canon,2001.6452103,3.12757064,no,no,{CCE9214D-8C68-4148-807D-7CE0CCAFDC4A},2017-09-26T15:14:41.000Z
737,Quitman,2654.3648187,4.14744503,no,no,{23B9BDF2-1486-42BD-9763-DACC9F52FCAC},2017-09-26T15:14:41.000Z
738,Pavo,1129.64183043,1.76506536,no,no,{FD2D1496-890C-4D79-99CE-249A22C82C1C},2017-09-26T15:14:41.000Z
739,Morven,1114.09057141,1.74076652,no,no,{2464E2BF-26DB-4E74-A473-264B7A5EDBF2},2017-09-26T15:14:41.000Z
740,Barwick,479.40094971,0.74906398,no,no,{7AFAE782-1773-48B8-B03A-8C639A7BB442},2017-09-26T15:14:41.000Z
741,Scotland,900.70007791,1.40734387,no,no,{3188A1CC-F11B-4310-B18C-AD2D3FDA899D},2017-09-26T15:14:41.000Z
742,Milan,2017.36900544,3.15213907,no,no,{F3E63A9B-E13D-4D3D-98D2-E0ECBC3E04DA},2017-09-26T15:14:41.000Z
743,McRae,2829.79238233,4.4215506,no,no,{92A62FDE-9AA4-4FEF-9223-E0602AC21467},2017-09-26T15:14:41.000Z
744,Jacksonville,714.37009696,1.11620328,no,no,{444C5E7F-B62E-4662-8509-2BCAA2BB4F12},2017-09-26T15:14:41.000Z
745,Helena,1354.22376403,2.11597463,no,no,{C9C210FE-3A8C-427F-B022-F7E80898A970},2017-09-26T15:14:41.000Z
746,Alma,3982.5930174,6.22280159,no,no,{CC03781F-0F4D-423F-A2E0-FEC7EC17BE23},2017-09-26T15:14:41.000Z
747,Sycamore,647.20667314,1.01126043,no,no,{40EE61EF-5654-4675-8370-2DBBF97F16B4},2017-09-26T15:14:41.000Z
748,Rebecca,502.74055987,0.78553212,no,no,{E58C0CC5-2B98-4E21-8D59-5610D69CF007},2017-09-26T15:14:41.000Z
749,Ashburn,3071.18630579,4.7987286,no,no,{EB813337-0160-43BD-B519-35A4C21D6B54},2017-09-26T15:14:41.000Z
750,Willacoochee,2445.54330677,3.82116142,no,no,{884C0E3A-09B5-4A48-BD7B-79A086D62924},2017-09-26T15:14:41.000Z
751,Pearson,2151.98535914,3.36247712,no,no,{93D4ED19-0295-49A2-A79B-D3BDDF606350},2017-09-26T15:14:41.000Z
752,Young Harris,680.00549142,1.06250858,no,no,{00BC247C-051D-4A7C-ADE9-DECB442B2ECF},2017-09-26T15:14:41.000Z
753,Hiawassee,1345.3962296,2.10218161,no,no,{61F496EC-153D-4DBA-923F-1B4CF1871E3D},2017-09-26T15:14:41.000Z
754,Sylvania,3281.04291144,5.12662955,no,no,{E1CCC242-64B3-447D-8C19-670374791654},2017-09-26T15:14:41.000Z
755,Rocky Ford,793.17205643,1.23933134,no,no,{43E2B634-7478-4EFF-A859-74F571C6E7AD},2017-09-26T15:14:41.000Z
756,Oliver,600.92190626,0.93894048,no,no,{8B15534C-0438-4354-85B8-F8A0E51A9F62},2017-09-26T15:14:41.000Z
757,Newington,519.90018809,0.81234404,no,no,{1FE90FEF-2A51-41A5-A828-84CEEE636179},2017-09-26T15:14:41.000Z
758,Hiltonia,1116.10680791,1.74391689,no,no,{F4FBF9D3-9273-4AD5-AAE1-23ACD37077A3},2017-09-26T15:14:41.000Z
759,LaGrange,25711.47062805,40.17417286,no,no,{1E5584F6-C8EC-43E8-8D17-179EA883314C},2017-09-26T15:14:41.000Z
760,Valdosta,23261.36989693,36.34589047,no,no,{7CFD5AC9-EF72-4A05-89B9-0E4AD20E4995},2017-09-26T15:14:41.000Z
761,Remerton,130.65407053,0.20414699,no,no,{22733EF9-73FF-4116-B8A9-7EA117485C14},2017-09-26T15:14:41.000Z
762,Lake Park,903.96608302,1.412447,no,no,{E9522A11-83EF-4367-82D4-C39DAA8800F1},2017-09-26T15:14:41.000Z
763,Hahira,1658.7467608,2.59179181,no,no,{FA7DE69E-202E-4D44-9A5C-21D8546DE747},2017-09-26T15:14:41.000Z
764,Dasher,3176.43535438,4.96318024,no,no,{2DC608F8-F95C-4D66-AE0A-DF4D10D65A19},2017-09-26T15:14:42.000Z
765,Thomasville,9654.84259581,15.08569156,no,no,{2C27871B-A32F-49D4-91F5-3536AC8880FF},2017-09-26T15:14:42.000Z
766,Hogansville,4424.81037837,6.91376622,no,no,{B4217F7A-ED52-491D-8AB1-A66F47557FFA},2017-09-26T15:14:42.000Z
767,West Point,7226.839577,11.29193684,no,no,{7EF9F8FE-2F09-4717-95DB-13DF4678CD80},2017-09-26T15:14:42.000Z
768,Rentz,676.56389269,1.05713108,no,no,{45929E5F-1C72-4800-8ED8-58DFCC00F0FD},2017-09-26T15:14:42.000Z
769,Montrose,1037.19277427,1.62061371,no,no,{EA6B8104-9E27-4B3F-94F0-E2BFBC045387},2017-09-26T15:14:42.000Z
770,East Dublin,2625.18739546,4.10185531,no,no,{293C18EF-5362-47B5-BC82-D43773CCA1C5},2017-09-26T15:14:42.000Z
771,Taylorsville,954.98877092,1.49216995,yes,no,{CCD77A3F-DA55-4CDF-9551-55802A0352B7},2017-09-26T15:14:42.000Z
772,Flowery Branch,4098.48894432,6.40388898,yes,no,{664F2600-1628-4416-A046-EAC7CE704BFC},2017-09-26T15:14:42.000Z
773,Peachtree City,16336.00045254,25.52500071,yes,yes,{858C3070-626E-4BDB-AC52-4B5F54CE96FF},2017-09-26T15:14:42.000Z
774,Pulaski,511.60300772,0.7993797,no,no,{2DE4F19F-F1EA-4204-AB52-843308E293F5},2017-09-26T15:14:42.000Z
775,Metter,5047.82565751,7.88722759,no,no,{5055F0F7-91BD-400C-9239-AE27AB61094A},2017-09-26T15:14:42.000Z
776,Dudley,2189.81058162,3.42157903,no,no,{9ADD6633-2152-40AC-A6B2-C943772F53A8},2017-09-26T15:14:42.000Z
777,Dublin,9975.46349848,15.58666172,no,no,{8DF197D9-F8FD-4580-BBCE-E796425E9F57},2017-09-26T15:14:42.000Z
778,Dexter,502.87734727,0.78574586,no,no,{CBCC8148-C9E2-4880-8FA4-A8359BCA0AB4},2017-09-26T15:14:42.000Z
779,Cadwell,822.87263892,1.2857385,no,no,{E957EC52-23B6-4B89-91F3-00626A85D0E1},2017-09-26T15:14:42.000Z
780,Morganton,534.23743627,0.83474599,no,no,{D64FA535-A9AF-4F14-9932-F898C8757B5D},2017-09-26T15:14:42.000Z
781,McCaysville,1025.8277713,1.60285589,no,no,{826D9A0C-D655-40B9-BEA4-0C605F605D9C},2017-09-26T15:14:42.000Z
782,Newton,1929.6411196,3.01506425,no,no,{EED9B354-5D00-43F4-80D1-EB08585103DC},2017-09-26T15:14:42.000Z
783,Blue Ridge,1523.61541761,2.38064909,no,no,{96911ABC-C74A-4F86-858C-B48B31E978E5},2017-09-26T15:14:42.000Z
784,Morgan,837.99376343,1.30936526,no,no,{20633ED6-2EC3-4BE7-8E6B-CC87045548E7},2017-09-26T15:14:42.000Z
785,Leary,2056.8390865,3.21381107,no,no,{F7011F6F-95DB-4BCE-86EF-C6B89CAEF2F1},2017-09-26T15:14:42.000Z
786,Edison,1497.56557975,2.33994622,no,no,{8A4C9F1A-B461-4E96-BCE9-02EA08D1C604},2017-09-26T15:14:42.000Z
787,Lincolnton,2257.92570995,3.52800892,no,no,{6CF55B35-5D6D-45E9-9D8D-D6CBCFF160A3},2017-09-26T15:14:42.000Z
788,Cordele,6542.74586192,10.22304041,no,no,{9F2E4BA3-C566-4E34-B0A9-DC178546852E},2017-09-26T15:14:42.000Z
789,Arabi,4113.61934361,6.42753023,no,no,{19EC69FA-D7AD-40FC-BD05-DDF3D1C0EDB0},2017-09-26T15:14:42.000Z
790,Centerville,2536.41386748,3.96314667,no,no,{0C87B11F-3000-4F5D-8B6A-17D77C1689BF},2017-09-26T15:14:42.000Z
791,Talking Rock,952.0066202,1.48751034,no,no,{790502BC-4630-49D4-AF2C-A031BFEE910A},2017-09-26T15:14:42.000Z
792,Jasper,5479.78324952,8.56216133,no,no,{A0F7E985-5461-4782-B1AC-9FC062277B4D},2017-09-26T15:14:42.000Z
793,Nelson,931.88019025,1.4560628,yes,yes,{6DCAD423-70F9-4569-9C6F-E0AF4329CF77},2017-09-26T15:14:42.000Z
794,Webster County,134546.10279027,210.22828564,no,no,{B0B2EB3A-C06E-47E3-AF33-F5CEAB772B32},2017-09-26T15:14:42.000Z
795,Screven,1390.61657001,2.17283839,no,no,{ABC90DB8-3A40-45EB-ABB3-69E2635D3718},2017-09-26T15:14:42.000Z
796,Odum,1243.97519641,1.94371124,no,no,{1B8ADBFE-FA19-4380-BE08-A9A38EE349DC},2017-09-26T15:14:42.000Z
797,Jesup,10652.97273235,16.6452699,no,no,{EFB6385E-D931-479C-85EF-6DB0295803AF},2017-09-26T15:14:42.000Z
798,Springfield,1767.95799415,2.76243437,no,no,{DC53ADA1-666E-4823-8B70-900A703017FB},2017-09-26T15:14:42.000Z
799,Rincon,5681.11047727,8.87673512,no,no,{154D859C-2441-4174-8D7F-C2CD77D18717},2017-09-26T15:14:42.000Z
800,Guyton,2061.98705263,3.22185477,no,no,{DE016EA0-1F6F-4A6D-B198-86805F2C1BBB},2017-09-26T15:14:42.000Z
801,Maxeys,1530.9059074,2.39204048,no,no,{C8FB81D8-DB2E-4999-96F7-E2581EF11CBD},2017-09-26T15:14:42.000Z
802,Lexington,350.70430616,0.54797548,no,no,{9FF1FC51-29A5-436E-AFCD-D0C9B7B6452D},2017-09-26T15:14:42.000Z
803,Arnoldsville,1088.88280468,1.70137938,no,no,{48FA124C-E4D6-40DA-BFB6-AFADF1226F18},2017-09-26T15:14:42.000Z
804,Payne,27.4591184,0.04290487,no,no,{6577ADC9-8B6E-4FFB-9B86-ECE26E08E583},2017-09-26T15:14:42.000Z
805,Harrison,1131.1149598,1.76736712,no,no,{1376B903-5A05-49FD-9EEB-5855D55B910D},2017-09-26T15:14:42.000Z
806,Deepstep,565.98003656,0.88434381,no,no,{C6B34407-B4FB-469D-A313-454B6C06873D},2017-09-26T15:14:43.000Z
807,Davisboro,1955.8134394,3.0559585,no,no,{00909DDF-4677-45A4-B78D-CD2FFB3FDA17},2017-09-26T15:14:43.000Z
808,Rhine,2010.48486662,3.1413826,no,no,{2E0BDC05-32BE-4AB7-A1BA-F5D77AD17FB9},2017-09-26T15:14:43.000Z
809,Eastman,3498.61907453,5.4665923,no,no,{31053B1B-50C7-4A89-8076-CCA0E2988997},2017-09-26T15:14:43.000Z
810,Chester,559.64138273,0.87443966,no,no,{42F851F3-D1C9-497F-8893-A12425784DC1},2017-09-26T15:14:43.000Z
811,Chauncey,1104.82089206,1.72628264,no,no,{E434E75B-6A67-400D-B34E-1E6A51F5C2C8},2017-09-26T15:14:43.000Z
812,Sharon,501.04120202,0.78287688,no,no,{54774D7A-2BF0-4AB6-B750-1152E90ED9B6},2017-09-26T15:14:43.000Z
813,Crawfordville,2007.5233597,3.13675525,no,no,{5925F04E-C57D-4CE2-A052-870B8AFE5514},2017-09-26T15:14:43.000Z
814,Climax,510.82061516,0.79815721,no,no,{BB90E9DC-B953-4132-AA24-0D0A1C7611AC},2017-09-26T15:14:43.000Z
815,Statesboro,8879.5372739,13.87427699,no,no,{B2296D70-A28F-48AE-B8AF-F8251F7426EE},2017-09-26T15:14:43.000Z
816,Ringgold,3042.23038823,4.75348498,no,no,{C6F3AB3B-CE1F-418C-8868-B0A5A8D77C18},2017-09-26T15:14:43.000Z
817,Register,500.12618254,0.78144716,no,no,{0AE737BA-5A0D-4863-BA0A-180BF5C63B26},2017-09-26T15:14:43.000Z
818,Portal,1394.44381258,2.17881846,no,no,{8093EA89-0BCD-4D37-990E-2BB2BC17FB80},2017-09-26T15:14:43.000Z
819,Brooklet,2155.28892306,3.36763894,no,no,{93C86F58-1749-43F7-819F-1FC1AE36F4FC},2017-09-26T15:14:43.000Z
820,Millen,2308.37352074,3.60683363,no,no,{850796F8-5242-4835-9325-2A67F227FEFA},2017-09-26T15:14:43.000Z
821,Sparta,1170.2389546,1.82849837,no,no,{DF302C3F-0ABB-487A-8162-F1279903ECB1},2017-09-26T15:14:43.000Z
822,Albany,35760.70533796,55.8761021,no,no,{255EE21D-18CB-401C-9863-D751900D3BD8},2017-09-26T15:14:43.000Z
823,Yatesville,560.75792837,0.87618426,no,no,{14676678-6C58-4B70-8923-6A58AED218DD},2017-09-26T15:14:43.000Z
824,Thomaston,6231.44547858,9.73663356,no,no,{F70D868A-8627-4E8D-B52D-6CA8CCAD3EB2},2017-09-26T15:14:43.000Z
825,Columbus,141431.6538786,220.98695921,no,no,{13BF83C0-02EA-4773-A8B5-6EC58CBEAD75},2017-09-26T15:14:43.000Z
826,Fort Gaines,4928.25142486,7.70039285,no,no,{242207C3-2D50-4BDD-BD96-A4D659145DBF},2017-09-26T15:14:43.000Z
827,Bluffton,1029.03576212,1.60786838,no,no,{5837F049-E563-4276-9571-803D8A0C3E1D},2017-09-26T15:14:43.000Z
828,Buena Vista,2107.27280422,3.29261376,no,no,{498EA87F-8C92-4ED2-B361-BD1578D12B5A},2017-09-26T15:14:43.000Z
829,Richland,2076.47849708,3.24449765,no,no,{9BD44804-B77F-4B8C-A95D-F6BA4C212A8D},2017-09-26T15:14:43.000Z
830,Lumpkin,1023.63180742,1.5994247,no,no,{7B9513E5-EEDF-4F6F-8ABB-66C2200B2502},2017-09-26T15:14:43.000Z
831,Franklin,2229.54538009,3.48366466,no,no,{8F295785-3CDA-4E73-9364-91145924D712},2017-09-26T15:14:43.000Z
832,Ephesus,1932.63082552,3.01973567,no,no,{CCF28FB3-BCE0-47AD-9C39-143470745488},2017-09-26T15:14:43.000Z
833,Centralhatchee,2096.99465519,3.27655415,no,no,{A0B74FE0-13AD-42C0-8A24-797117E7A3B8},2017-09-26T15:14:43.000Z
834,Warwick,519.65467114,0.81196042,no,no,{385B5BEA-8E40-4B53-A406-04CF850F412E},2017-09-26T15:14:43.000Z
835,Sylvester,3973.58667315,6.20872918,no,no,{B4C13EDE-1B1B-4EC6-BF57-328908C60F79},2017-09-26T15:14:43.000Z
836,Sumner,1157.20600878,1.80813439,no,no,{B436F5F0-71DD-449F-9129-65B2B643668C},2017-09-26T15:14:43.000Z
837,Poulan,1070.77380875,1.67308408,no,no,{659D4169-68B8-4B1F-B429-C1B2C04201B7},2017-09-26T15:14:43.000Z
838,Toomsboro,1191.5861458,1.86185335,no,no,{1D2E0D01-6887-480B-AE7D-3C9B292CBD7B},2017-09-26T15:14:43.000Z
839,McIntyre,3434.95620235,5.36711907,no,no,{190A64C1-7BE1-4916-84B6-4A122B56382C},2017-09-26T15:14:43.000Z
840,Glenwood,2023.43760863,3.16162126,no,no,{182C3ACF-9A16-446C-9F12-3B972A87D6FB},2017-09-26T15:14:43.000Z
841,Alamo,1288.93220976,2.01395658,no,no,{9D86447E-17C3-406D-850F-40B6F01808DF},2017-09-26T15:14:43.000Z
842,Irwinton,2012.81021726,3.14501596,no,no,{5CD369F1-4C36-4585-99F1-DA88D5793A82},2017-09-26T15:14:43.000Z
843,Gordon,3481.74289881,5.44022328,no,no,{C77FB842-A7B2-4C00-B565-8055C6CF596B},2017-09-26T15:14:43.000Z
844,Darien,15406.3296161,24.07239003,no,no,{CD029124-14D1-46B8-8FC6-2EE198512474},2017-09-26T15:14:43.000Z
845,Jenkinsburg,796.08458701,1.24388217,no,no,{E35506F1-6AF8-4A86-BFD2-0D2D40EAED47},2017-09-26T15:14:43.000Z
846,Jackson,4005.18417313,6.25810027,no,no,{8A7749D7-4ED2-4C96-A0A9-E47C313F79C3},2017-09-26T15:14:43.000Z
847,Flovilla,1253.04885335,1.95788883,no,no,{BC538EFD-BA7A-4489-8461-26A304EF5227},2017-09-26T15:14:43.000Z
848,Shady Dale,563.11854418,0.87987273,no,no,{93DAA277-C549-4D14-80B8-10A0C436E323},2017-09-26T15:14:43.000Z
849,Monticello,2073.81485474,3.24033571,no,no,{6CBBD4F8-8F1B-4FEC-8597-FADBE920774C},2017-09-26T15:14:43.000Z
850,Oglethorpe,1306.06866565,2.04073229,no,no,{338F9F6E-6AB7-4DE0-A333-3AC278FA520A},2017-09-26T15:14:43.000Z
851,Brooks,2867.54016183,4.4805315,yes,yes,{DA7F67A6-BB67-4252-BCB3-F27A1691B745},2017-09-26T15:14:44.000Z
852,Griffin,8990.07437571,14.04699121,yes,no,{262B2ED5-C3C2-4F26-8CE5-D8DAF6BEB2E2},2017-09-26T15:14:44.000Z
853,Auburn,4220.54559212,6.59460249,yes,yes,{B3BD14C5-EF9F-415A-B720-F302DD37D321},2017-09-26T15:14:44.000Z
854,Shiloh,1454.84711541,2.27319862,no,no,{2FDA2DD7-67AE-4CBE-B285-FC4B2CF3010F},2017-09-26T15:14:44.000Z
855,Jonesboro,1621.29292406,2.53327019,yes,yes,{3503B2B0-FA78-443C-A1F5-E9A9B4EB85C3},2017-09-26T15:14:44.000Z
856,Hamilton,2116.22853569,3.30660709,no,no,{E2A0C84A-A5CE-4A42-8106-4148DE5008F0},2017-09-26T15:14:44.000Z
857,Ideal,739.11864863,1.15487289,no,no,{15518956-8FBF-4CFF-9A9E-6736895BC27F},2017-09-26T15:14:44.000Z
858,Denton,986.81403445,1.54189693,no,no,{A2D3AC82-6F07-4C22-A272-4BF64D05E884},2017-09-26T15:14:44.000Z
859,Toccoa,6125.17628475,9.57058795,no,no,{0FF1B6F5-ACBC-4311-9D49-0E6D07BAA03D},2017-09-26T15:14:44.000Z
860,Avalon,1131.33394173,1.76770928,no,no,{598EE0F3-C72D-4A1E-8EED-1190471FBD62},2017-09-26T15:14:44.000Z
861,Ty Ty,511.16998757,0.79870311,no,no,{35F3AF70-9E98-40E4-BA60-981C7AEA9156},2017-09-26T15:14:44.000Z
862,Tifton,8179.66115953,12.78072056,no,no,{2006CE93-055B-436B-833C-EE0C61DDFE17},2017-09-26T15:14:44.000Z
863,Omega,1154.69530735,1.80421142,no,no,{BBBC1AF9-C79F-4141-B3D4-BBD75D6A3433},2017-09-26T15:14:44.000Z
864,Riverside,135.4815385,0.2116899,no,no,{7187EE98-6AA5-4FF1-B410-3B6658CA0707},2017-09-26T15:14:44.000Z
865,Norman Park,2005.94747712,3.13429293,no,no,{ED450ECE-2886-45CB-BFBC-ED2F621D630F},2017-09-26T15:14:44.000Z
866,Moultrie,10578.51852635,16.5289352,no,no,{1E5A84DC-772F-465D-9592-B0582DDF2635},2017-09-26T15:14:44.000Z
867,Funston,744.90947504,1.16392105,no,no,{EEB23DDA-AE2F-4ECE-A5A7-49F86C80E660},2017-09-26T15:14:44.000Z
868,Ellenton,508.74462064,0.79491347,no,no,{6183F82F-49FD-435C-AB81-22E28FAD698D},2017-09-26T15:14:44.000Z
869,Doerun,810.19809329,1.26593452,no,no,{21992C20-8FFA-4692-AFCA-CA5617D992C5},2017-09-26T15:14:44.000Z
870,Berlin,473.27192866,0.73948739,no,no,{FA8BAD0E-730F-4EE5-B0A4-1B2CF390A537},2017-09-26T15:14:44.000Z
871,Thomson,2820.70896441,4.40735776,no,no,{D53D3E37-AA74-4587-A6D3-272088D471A6},2017-09-26T15:14:44.000Z
872,Dearing,527.69574569,0.8245246,no,no,{D3B85507-7849-4E2A-866D-9957D81484EA},2017-09-26T15:14:44.000Z
873,Soperton,2857.02571718,4.46410268,no,no,{C8669AA4-C254-4152-8F43-8ABC5E99FFEB},2017-09-26T15:14:44.000Z
874,Rome,20247.77863985,31.63715413,no,no,{3E52171C-5501-4F56-89AA-F6762029B803},2017-09-26T15:14:44.000Z
875,Cave Spring,2601.57716018,4.06496431,no,no,{A16B3B94-9BE3-4C5B-BFCA-BBF4CDA8CEB3},2017-09-26T15:14:44.000Z
876,Eatonton,13190.40992476,20.61001551,no,no,{A9DB3F6D-D70C-4D1D-81C3-D0CD710BB8FF},2017-09-26T15:14:44.000Z
877,Sasser,499.69689887,0.7807764,no,no,{85472E75-B2BB-4C1B-B65F-24C28F59D8D5},2017-09-26T15:14:44.000Z
878,Parrott,498.21039656,0.77845374,no,no,{53305BFD-926E-4378-9F3C-D0232D18E443},2017-09-26T15:14:44.000Z
879,Dawson,2401.50732995,3.7523552,no,no,{3C198839-4814-4D2B-B147-EE83B5961625},2017-09-26T15:14:44.000Z
880,Bronwood,505.7598242,0.79024973,no,no,{6D57DE9C-D463-4B7B-A621-8B1D147183C9},2017-09-26T15:14:44.000Z
881,Reidsville,4926.1075863,7.6970431,no,no,{78497CDB-969D-4BE9-AD3E-CF135DCD3276},2017-09-26T15:14:44.000Z
882,Manassas,497.04299972,0.77662969,no,no,{2F05301D-83BC-42CC-88F6-732797852DF4},2017-09-26T15:14:44.000Z
883,Glennville,4241.95160066,6.62804938,no,no,{9B5670EE-1A77-4887-A17C-8295C727C88D},2017-09-26T15:14:44.000Z
884,Collins,662.02809643,1.0344189,no,no,{95949CA3-57FB-4813-8F5A-EC09A06220CC},2017-09-26T15:14:44.000Z
885,Roberta,963.56919341,1.50557686,no,no,{C034CCC8-FBF9-4AE8-8A3F-70A2164AD031},2017-09-26T15:14:44.000Z
886,Ludowici,1498.74432277,2.341788,no,no,{37398CDC-E903-4BAE-8DF6-50F466E98AD9},2017-09-26T15:14:44.000Z
887,Cobbtown,435.37597708,0.68027496,no,no,{601C7A45-755D-4AF2-B5DD-6840FD1876BA},2017-09-26T15:14:44.000Z
888,Hartwell,3268.63108376,5.10723607,no,no,{A42E2BA1-ACB0-496B-9A62-24D43E39FE72},2017-09-26T15:14:44.000Z
889,Bowersville,1984.7579111,3.10118424,no,no,{8BD6E934-9943-4FE2-91FC-56148434A4DD},2017-09-26T15:14:44.000Z
890,Cusseta-Chattahoochee County,160727.71892275,251.13706085,no,no,{BB978A80-DA96-4543-B88F-51BA873E7865},2017-09-26T15:14:44.000Z
891,Uvalda,1220.0094516,1.90626477,no,no,{8096B76B-2DC8-44D2-9FB9-A2DE5BFE03DD},2017-09-26T15:14:44.000Z
892,Tarrytown,554.07379631,0.86574031,no,no,{C137E02A-A9DD-4A21-90D3-78C6FB5A93A3},2017-09-26T15:14:44.000Z
893,Mount Vernon,2636.7708764,4.11995449,no,no,{0DDA93EA-70CD-4496-B3EF-1E712B06B543},2017-09-26T15:14:45.000Z
894,Higgston,2020.19716288,3.15655807,no,no,{5F65DDC1-3F59-4124-939F-3BCDA4448A07},2017-09-26T15:14:45.000Z
895,Alston,1840.35087102,2.87554824,no,no,{5E3B6E9C-2EB5-404F-A024-133FD00AD019},2017-09-26T15:14:45.000Z
896,Ailey,1302.13269323,2.03458233,no,no,{8B6CAC60-A20E-45F5-8585-7FF175D87013},2017-09-26T15:14:45.000Z
897,Zebulon,2908.90091325,4.54515768,no,no,{262EE1CC-C7E9-406F-94B4-6204D00DAD02},2017-09-26T15:14:45.000Z
898,Williamson,382.35631812,0.59743175,no,no,{27B151C7-97B9-43E3-8731-1A9496F66787},2017-09-26T15:14:45.000Z
899,Molena,1114.13915659,1.74084243,no,no,{06B517FE-1A3F-4024-ACBC-B062CE4BF717},2017-09-26T15:14:45.000Z
900,Meansville,337.65088271,0.5275795,no,no,{6B9B7680-A665-45DB-A56A-1DA639F0CCFB},2017-09-26T15:14:45.000Z
901,Concord,530.13089947,0.82832953,no,no,{12B57450-D224-47F6-BC8A-639C6B4FC9DB},2017-09-26T15:14:45.000Z
902,Homer,6188.14576727,9.66897776,no,no,{3B53AD27-D032-4AD2-A0F4-1A84E19145FA},2017-09-26T15:14:45.000Z
903,Baldwin,3147.669972,4.91823433,no,no,{95F0D073-FF3F-431F-B28C-1038FAB5ED83},2017-09-26T15:14:45.000Z
904,Alto,707.86887077,1.10604511,no,no,{C9FB09E6-82F7-4D26-81EB-2CEEE78F2ECC},2017-09-26T15:14:45.000Z
905,Whigham,758.27535756,1.18480525,no,no,{5C98BCFF-54FA-439A-83E2-A3B383FC582C},2017-09-26T15:14:45.000Z
906,Cairo,6284.41084375,9.81939194,no,no,{E98D5184-9460-411E-BBE1-CFC9B740AA57},2017-09-26T15:14:45.000Z
907,Resaca,1830.3075005,2.85985547,no,no,{CECF3233-CB6A-46AE-B25B-C589CB8F8D62},2017-09-26T15:14:45.000Z
908,Ranger,522.24989985,0.81601547,no,no,{D248F998-7B91-4580-8CC7-1BDBBD0C41CA},2017-09-26T15:14:45.000Z
909,Plainville,462.20794944,0.72219992,no,no,{D3E58AC5-1A8E-44A8-B285-FEE44C4A793C},2017-09-26T15:14:45.000Z
910,Fairmount,1145.41027,1.78970355,no,no,{9E3F7238-B2A0-4FEF-B1AD-B2380AB7CED8},2017-09-26T15:14:45.000Z
911,Calhoun,9616.60963855,15.02595256,no,no,{5186180E-2F6D-4C5D-9862-8CFD825958EE},2017-09-26T15:14:45.000Z
912,Talmo,1355.16616928,2.11744714,no,no,{911F7646-420B-4E5D-8D59-FB7C91DF97AD},2017-09-26T15:14:45.000Z
913,Pendergrass,1950.16850748,3.04713829,no,no,{09F7B0C8-EFFB-4D00-9507-D31206C05567},2017-09-26T15:14:45.000Z
914,Nicholson,2572.48547854,4.01950856,no,no,{21BA900C-3972-46D3-8A98-B15699827AFB},2017-09-26T15:14:45.000Z
915,Maysville,2759.81480219,4.31221063,no,no,{B916D27A-A7A5-425D-A625-B4281F8E1B6F},2017-09-26T15:14:45.000Z
916,Jefferson,14079.88409482,21.9998189,no,no,{D07530E7-4092-43DF-8DFB-D77B5AA4E421},2017-09-26T15:14:45.000Z
917,Hoschton,1662.51165568,2.59767446,no,no,{477C091E-4D66-4367-821A-E2231201CBA0},2017-09-26T15:14:45.000Z
918,Commerce,7554.23469859,11.80349172,no,no,{84C03469-0AE1-431D-89A6-13434B2BDFFE},2017-09-26T15:14:45.000Z
919,Arcade,5440.3457871,8.50054029,no,no,{EE508282-64F8-4BE3-810C-E4F03BF3594E},2017-09-26T15:14:45.000Z
920,Varnell,2148.59984161,3.35718725,no,no,{9EF129D6-5522-4555-AF21-8D36B7BEAA85},2017-09-26T15:14:45.000Z
921,Tunnel Hill,1026.70713171,1.60422989,no,no,{00B9FA08-292C-4E33-8511-BCD11E979FA8},2017-09-26T15:14:45.000Z
922,Dalton,13155.07961286,20.5548119,no,no,{570109D7-5276-4ED7-A63A-22C5264DB627},2017-09-26T15:14:45.000Z
923,Cohutta,3023.73136698,4.72458026,no,no,{5B75C99D-00E5-4DAD-9A11-0BBFAADFB686},2017-09-26T15:14:45.000Z
924,Mount Airy,1656.57703923,2.58840162,no,no,{35204266-B84E-4BD5-AA6A-B2A435AF65C6},2017-09-26T15:14:45.000Z
925,Demorest,1454.02750437,2.27191798,no,no,{9FCE4FBC-4A20-4732-9C08-8FD08F3AB35E},2017-09-26T15:14:45.000Z
926,Cornelia,2548.3912299,3.9818613,no,no,{EA46E7B6-9D20-43C6-91D0-E7C64ED4BB94},2017-09-26T15:14:45.000Z
927,Clarkesville,1592.71947409,2.48862418,no,no,{CCA1BDBF-BC0A-42EE-B0ED-30F0182660B6},2017-09-26T15:14:45.000Z
928,Morrow,2139.98106328,3.34372041,yes,yes,{610DBED9-D2CE-426B-A8B0-E4510747C3CF},2017-09-26T15:14:45.000Z
929,Riverdale,2903.98389585,4.53747484,yes,yes,{E8E93C12-AA1F-454E-BB60-378B7CDF0AC0},2017-09-26T15:14:45.000Z
930,Lula,2681.43081494,4.18973565,yes,no,{A05B2359-2634-4AA3-B4C2-42585C16F119},2017-09-26T15:14:45.000Z
931,Sunny Side,129.589427,0.20248348,yes,no,{CD907071-E635-420C-B26E-1E163891A5A3},2017-09-26T15:14:45.000Z
932,Carl,706.08229961,1.10325359,yes,no,{D87C72E3-04CF-4F42-ADA5-5E626B6197E3},2017-09-26T15:14:46.000Z
933,Douglasville,14328.17364739,22.38777133,yes,yes,{5C6366D2-C07C-44AA-BC9A-5938E1A53911},2017-09-26T15:14:46.000Z
934,McDonough,8168.59816595,12.76343464,yes,yes,{DA0319E6-CA5B-4997-80F5-B9A12215797A},2017-09-26T15:14:46.000Z
935,Whitesburg,1609.04823973,2.51413787,yes,no,{4746D148-0D36-4B10-BB30-78B3774D9DAB},2017-09-26T15:14:46.000Z
936,Cumming,3736.08368766,5.83763076,yes,no,{8C3581EA-75B4-4F10-90EE-2A4A1AB559CE},2017-09-26T15:14:46.000Z
937,Between,775.99368236,1.21249013,yes,no,{18704F6B-B4FF-4472-9DCB-48897BA96EDE},2017-09-26T15:14:46.000Z
938,Good Hope,1195.81616205,1.86846275,yes,no,{257F4080-4F5D-4E18-84CC-B4D0B8E16DDD},2017-09-26T15:14:46.000Z
939,Villa Rica,9340.58820465,14.59466907,yes,yes,{8FC3D026-1801-49C8-9EEA-CA98725C49A2},2017-09-26T15:14:46.000Z
940,Roopville,505.50910699,0.78985798,yes,no,{BAC7447F-C293-429E-B267-CF9C1456BC5D},2017-09-26T15:14:46.000Z
941,Braselton,7783.2928234,12.16139504,yes,yes,{CA95CCFF-76E1-4858-99FA-3667803145EF},2017-09-26T15:14:46.000Z
942,Lake City,1178.95022454,1.84210973,yes,yes,{9FE33B21-906C-49F1-91E4-29FE33E6B0EE},2017-09-26T15:14:46.000Z
943,Forest Park,6018.56148608,9.40400232,yes,yes,{1CD536EB-6DF4-4FA6-BD1E-67919A586D9B},2017-09-26T15:14:46.000Z
944,Waleska,942.79249169,1.47311327,yes,yes,{02D51D41-FA74-4BEC-A0A9-E60E0CC6DE41},2017-09-26T15:14:46.000Z
945,Mountain Park,331.4774928,0.51793358,yes,yes,{BEF85CBF-3610-4B23-9039-D13C4276D589},2017-09-26T15:14:46.000Z
946,Hapeville,1517.29157873,2.37076809,yes,yes,{EEA7A4C6-9697-4E12-AD71-237BF819CF93},2017-09-26T15:14:46.000Z
947,Sandy Springs,24833.29447352,38.80202262,yes,yes,{56F52F89-5565-4609-B403-4196C00D3F24},2017-09-26T15:14:46.000Z
948,Alpharetta,17436.72920019,27.24488938,yes,yes,{F9C1DFFB-2BAD-40BB-8034-52D68637EBA3},2017-09-26T15:14:46.000Z
950,Palmetto,7635.22495665,11.930039,yes,yes,{7041F2B4-8F5A-4842-B0D7-045EA907E8BB},2017-09-26T15:14:46.000Z
951,Johns Creek,20090.24571322,31.39100893,yes,yes,{A389A9D2-FF53-4DFB-9739-3DE36E638527},2017-09-26T15:14:46.000Z
952,College Park,6857.17786663,10.71434042,yes,yes,{38144DCD-2405-4DAC-80D6-5DCB7CA9BCB1},2017-09-26T15:14:46.000Z
953,Milton,25063.01767098,39.16096512,yes,yes,{3AFA46C6-16E8-4A34-997B-FCE078AFAA7F},2017-09-26T15:14:46.000Z
954,East Point,9422.82322813,14.7231613,yes,yes,{A6AB20FA-0ACB-4484-A13E-2110C6953130},2017-09-26T15:14:46.000Z
955,Roswell,26708.4928654,41.73202011,yes,yes,{A13447BC-0190-422D-9670-092B4070165F},2017-09-26T15:14:46.000Z
956,Statham,2255.29612257,3.52390019,yes,no,{E15BD724-CC04-4B28-A4FA-40A9E9724069},2017-09-26T15:14:46.000Z
957,Haralson,449.04336678,0.70163026,yes,no,{CB460116-5CC2-431C-B3F2-52547F08220A},2017-09-26T15:14:46.000Z
958,Grantville,3789.97008291,5.92182826,yes,no,{43CEE2E6-9D51-4C8F-AD20-2548CA9E31B4},2017-09-26T15:14:46.000Z
959,Canton,11910.21577579,18.60971215,yes,yes,{D731ADF6-911F-4009-9508-92778F443FD7},2017-09-26T15:14:46.000Z
960,Austell,3759.56690811,5.87432329,yes,yes,{81059D4D-B956-433E-A5E3-BD5451DFE003},2017-09-26T15:14:46.000Z
961,Marietta,14832.85808426,23.17634076,yes,yes,{56BB9CD1-E637-448F-9A6A-16D16127064E},2017-09-26T15:14:46.000Z
962,Hiram,2442.66340625,3.81666157,yes,no,{E5BC2696-9CD5-4559-A739-DFBD5D49908D},2017-09-26T15:14:46.000Z
963,Carrollton,14585.20623037,22.78938474,yes,no,{222A57FD-7E15-4C51-BB6A-16FFD037B385},2017-09-26T15:14:46.000Z
965,Pine Lake,161.09257288,0.25170715,yes,yes,{FE1064C4-9C23-40A3-B504-3162541E0386},2017-09-26T15:14:46.000Z
967,Lithonia,593.00770829,0.92657454,yes,yes,{D970B69A-2E37-4DC1-9275-06E4C7C7805A},2017-09-26T15:14:46.000Z
968,Stone Mountain,1042.77901452,1.62934221,yes,yes,{D2659356-BA3E-4B23-94D8-7274102F99AB},2017-09-26T15:14:46.000Z
969,Jersey,474.92083036,0.7420638,yes,no,{AA83520F-6A1D-40D2-BCE1-37725FACD933},2017-09-26T15:14:46.000Z
970,Monroe,9681.77377463,15.12777152,yes,no,{DB0CBFEE-4751-43BF-A537-A19DFA7D8852},2017-09-26T15:14:46.000Z
971,Walnut Grove,1831.68518114,2.8620081,yes,no,{18BA3182-C786-4FA0-9067-26640C647709},2017-09-26T15:14:46.000Z
974,Dunwoody,8476.98858551,13.24529467,yes,yes,{DAE03206-7B84-42B6-9D64-69827B7F741C},2017-09-26T15:14:46.000Z
975,Dallas,4480.74929266,7.00117077,yes,no,{C9CBD4AF-D561-4219-A9AB-68C47F0EC224},2017-09-26T15:14:46.000Z
976,Temple,4765.78857159,7.44654464,yes,no,{5D544FDC-FD50-4181-ACB6-18C7918E0B59},2017-09-26T15:14:47.000Z
977,Bethlehem,1471.89951787,2.299843,yes,no,{C4DC7700-7ABF-452F-83CE-E54EFCAF0A0E},2017-09-26T15:14:47.000Z
978,Winder,8141.45999643,12.72103125,yes,no,{A0BF3E4B-8431-48DF-AFB5-E25E0241B2EC},2017-09-26T15:14:47.000Z
979,Moreland,499.71119312,0.78079874,yes,no,{1FC1E296-132F-4E0D-92D1-00A9B3385433},2017-09-26T15:14:47.000Z
980,Newnan,11933.68303593,18.64637975,yes,no,{2621ACCD-204B-48B5-824C-D9284199BED7},2017-09-26T15:14:47.000Z
981,Senoia,3525.41618752,5.50846279,yes,no,{4FCF101E-4B60-43EA-9C5F-D1A4BEBF1A83},2017-09-26T15:14:47.000Z
982,Sharpsburg,343.91652161,0.53736957,yes,no,{704924C3-B9FE-4F9A-A21B-0EA142A1DADB},2017-09-26T15:14:47.000Z
983,Turin,815.93939664,1.27490531,yes,no,{E69E199D-5A1B-436B-A9BD-1E8F17A76347},2017-09-26T15:14:47.000Z
984,Lawrenceville,8581.59478453,13.40874185,yes,yes,{431A74EB-859E-4832-B837-40720737475B},2017-09-26T15:14:47.000Z
985,Dacula,3149.37573519,4.92089959,yes,yes,{657D312A-294A-4461-8261-3F55E2F33105},2017-09-26T15:14:47.000Z
986,Berkeley Lake,1175.46688818,1.83666701,yes,yes,{DA3F3004-4D0A-416F-8B3B-62C480AE558C},2017-09-26T15:14:47.000Z
987,Norcross,3855.68237309,6.02450371,yes,yes,{3E67A46E-1BFB-4F28-BDD8-32D1612F03FC},2017-09-26T15:14:47.000Z
988,Peachtree Corners,10531.86018877,16.45603155,yes,yes,{6CBCE5EA-1F73-46AD-ABCD-B8DCA12BF55D},2017-09-26T15:14:47.000Z
990,Suwanee,6999.34856669,10.93648214,yes,yes,{9C9032C4-F2B3-44F7-B7A8-D76B6B6E405C},2017-09-26T15:14:47.000Z
991,Loganville,4748.72938505,7.41988967,yes,yes,{1A288B60-3AB9-49AA-842E-8E9D03C06ADD},2017-09-26T15:14:47.000Z
992,Acworth,5663.21821848,8.84877847,yes,yes,{53C2E35A-70CA-4085-8C13-3D4F5F1F90E8},2017-09-26T15:14:47.000Z
993,Lovejoy,1763.44345376,2.7553804,yes,yes,{18BED0A7-005A-4D57-86E6-DD5EF5CBBE5F},2017-09-26T15:14:47.000Z
994,Powder Springs,4570.24442584,7.14100692,yes,yes,{8886ED38-25AD-4FEA-8BDA-5FD8DA2415E4},2017-09-26T15:14:47.000Z
996,Ball Ground,3527.75388083,5.51211544,yes,yes,{07B72099-3829-4C97-9D73-D39AA41EF52F},2017-09-26T15:14:47.000Z
997,Rest Haven,180.93004574,0.2827032,yes,yes,{927317B3-D706-4A40-AA44-453175A22151},2017-09-26T15:14:47.000Z
998,Duluth,6487.22071145,10.13628236,yes,yes,{FD95C804-99E1-477E-9F06-32A390C41C43},2017-09-26T15:14:47.000Z
999,Lilburn,4308.12806273,6.7314501,yes,yes,{8AED1E95-E922-49FD-9760-CA90030D4051},2018-06-05T14:22:12.000Z
1001,Holly Springs,4312.49134079,6.73826772,yes,yes,{B82606D2-197A-428E-AF7A-8B1D3963993A},2017-09-26T15:14:47.000Z
1002,Chamblee,4858.04106346,7.59068916,yes,yes,{86AB85B3-3DD3-403E-BD2D-E6F549CF37F7},2017-09-26T15:14:47.000Z
1003,Snellville,6704.14227804,10.47522231,yes,yes,{F256845E-8689-45DF-9FB7-588BB71997D0},2017-09-26T15:14:47.000Z
1004,Winterville,1693.6706872,2.64636045,no,no,{5F48058A-DC7D-468B-B9BA-4DE5C225AD7B},2017-09-26T15:14:47.000Z
1005,Bogart,1522.3451729,2.37866433,no,no,{6CBE9564-D316-46B6-BD31-55E42EF49445},2017-09-26T15:14:47.000Z
1006,Athens-Clarke County (balance),75613.0996738,118.14546826,no,no,{277D5ABD-980C-4D74-B236-8174F0A0910D},2017-09-26T15:14:47.000Z
1007,Conyers,7552.88288359,11.80137951,yes,yes,{CC5252E5-3CBF-491C-9E6A-37A01874DF1A},2017-09-26T15:14:47.000Z
1008,Grayson,1594.05767946,2.49071512,yes,yes,{45E4AF6E-B639-46BE-B606-B2664B89E908},2017-09-26T15:14:47.000Z
1009,Gray,2489.24776762,3.88944964,no,no,{99874BC2-5437-4740-880F-12F785CBCB6C},2017-09-26T15:14:47.000Z
1010,Macon,36067.69957999,56.3557806,no,no,{51946312-19D6-4976-8D4D-DCCC04276142},2017-09-26T15:14:47.000Z
1011,Bremen,6763.87023376,10.56854724,yes,no,{80F27ADA-4823-4E52-89E7-70CE3D8356D7},2017-09-26T15:14:47.000Z
1012,Pooler,19459.35518408,30.40524248,no,no,{FAB28411-FC82-4E08-960F-53BFD6515CCF},2017-09-26T15:14:47.000Z
1013,Garden City,9184.14967446,14.35023387,no,no,{40E096E8-9EA3-4E0A-83BD-4DE27D366BC3},2017-09-26T15:14:48.000Z
1014,Bloomingdale,8984.72773126,14.03863708,no,no,{C9DDB4AD-9DBD-4A1E-8EEE-9B0B826AED4D},2017-09-26T15:14:48.000Z
1015,Unadilla,3891.69927719,6.08078012,no,no,{890C7BF3-D24F-4A68-B1B9-0AA8432A9EA1},2017-09-26T15:14:48.000Z
1016,Pinehurst,652.81348261,1.02002107,no,no,{8E49BEB2-BE51-4F32-B79F-1F54DF078EA6},2017-09-26T15:14:48.000Z
1017,Lilly,385.16967067,0.60182761,no,no,{6F900D9D-565F-4834-B2A6-11F8F30A00B8},2017-09-26T15:14:48.000Z
1018,Dooling,296.08203374,0.46262818,no,no,{A870B041-5673-433A-91FB-7931B20871D4},2017-09-26T15:14:48.000Z
1019,Crawford,751.16325561,1.17369259,no,no,{7BDF532E-00CE-4624-A2DE-A619F6C18E5D},2017-09-26T15:14:48.000Z
1020,Brinson,1305.93625537,2.0405254,no,no,{0B64560B-3CF4-4CC3-8DD8-3D4652DBD339},2017-09-26T15:14:48.000Z
1021,Bainbridge,12852.35084347,20.0817982,no,no,{D5D7FC2A-1F78-4FC1-A89D-14CBB19FE3B3},2017-09-26T15:14:48.000Z
1022,Attapulgus,509.51129788,0.7961114,no,no,{D6C8E261-93C8-4E44-AD99-8BC50B925BAB},2017-09-26T15:14:48.000Z
1023,Dahlonega,5531.03072114,8.6422355,no,no,{D80C299A-16E8-44E7-9309-D659BDFB69D4},2017-09-26T15:14:48.000Z
1024,Ivey,1901.00765818,2.97032447,no,no,{0B5E384A-73AC-411A-AA02-86C42E3D84FA},2017-09-26T15:14:48.000Z
1025,Bowdon,2390.07671347,3.73449487,yes,no,{AE8C1F02-9D7D-4482-8A19-BA40DD025116},2017-09-26T15:14:48.000Z
1027,Meigs,1023.91560969,1.59986814,no,no,{AC5C0D45-B81A-4488-9077-FAACB2D4FBAC},2017-09-26T15:14:48.000Z
1028,Camilla,3979.49083031,6.21795442,no,no,{3C84DE60-629F-436C-BFF5-B6DCC891AF76},2017-09-26T15:14:48.000Z
1029,Baconton,1248.84331786,1.95131768,no,no,{A3231059-97D0-43AC-9C25-2757BED2BC04},2017-09-26T15:14:48.000Z
1030,Ochlocknee,611.11765364,0.95487133,no,no,{2F7258E0-44B3-47CF-B2AD-FE23C148D3E1},2017-09-26T15:14:48.000Z
1031,Coolidge,523.92156854,0.81862745,no,no,{296CBF9F-21D2-45EA-B44D-9FE3ABFB474D},2017-09-26T15:14:48.000Z
1032,Boston,1444.28946992,2.2567023,no,no,{AE2FCBE7-0A98-4D64-9576-E9EA84470A2C},2017-09-26T15:14:48.000Z
1033,Tennille,1143.00004838,1.78593758,no,no,{735F03B9-03D0-4165-89E3-39925F07AAB9},2017-09-26T15:14:48.000Z
1034,Sandersville,8222.35595619,12.84743118,no,no,{AB554D4C-2C5C-4EEF-8958-CEC28B0D94F8},2017-09-26T15:14:48.000Z
1035,Riddleville,502.14526449,0.78460198,no,no,{80CDD0C2-9E30-4CA9-8F4C-20FA2B9DD288},2017-09-26T15:14:48.000Z
1036,Oconee,830.81536766,1.29814901,no,no,{09C8191C-F38B-48F6-966B-343790F0EDC3},2017-09-26T15:14:48.000Z
1037,Patterson,1696.08711294,2.65013611,no,no,{C6B7B89B-E6C8-468A-80D8-5D109B96AF39},2017-09-26T15:14:48.000Z
1038,Warrenton,1231.5872667,1.9243551,no,no,{C103E72F-6323-474D-AD37-584E30D2338E},2017-09-26T15:14:48.000Z
1039,Norwood,527.91464494,0.82486663,no,no,{7D99DE76-8B5D-4C88-BFB5-9B9AE26BC152},2017-09-26T15:14:48.000Z
1040,Camak,508.38593858,0.79435303,no,no,{3F88CFDF-459C-47FB-BF7D-49A7C61207CB},2017-09-26T15:14:48.000Z
1041,Elberton,3060.78226953,4.7824723,no,no,{45E10C41-9BB4-43B5-A449-AB183D0E8DDA},2017-09-26T15:14:48.000Z
1042,Lumber City,1240.73898945,1.93865467,no,no,{976CD735-0577-4032-A099-D9A49A4C9E49},2017-09-26T15:14:48.000Z
1043,Montezuma,2962.25171827,4.62851831,no,no,{5F13E2A0-450D-4444-B32B-DF40AA09193E},2017-09-26T15:14:48.000Z
1044,Marshallville,2019.83515836,3.15599244,no,no,{1864137D-377E-448A-8518-A256F382B35B},2017-09-26T15:14:48.000Z
1045,Waverly Hall,2148.42034569,3.35690679,no,no,{9031A3CA-FA2A-4712-A070-029114053162},2017-09-26T15:14:48.000Z
1046,Hazlehurst,3078.33821532,4.80990346,no,no,{DAE16547-29A5-440E-85F2-B317CAD689D8},2017-09-26T15:14:48.000Z
1047,Orchard Hill,229.94275756,0.35928556,yes,no,{DE6090D5-281B-48CC-AF90-7086CE37BC46},2017-09-26T15:14:48.000Z
1048,Gainesville,21492.3475175,33.581793,yes,no,{5C96B098-9B2F-4F0C-9CF8-539D170DB7AB},2017-09-26T15:14:48.000Z
1049,Oakwood,3038.73432376,4.74802238,yes,no,{771CCBB4-C5C6-4AD5-BB90-87EB8D23E72E},2017-09-26T15:14:48.000Z
1050,Adairsville,5773.92547623,9.02175856,yes,no,{0EF79117-124B-49CC-AA9E-D408568D6738},2017-09-26T15:14:48.000Z
1051,Cartersville,18589.37482342,29.04589817,yes,no,{C2F5DA63-04BC-4929-8361-F3628598D203},2017-09-26T15:14:49.000Z
1052,Emerson,4520.05942853,7.06259286,yes,no,{0B63BA58-9E48-4669-A3D7-5E7B22E3D19B},2017-09-26T15:14:49.000Z
1053,Locust Grove,6320.74919978,9.87617063,yes,yes,{E4930169-4327-4BCA-BB31-7E73F797532B},2017-09-26T15:14:49.000Z
1055,Tyrone,8239.63851058,12.87443517,yes,yes,{3F41FC3F-CDCD-43B1-A869-52CC20164B7C},2017-09-26T15:14:49.000Z
1320,Brookhaven,7439.85128912,11.62476764,yes,yes,{225DA808-D36B-4281-AEFD-666D738D72F6},2017-09-26T15:14:49.000Z
1720,Doraville,3119.82549473,4.87472734,yes,yes,{BBEA27CA-DB41-447F-84A4-09D5EF840D17},2017-09-26T15:14:49.000Z
2520,Decatur,2829.28020053,4.42075031,yes,yes,{6991A122-D3D8-40DD-89F8-FCB9FDF4C758},2017-09-26T15:14:49.000Z
2920,Clarkston,1139.44545433,1.78038352,yes,yes,{01F82151-4404-4E22-9534-4A8357143E14},2017-09-26T15:14:49.000Z
2921,Smyrna,9878.06419385,15.4344753,yes,yes,{23CCFEFE-CDBB-4B98-979A-57D2C4AF6D82},2017-09-26T15:14:49.000Z
3323,Tucker,12891.9129109,20.14361393,yes,yes,{3019D82B-1189-4881-9584-023781C8C4A0},2017-09-26T15:14:49.000Z
3324,Chattahoochee Hills,37888.4155448,59.2006493,yes,yes,{FDBAAD98-26CE-4989-B29C-A77B35E7C2B3},2017-09-26T15:14:49.000Z
3725,Avondale Estates,789.49990755,1.23359361,yes,yes,{13D4ACA7-4CEB-411D-8DB8-3E69F8F985CF},2017-09-26T15:14:49.000Z
4126,Stockbridge,8796.88524772,13.7451332,yes,yes,{06001EF7-104E-4937-871E-45C29A8407D5},2017-09-26T15:14:49.000Z
4529,Stonecrest,24292.19257205,37.9565509,yes,yes,{115E0BCF-CAF2-4749-B299-E968D9C07087},2017-09-26T15:14:49.000Z
4530,South Fulton,54559.89281984,85.24983254,yes,yes,{7FC2773B-6E54-4FBA-9356-C6E10DBE255A},2017-09-26T15:14:49.000Z
4535,Atlanta,87420.26421848,136.59416286,yes,yes,{6533ACB3-368A-409D-86DC-6B1D454AB8C1},2018-07-24T17:28:39.000Z
4537,Sugar Hill,7015.81172043,10.96220581,yes,yes,{62512AD0-1D38-481D-ACED-0153726EC7E2},2018-12-11T21:09:01.000Z
4538,Woodstock,7991.40858498,12.48657592,yes,yes,{7BF41862-8CFF-492C-91FD-14380E2C75B9},2018-11-05T17:19:36.000Z
