X,Y,OBJECTID,STATION,LOCATION,NORTHING,EASTING_,ELEVATION,DISTRICT,SECTION,LL,COUNTY,AZ_MK,GRID_BEARI,GRID_DISTR,ACTIVE,City,FeatureID
-84.390081473215133,34.14990090657566,1,F001,Sugar Pike Road,1509680.117,2228993.659,1101.52,2,2,571,Cherokee,F201,N54-54-24E,997,1,,
-84.381031476589953,34.180388367224523,2,F002,Sugar Pike Road,1520768.392,2231754.92,1041.89,2,2,225,Cherokee,F202,S09-01-49W,1059.8,1,,
-84.359509656713925,34.192620755427065,3,F003,Land Road,1525206.681,2238272.124,1055.15,2,2,131,Cherokee,F203,S38-10-22E,1277.1,1,,
-84.312220404268132,34.152203126973617,4,F004*,Dinsmore Road(dst! 12/94),1510475.296,2252550.623,1066.46,2,2,528,Fulton,F204,N87-50-20W,620.4,0,,
-84.296183479529589,34.184681091056753,5,F005,Mountain Road,1522287.221,2257417.237,1114.06,2,2,189,Fulton,F205,N65-46-55W,909.1,1,,
-84.22984188668687,34.193270596642336,6,F006*,Bentley Road(dst!),1525393.924,2277481.629,1050.3,2,1,116,Forsyth,F206,N86-16-45E,1505.4,0,,
-84.23541418288093,34.166163430050098,7,F007,Post Road,1515530.929,2275790.025,1079.22,2,1,401,Forsyth,F207,S09-03-12W,2200.4,1,,
-84.231360972686062,34.137034929339656,8,F008,Mullinax Road,1504930.543,2277009.311,1076.83,2,1,679,Forsyth,F208,N53-37-24W,750.6,1,,
-84.176796904278987,34.11095115690145,9,F009*,S.R. 141(Roper Road dst!),1495432.902,2293518.431,1222.07,2,1,955,Forsyth,F209,S01-29-56W,2129.7,0,,
-84.129921905287659,34.080098650151697,10,F010,Sharon Trail,1484207.921,2307710.316,1101.5,2,1,1216,Forsyth,F210,N89-40-32E,595.1,1,,
-84.077020643029272,34.039229570110287,11,F011*,Burnette Road(dst!),1469346.172,2323741.005,960.99,6,0,209,Gwinnett,F211,N73-14-13W,990.3,0,,
-84.21727391927584,34.05695397083722,12,F012,Jones Bridge Road,1475787.701,2281257.36,1146.3,1,1,191,Fulton,F212,S16-12-52W,784.4,1,,
-84.283307677919424,34.096694731368501,13,F013,Cogburn Road,1490265.163,2261274.447,1124,2,2,1050,Fulton,F213,N41-52-49E,1204.5,1,,
-84.291645675298284,34.028890568237863,14,F014,Sheringham Court,1465595.199,2258720.181,1053.5,1,2,737,Fulton,F214,S14-01-54E,806.7,1,,
-84.357006549496219,34.081641227775215,15,F015,Crabapple Road,1484820.888,2238953.735,1129.5,2,2,1210,Fulton,F215,N24-46-03W,1089.74,1,,
-84.394435854188458,34.123515361190435,16,F016,Grimes Road,1500081.577,2227654.882,1043.22,2,2,798,Cherokee,F216, N04-21-54E,561.6,1,,
-84.433363334611499,34.098135849993746,17,F017*,Willow Tree Drive(dst!),1490874.758,2215850.135,992.73,15,0,1041,Cherokee,F217,N42-45-57E,383.5,0,,
-84.421991774782157,34.016909889976588,18,F018,Tritt Road,1461308.964,2219218.78,1066.27,16,0,541,Cobb,F218,S60-58-11E,1050.5,1,,
-84.414995069204792,33.971973094072112,19,F019*,Johnson Ferry Road(dst!),1444952.044,2221299.225,1036.55,16,0,826,Cobb,F219,N02-58-33E,770.4,0,,
-84.434979507261176,33.945013750793045,20,F020,Paper Mill Road,1435157.33,2215214.894,1026.78,16,0,1264,Cobb,F220,S41-56-43E,367.5,1,,
-84.473949258766709,33.888589013807405,21,F021,U.S. Hwy 41,1414658.732,2203335.278,1020.57,17,0,914,Cobb,F221,N37-29-45W,5934.4,1,,
-84.414743103204913,33.907011573465688,22,F022,Mount Vernon Hwy,1421313.719,2221318.471,1084.09,17,0,165,Fulton,F222,N46-40-03E,996.7,1,,
-84.341423210947681,33.986151740512547,23,F023,Dunwoody Place,1450065.364,2243612.727,1085.57,6,0,364,Fulton,F223,S01-00-46W,787,1,,
-84.25749805621949,33.999899325341673,24,F024,Barnwell Road,1455034.892,2269056.403,1050.95,1,1,20,Fulton,F224,S30-13-39W,482.6,1,,
-84.270453269870657,33.944333872743094,25,F025*,Winters Chapel Road(dst!),1434819.466,2265109.61,1031.23,6,0,280,Gwinnett,F225,S15-21-39W,850.5,0,,
-84.240862602579938,33.968697830559286,26,F026,Spalding Drive,1443677.214,2274089.878,1004.28,6,0,314,Gwinnett,F226,N58-04-13W,650,1,,
-84.213816855036271,33.941253683114809,27,F027,South Peachtree Street,1433686.02,2282285.015,1055.87,6,0,254,Gwinnett,F227,S27-16-15W,985.1,1,,
-84.251210842736938,33.923897908527643,28,F028,Buford Hwy,1427377.92,2270939.067,1078.9,6,0,250,Gwinnett,F228,S47-47-08W,2137,1,,
-84.325773858288997,33.849592559261858,29,F029*,S.R. 13(missing cap!),1400366.884,2248279.335,899.63,18,0,202,Dekalb,F229,S22-08-14E,361.5,0,,
-84.427103465198471,33.832342665304665,30,F030,I-75 Exit 106,1394152.845,2217499.512,869.93,17,0,196,Fulton,F230,N23-22-10W,824.1,1,,
-84.43730978237592,33.80581196399433,31,F031,S.R. 3,1384507.057,2214374.84,842.05,17,0,222,Fulton,F231,S15-18-36E,1328.7,1,,
-84.479238389701408,33.779346340267203,32,F032,Bankhead Hwy,1374913.044,2201609.465,954.89,14,0,209,Fulton,F232,N53-21-02W,1164.4,1,,
-84.492894141434874,33.831067603844716,33,F033,S.R. 280,1393745.831,2197519.758,891.89,17,0,751,Cobb,F233,N07-45-13W,1101,1,,
-84.565017699169061,33.77713636453403,34,F034,Six Flags Drive,1374198.803,2175542.112,993.82,18,0,594,Cobb,F234,S58-43-14E,1206.2,1,,
-84.590904140850753,33.764639323690616,35,F035,First Flag Road,1369682.877,2167657.518,1095.99,18,2,774,Cobb,F235,S58-54-51W,337.5,1,,
-84.595402098582042,33.861548911573571,36,F036,Floyd Road,1404951.435,2166437.406,1082.87,19,0,923,Cobb,F236,N81-37-48W,633,1,,
-84.312139749944464,33.764629048694744,37,F037,U.S. Hwy 278(is a water ta,1369445.047,2252375.006,1068.4,15,0,237,Dekalb,F237,N11-29-38W,984.2,1,,
-84.272310219287064,33.752247793636464,38,F038,S.R. Hwy 154,1364925.17,2264474.677,1020.62,15,0,201,Dekalb,F238,N59-48-51E,983.5,1,,
-84.313258216787901,33.712384477798317,39,F039,Boulder Drive,1350435.485,2252008.088,998.88,15,0,116,Dekalb,F239,N01-27-49E,570.1,1,,
-84.321618379768637,33.685237977700936,40,F040,International Pkwy,1340561.561,2249451.052,794.23,15,0,78,Dekalb,F240,N00-51-41E,1224.1,1,,
-84.363495487706672,33.68304632683374,41,F041,S.R. Hwy 54,1339785.788,2236711.248,805.81,14,0,28,Fulton,F241,N88-48-49W,590.2,1,,
-84.322161398122091,33.628941682484992,42,F042,Third Street,1320077.747,2249255.065,932.61,13,0,211,Clayton,F242,S00-07-01E,1090.5,1,,
-84.429800564824973,33.697238537684342,43,F043,U.S. Hwy 29,1344994.731,2216555.019,1041.51,14,0,134,Fulton,F243,S15-58-16W,956,1,,
-84.439605322186637,33.659211295890209,44,F044,Virginia Avenue,1331165.727,2213536.439,1031.81,14,0,160,Fulton,F244,N89-43-15W,720.5,1,,
-84.563073751278694,33.640598809719876,45,F045,Union Road,1324514.94,2175942.039,910.07,0,0,160,Fulton,F245,N27-14-47W,700.1,1,,
-84.685880455357378,33.629017259414887,46,F046,S.R. Hwy 70,1320466.257,2138545.536,868.61,0,0,6,Fulton,F246,N40-35-53E,562.2,1,,
-84.787402124758088,33.648824277973901,47,F047,Yorktown Road,1327843.657,2107687.044,953.74,2,0,4,Douglas,F247,S33-56-40E,1041.3,1,,
-84.820343793694079,33.617449798143099,48,F048,S.R. Hwy 166,1316489.237,2097590.175,1031.31,3,0,45,Douglas,F248,S77-47-54W,1019.9,1,,
-84.82578157567518,33.603867683189122,49,F049,Capps Ferry Road,1311557.643,2095903.288,1028.02,3,0,71,Douglas,F249,S34-36-45W,1562.3,1,,
-84.854073495296319,33.575574148623637,50,F050,S.R. Hwy 5,1301318.572,2087220.727,1016.39,3,0,104,Douglas,F250,N00-45-35E,1095.7,1,,
-84.84902523821016,33.544972192493113,51,F051,S.R. Hwy 5,1290173.41,2088684.993,734.15,3,0,100,Carroll,F251,S43-57-22W,1448.7,1,,
-84.870794260931831,33.522257654737714,52,F052,S.R. Hwy 5,1281952.741,2081996.21,839.72,3,0,135,Carroll,F252,N63-10-22E,1171.6,1,,
-84.913940976819831,33.490296996376792,53,F053,S.R. Hwy 5,1270415.379,2068762.893,877.5,0,0,0,Carroll,F253,N46-51-26E,624.4,1,,
-84.776100861449692,33.504288838049774,54,F054,Tommy Lee Cook Road,1275231.892,2110816.825,824.07,0,0,0,Coweta,F254,S40-10-38W,1054.2,1,,
-84.779779645849956,33.558336536828733,55,F055,Capps Ferry Road,1294904.395,2109811.692,863.54,8,0,104,Fulton,F255,N22-23-26W,1060.5,1,,
-84.746449644573175,33.60085705010281,56,F056*,Woodruff Road(dst!),1310317.642,2120051.761,780.81,8,0,61,Fulton,F256,S85-08-32E,3896,0,,
-84.708373892746664,33.587202205666635,57,F057,Cochran Mill Road,1305286.346,2131619.247,860.35,7,0,12,Fulton,F257,N89-33-37W,529.8,1,,
-84.683493044232193,33.558861772490289,58,F058,Wilkerson Mill Road,1294935.619,2139144.819,969.26,7,0,40,Fulton,F258,S57-22-11E,1168.6,1,,
-84.695174203416229,33.505548671514475,59,F059,Tommy Lee Cook Road,1275555.067,2135487.524,990.5,7,0,33,Coweta,F259,N70-22-41E,2367.8,1,,
-84.59069798618836,33.537177454485139,60,F060,Bohannon Road,1286917.288,2167380.744,973.42,0,0,28,Fulton,F260,S27-20-24E,894.8,1,,
-84.561406252913244,33.489654135228577,61,F061,Ellison Road,1269590.407,2176240.319,977.15,7,0,83,Fayette,F261,S13-44-26E,1180.4,1,,
-84.449119612766879,33.525278536911287,62,F062*,S.R. Hwy 314,1282440.86,2210508.558,911.56,13,0,251,Fayette,F262,S00-20-07E,1098.3,0,,
-84.427604363505822,33.550581864729885,63,F063,S.R. Hwy 138,1291630.445,2217088.4,902.74,13,0,184,Clayton,F263,S88-37-05W,1872.2,1,,
-84.423393041712856,33.588309196394576,64,F064,S.R. Hwy 139,1305354.61,2218405.419,979,13,0,120,Clayton,F264,N63-03-47W,787,1,,
-84.56283601524872,33.575801853272026,65,F065,U.S. Hwy 29,1300937.536,2175924.155,1009.1,0,0,76,Fulton,F265,N60-37-52E,6971.7,1,,
-84.525883712594705,33.586676589985686,66,F066,Flat Shoals Road,1304853.381,2187192.42,897.67,0,0,84,Fulton,F266,S87-22-27W,2315.2,1,,
-84.806293970303415,33.670792764386547,67,F067,S.R. Hwy 5,1335872.371,2101987.391,1103.57,2,0,38,Douglas,F267,N40-20-32W,1655.1,1,,
-84.974845643595714,33.519308490039521,68,F095,Off S.R. Hwy 16,1281110.774,2050276.605,1139.64,0,0,0,Carroll, , ,0,1,,
-84.302936777675612,33.533037506091603,69,F096,Jonesboro,1285174.086,2255060.759,937.48,0,0,0,Clayton, , ,0,1,,
-84.146057618291806,33.806106610857604,70,F097,Stone Mountain,1384506.867,2302844.705,1684.03,18,0,87,Dekalb, , ,0,1,,
-84.57936735198723,33.976181697933633,71,F098,Kenesaw,1446644.118,2171472.619,1805.28,19,0,248,Cobb, , ,0,1,,
-84.251177776114631,34.143682831693958,72,F099,S.R. Hwy 9,1507354.029,2271015.12,1180.58,2,0,470,Forsyth, , ,0,1,,
-84.358520494851575,34.084358131633657,73,F215,S.R. Hwy 140,1485810.391,2238497.199,1126.445,2,2,1211,Fulton, , ,0,1,,
-84.337181637226834,34.167755717840365,74,F300,Hickory Flat Road,1516146.445,2245008.62,1056.1,2,2,379,Fulton, , ,0,1,,
-84.342274022625858,34.168371376542687,75,F400,Hickory Flat Road,1516373.091,2243468.701,1094.151,2,2,344,Fulton, , ,0,1,,
-84.298788371608921,34.163548851126698,76,F301,Birmingham Road,1514598.377,2256619.527,998.85,2,2,406,Fulton, , ,0,1,,
-84.296866382136827,34.163633073769439,77,F401,Birmingham Road,1514628.277,2257200.943,1028.63,2,2,405,Fulton, , ,0,1,,
-84.273172912380431,34.165237605938813,78,F302,Hamby Road,1515203.839,2264368.509,1013.777,2,2,393,Fulton, , ,0,1,,
-84.270020204753223,34.162812306865206,79,F402,Hamby Road,1514320.313,2265321.249,1004.509,2,2,399,Fulton, , ,0,1,,
-84.349814600296725,34.144353853494351,80,F303,Taylor Road,1507637.332,2241172.217,1072.472,2,2,592,Fulton, , ,0,1,,
-84.348129474082882,34.148037831052086,81,F403,Taylor Road,1508976.987,2241684.445,1088.21,2,2,561,Fulton, , ,0,1,,
-84.319269985906715,34.140650691005213,82,F304,Freemanville,1506274.589,2250411.646,1041.14,2,2,626,Fulton, , ,0,1,,
-84.31978830979746,34.143916711141102,83,F404,Freemanville,1507463.297,2250256.6,1052.199,2,2,599,Fulton, , ,0,1,,
-84.284331295390999,34.137600509816117,84,F305,Hopewell,1505150.666,2260981.718,1084.512,2,2,679,Fulton, , ,0,1,,
-84.289254257864656,34.134781152598201,85,F405,Hopewell,1504126.483,2259490.899,1039.565,2,2,678,Fulton, , ,0,1,,
-84.386522108332272,34.11550561866656,86,F306,Arnold Mill Road,1497161.668,2230043.547,1014.959,2,2,872,Fulton, , ,0,1,,
-84.384095232498623,34.110770034687,87,F406,Arnold Mill Road,1495436.869,2230774.395,1034.273,2,2,929,Fulton, , ,0,1,,
-84.36123895096371,34.104543771921314,88,F307,New Providence Road,1493157.254,2237688.116,1066.894,2,2,995,Fulton, , ,0,1,,
-84.361225537536811,34.099670068083704,89,F407,New Providence Road,1491383.763,2237688.8,1100.116,2,2,1067,Fulton, , ,0,1,,
-84.342992538231201,34.119429295747267,90,F308,Providence Road,1498563.904,2243220.609,1057.38,2,2,848,Fulton, , ,0,1,,
-84.344721386208576,34.124990015189326,91,F408,Batesville Road,1500588.298,2242700.91,981.681,2,2,809,Fulton, , ,0,1,,
-84.305329405886496,34.117545188936518,92,F309,Bethany Road,1497860.724,2254618.212,1054.197,2,2,839,Fulton, , ,0,1,,
-84.301398578225772,34.116625444685326,93,F409,Bethany Road,1497524.447,2255807.439,1062.301,2,2,891,Fulton, , ,0,1,,
-84.276493484560504,34.119425709610574,94,F310,Cogburn Road,1498534.409,2263346.165,1149.079,2,2,832,Fulton, , ,0,1,,
-84.276798922658585,34.123039503477862,95,F410,Cogburn Road,1499849.528,2263255.144,1139.043,2,2,824,Fulton, , ,0,1,,
-84.389760071569071,34.089499942910884,96,F311,Cox Road,1487700.626,2229042.89,1104.591,2,2,1146,Fulton, , ,0,1,,
-84.385122133937486,34.089178968618718,97,F411,Cox Road,1487580.795,2230446.782,1038.098,2,2,1145,Fulton, , ,0,1,,
-84.326210783589048,34.090078066723173,98,F312,Bethany Road,1487874.99,2248282.837,1100.785,2,2,1131,Fulton, , ,0,1,,
-84.326215379493732,34.095246049657312,99,F412,Bethany Road,1489755.556,2248284.381,1117.665,2,2,1101,Fulton, , ,0,1,,
-84.259480544488753,34.097546430726119,100,F313,Webb Road,1490567.695,2268487.799,1059.972,2,2,1045,Fulton, , ,0,1,,
,,101,F413*,Webb Road(dst! '96 see 960,0,0,0,2,2,1045,Fulton, , ,0,0,,
-84.241602777326193,34.093993482812479,102,F314,Windward Pkwy,1489270.381,2273898.844,1038.285,2,1,1047,Fulton, , ,0,1,,
-84.245564043832829,34.091599817567953,103,F414,Windward Pkwy,1488400.26,2272698.959,999.368,2,1,1108,Fulton, , ,0,1,,
-84.206008672974264,34.087615366188835,104,F315,Douglas Road,1486943.445,2284673.516,1179.919,2,1,1123,Fulton, , ,0,1,,
-84.205654666553599,34.085458793721948,105,F415,Douglas Road,1486158.656,2284780.395,1165.926,2,1,1166,Fulton, , ,0,1,,
,,106,F316,destroyed 6/93,0,0,0,0,0,0, , , ,0,1,,
,,107,F416,destroyed 6/93,0,0,0,0,0,0, , , ,0,1,,
-84.372293299397356,34.070028501348062,108,F317,Hardscrabble Rd,1480604.133,2234316.729,1170.7,1,2,359,Fulton, , ,0,1,,
-84.377291021085341,34.067739722168724,109,F417,Hardscrabble Rd,1479774.357,2232801.601,1164.102,1,2,316,Fulton, , ,0,1,,
-84.348563604388346,34.061139213846666,110,F318,Hembree Road,1477355.832,2241496.813,1132.642,1,2,442,Fulton, , ,0,1,,
-84.343551917609858,34.061138583236726,111,F418,Hembree Road,1477352.941,2243014.612,1112.426,1,2,474,Fulton, , ,0,1,,
-84.321566978142656,34.064593426358883,112,F319,S.R. Hwy 9,1478599.312,2249674.696,1111.448,1,2,553,Fulton, , ,0,1,,
-84.325524311569723,34.059612208156949,113,F419,S.R. Hwy 9,1476788.556,2248473.444,1065.474,1,2,555,Fulton, , ,0,1,,
-84.298549195259156,34.069157591641179,114,F320,S.R. Hwy 9,1480250.375,2256647.531,1133.397,1,2,694,Fulton, , ,0,1,,
-84.295188796012283,34.072875752913696,115,F420,S.R. Hwy 9,1481602.066,2257666.838,1121.868,2,2,1269,Fulton, , ,0,1,,
,,116,F321*,destroyed (not verified),0,0,0,0,0,0, , , ,0,0,,
-84.275897792735236,34.060104120757565,117,F421,Kimball Bridge Road,1476947.863,2263503.382,1105.959,1,2,852,Fulton, , ,0,1,,
-84.272744577934731,34.068739524854784,118,F322,State Bridge Road,1480089.156,2264461.608,1034.053,1,2,854,Fulton, , ,0,1,,
-84.267493552014002,34.068705510092158,119,F422,State Bridge Road,1480075.17,2266051.736,1032.842,1,2,909,Fulton, , ,0,1,,
-84.239849854795381,34.071656502890136,120,F323,Big Creek Overlook,1481141.873,2274423.696,1057.15,1,1,87,Fulton, , ,0,1,,
-84.241492621306861,34.070359224390273,121,F423,Big Creek Overlook,1480670.172,2273925.898,1018.358,1,1,87,Fulton, , ,0,1,,
-84.193235774513781,34.068834843777388,122,F324,Sargent Road,1480108.228,2288538.827,1086.12,1,1,313,Fulton, , ,0,1,,
-84.188911675134449,34.068598842851493,123,F424,Sargent Road,1480022.038,2289848.25,1067.882,1,1,313,Fulton, , ,0,1,,
-84.16767989845269,34.067684483580493,124,F325,McGinnis Ferry Road,1479688.585,2296277.757,1144.027,1,1,380,Fulton, , ,0,1,,
-84.163834408452018,34.066536947689173,125,F425,(dst!) new set nearby,1479271.024,2297442.291,1139.174,0,0,0, , , ,0,1,,
-84.381120685472524,34.050726440632218,126,F326,Woodstock Road,1473585.874,2231628.891,1120.372,1,2,309,Fulton, , ,0,1,,
-84.376597269478623,34.047129734592225,127,F426,Woodstock Road,1472274.245,2232996.3,1107.96,1,2,321,Fulton, , ,0,1,,
-84.361217426659067,34.049787278524839,128,F327,Crabapple Road,1473232.079,2237656.723,1154.132,1,2,393,Fulton, , ,0,1,,
-84.361117395733842,34.045658992056701,129,F427,Crabapple Road,1471729.8,2237684.167,1122.186,1,2,407,Fulton, , ,0,1,,
-84.341206124528597,34.042742856253113,130,F328,S.R. Hwy 9,1470657.79,2243713.622,1123.751,1,2,485,Fulton, , ,0,1,,
-84.339719587720836,34.046257564634161,131,F428,S.R. Hwy 9,1471935.974,2244166.082,1137.475,1,2,484,Fulton, , ,0,1,,
-84.303057987532,34.047001700458523,132,F329,Maxwell Road,1472189.964,2255271.416,1036.186,1,2,688,Fulton, , ,0,1,,
-84.308855181783102,34.04168897207532,133,F429,S.R Hwy 400,1470259.135,2253512.748,1041.199,1,2,639,Fulton, , ,0,1,,
-84.260097077328439,34.049103136704055,134,F330,Spruell Circle,1472940.032,2268285.056,1045.962,1,2,915,Fulton, , ,0,1,,
-84.260986659189612,34.04733571575364,135,F430,Kimball Bridge Road,1472297.142,2268015.014,1025.628,1,2,916,Fulton, , ,0,1,,
-84.233586065809064,34.053169218147694,136,F331,Kimball Bridge Road,1474413.325,2276316.059,1140.352,1,1,130,Fulton, , ,0,1,,
-84.23743782383653,34.049858605377167,137,F431,Kimball Bridge Road,1473209.429,2275148.606,1130.378,1,1,118,Fulton, , ,0,1,,
,,138,F332,destroyed 8/93,0,0,0,0,0,0, , , ,0,1,,
-84.222390068305089,34.040745855994629,139,F432,Morton Road,1469890.627,2279704.639,1083.371,1,1,170,Fulton, , ,0,1,,
-84.185672578604837,34.040490163331285,140,F333,Parsons Road,1469793.524,2290827.229,1023.358,1,1,323,Fulton, , ,0,1,,
-84.189878778739725,34.040645853454258,141,F433,Parsons Road,1469850.44,2289553.079,1003.282,1,1,306,Fulton, , ,0,1,,
-84.158087614549956,34.041626624014029,142,F334,Bell Road,1470206.638,2299183.365,1027.36,1,1,410,Fulton, , ,0,1,,
-84.161606605013503,34.042656555982965,143,F434,Bell Road,1470581.343,2298117.371,1016.891,1,1,410,Fulton, , ,0,1,,
-84.131912166881079,34.048207947163164,144,F335,Rogers Circle,1472603.155,2307111.64,971.291,1,1,474,Fulton, , ,0,1,,
-84.134023737421302,34.050828138363592,145,F435,Rogers Circle,1473556.391,2306471.746,1002.505,1,1,474,Fulton, , ,0,1,,
-84.115341040944031,34.050848434890298,146,F336,McGinnis Ferry Road,1473566.098,2312130.509,947.308,1,1,509,Fulton, , ,0,1,,
-84.110154488650664,34.050884679737408,147,F436,McGinnis Ferry Road,1473580.115,2313701.447,940.97,1,1,511,Fulton, , ,0,1,,
-84.397820223853586,34.027916914208888,148,F337,Shallowford Road,1465296.847,2226552.035,946.455,1,2,173,Fulton, , ,0,1,,
-84.396039785899859,34.029146517091831,149,F437,Shallowford Road,1465743.067,2227092.458,936.547,1,2,197,Fulton, , ,0,1,,
-84.357744900434895,34.028431566177538,150,F338,S.R. Hwy 9,1465459.085,2238694.018,1081.461,1,2,412,Fulton, , ,0,1,,
-84.359588115473301,34.026137455607866,151,F438,S.R. Hwy 9,1464625.343,2238134.009,1082.317,1,2,412,Fulton, , ,0,1,,
-84.323890412033023,34.021483293273235,152,F339,S.R. Hwy 140,1462913.278,2248946.97,1039.795,1,2,565,Fulton, , ,0,1,,
-84.32725790971881,34.022614715436042,153,F439,S.R. Hwy 140,1463326.567,2247927.288,1023.958,1,2,538,Fulton, , ,0,1,,
-84.270173413682343,34.021359693591435,154,F340,Old Alabama Road,1462847.582,2265222.783,1129.033,1,2,868,Fulton, , ,0,1,,
-84.265582339687228,34.021248121578346,155,F440,Old Alabama Road,1462805.608,2266613.807,1141.54,1,2,896,Fulton, , ,0,1,,
-84.241139267565316,34.018108657824868,156,F341,Old Alabama Road,1461656.942,2274019.065,1068.797,1,1,102,Fulton, , ,0,1,,
-84.235990788989056,34.015336425019903,157,F441,Old Alabama Road,1460647.08,2275578.394,976.064,1,1,109,Fulton, , ,0,1,,
-84.208672104861321,34.008590914290217,158,F342,Old Alabama Road,1458188.01,2283855.339,970.733,1,1,215,Fulton, , ,0,1,,
-84.212723576167463,34.008042690812729,159,F442,Old Alabama Road,1457989.049,2282627.499,957.268,1,1,213,Fulton, , ,0,1,,
-84.191627392821019,34.01506001064503,160,F343,Medlock Cross Pkwy,1460540.31,2289021.112,998.423,1,1,298,Fulton, , ,0,1,,
-84.193743485669046,34.016615082533903,161,F443*,Medlock Cross Pkwy(dst! 9/,1461106.336,2288380.053,986.04,1,1,287,Fulton, , ,0,0,,
-84.391476634263014,34.004098708419214,162,F344,Marietta Hwy,1456625.518,2228454.931,918.207,1,2,233,Fulton, , ,0,1,,
-84.387830467534087,34.006710811704927,163,F444,Marietta Hwy,1457573.612,2229561.972,1009.873,1,2,233,Fulton, , ,0,1,,
,,164,F345,number was not used,0,0,0,0,0,0, , , ,0,1,,
,,165,F445,number was not used,0,0,0,0,0,0, , , ,0,1,,
-84.300779011089986,34.002125696719659,166,F346,Eves Road,1455859.427,2255940.335,1061.645,1,2,675,Fulton, , ,0,1,,
-84.302814484987408,33.999087195812692,167,F446,Eves Road,1454754.585,2255321.992,1035.713,1,2,675,Fulton, , ,0,1,,
-84.239953511640252,34.034990545725961,168,F347,Jones Bridge Road,1467799.716,2274382.751,1110.496,1,1,97,Fulton, , ,0,1,,
-84.243633984685133,34.032403670310131,169,F447,Jones Bridge Road,1466859.213,2273267.064,1092.997,1,1,75,Fulton, , ,0,1,,
-84.274114122728562,33.989199549547941,170,F348,Holcomb Bridge Road,1451146.316,2264016.502,999.965,1,2,832,Fulton, , ,0,1,,
-84.277766877708942,33.991271375033669,171,F448,Holcomb Bridge Road,1451901.395,2262910.142,1022.695,1,2,824,Fulton, , ,0,1,,
-84.361552327506786,33.968306976476228,172,F349,Roswell Road,1443582.998,2237498.876,1014.762,17,0,31,Fulton, , ,0,1,,
-84.35864692690042,33.97119583485388,173,F449,Roswell Road,1444632.535,2238381.709,1059.686,17,0,30,Fulton, , ,0,1,,
-84.280052661789426,33.964191843399774,174,F350,Spalding Drive,1442048.444,2262206.423,909.349,6,0,337,Fulton, , ,0,1,,
-84.278641465969429,33.963526018440163,175,F450,Spalding Drive,1441805.694,2262634.028,903.266,6,0,337,Fulton, , ,0,1,,
-84.379981279745436,33.936951777185364,176,F351,Abernathy Road,1432184.603,2231887.826,959.02,17,0,87,Fulton, , ,0,1,,
-84.37214698391368,33.937031107763126,177,F451,Abernathy Road,1432208.622,2234263.973,948.919,17,0,73,Fulton, , ,0,1,,
-84.429831599830081,33.908939356206766,178,F352,New Northside Drive,1422026.589,2216742.423,908.528,17,0,205,Fulton, , ,0,1,,
-84.431688456188269,33.906169498689117,179,F452,New Northside Drive,1421020.149,2216176.465,871.297,17,0,205,Fulton, , ,0,1,,
-84.406606236893467,33.91535237917828,180,F353,Riverside Drive,1424342.884,2223794.284,1048.193,17,0,133,Fulton, , ,0,1,,
-84.406714456698197,33.912834878850589,181,F453,Riverside Drive,1423426.899,2223759.312,1058.344,17,0,133,Fulton, , ,0,1,,
-84.357707905384956,33.912248962698115,182,F354,S.R. Hwy 400,1423182.492,2238626.461,1021.684,17,0,37,Fulton, , ,0,1,,
-84.359296578283946,33.909939452777422,183,F454,S.R. Hwy 400,1422343.015,2238142.912,1029.673,17,0,38,Fulton, , ,0,1,,
-84.364428912653111,33.884697304984478,184,F355,Windsor Pkwy,1413160.959,2236568.138,903.541,17,0,41,Fulton, , ,0,1,,
-84.361179141271791,33.885333638737158,185,F455,Windsor Pkwy,1413390.623,2237554.811,853.61,17,0,41,Fulton, , ,0,1,,
-84.541386375343464,33.758786816774283,186,F356,S.R. Hwy 70,1367495.008,2182698.467,838.187,0,0,57,Fulton, , ,0,1,,
-84.546454115550716,33.754456319480646,187,F456,S.R. Hwy 70,1365924.905,2181152.449,818.568,0,0,83,Fulton, , ,0,1,,
-84.569136866598484,33.73223324870844,188,F357,S.R. Hwy 70,1357864.754,2174226.686,806.035,0,0,110,Fulton, , ,0,1,,
-84.572993947008101,33.729961190460209,189,F457,S.R. Hwy 70,1357042.619,2173050.804,816.225,0,0,109,Fulton, , ,0,1,,
-84.540866257654301,33.733525012008243,190,F358,Cascade Road,1358302.437,2182823.194,852.525,0,0,60,Fulton, , ,0,1,,
-84.542995911009669,33.733368920684171,191,F458,Cascade Road,1358247.995,2182175.542,835.146,0,0,60,Fulton, , ,0,1,,
-84.50118222409553,33.723134961325918,192,F359,S.R. Hwy 154,1354480.396,2194875.441,826.868,14,0,247,Fulton, , ,0,1,,
-84.505645028614751,33.722973963840104,193,F459,S.R. Hwy 154,1354426.242,2193518.331,807.859,14,0,248,Fulton, , ,0,1,,
-84.597310991778002,33.710383974315626,194,F360,Westgate Pkwy,1349949.065,2165628.03,863.187,0,0,136,Fulton, , ,0,1,,
-84.601230894964814,33.711640395341355,195,F460,Westgate Pkwy,1350411.232,2164437.925,827.567,0,0,67,Fulton, , ,0,1,,
-84.612306124113076,33.692000720199708,196,F361,S.R. Hwy 70,1343279.34,2161039.19,851.606,0,0,60,Fulton, , ,0,1,,
-84.607381544091794,33.696340463974487,197,F461,S.R. Hwy 70,1344852.005,2162543.797,815.107,0,0,60,Fulton, , ,0,1,,
-84.599930869689373,33.685238285325973,198,F362,Stonewall Tell Road,1340802.698,2164792.946,838.548,0,0,139,Fulton, , ,0,1,,
-84.599564029843222,33.683919576365518,199,F462,Stonewall Tell Road,1340322.396,2164902.523,840.028,0,0,139,Fulton, , ,0,1,,
-84.57642910104309,33.694259168362194,200,F363,Camp Creek Pkwy,1344055.926,2171954.857,840.32,0,0,119,Fulton, , ,0,1,,
-84.573137960853785,33.688094358769455,201,F463,Camp Creek Pkwy,1341808.802,2172947.04,808.276,0,0,104,Fulton, , ,0,1,,
-84.670121204554107,33.650570552141083,202,F364,S.R. Hwy 92,1328285.049,2143380.585,798.063,0,0,38,Fulton, , ,0,1,,
-84.666676167497528,33.649164830436959,203,F464,S.R.Hwy 92,1327768.467,2144426.465,805.149,0,0,29,Fulton, , ,0,1,,
-84.620746634566373,33.661645374168629,204,F365,West Stubbs Road,1332245.222,2158423.369,864.696,0,0,157,Fulton, , ,0,1,,
-84.618685983338878,33.659366783697415,205,F465,West Stubbs Road,1331413.373,2159046.735,868.191,0,0,157,Fulton, , ,0,1,,
-84.594334449125341,33.651433628273594,206,F366,Butner Road,1328495.248,2166444.395,893.929,0,0,143,Fulton, , ,0,1,,
-84.591519074766481,33.651354082318036,207,F466,Butner Road,1328462.772,2167301.006,890.622,0,0,125,Fulton, , ,0,1,,
-84.584185493291287,33.662114788604363,208,F367,Enon Road,1332369.124,2169548.461,785.694,0,0,123,Fulton, , ,0,1,,
-84.581753238720509,33.66549207491127,209,F467,Enon Road,1333595.021,2170293.45,821.688,0,0,122,Fulton, , ,0,1,,
-84.55659781333479,33.656770583679958,210,F368,Butner Road,1330391.772,2177935.128,804.132,0,0,99,Fulton, , ,0,1,,
-84.560356072736695,33.653149583917838,211,F468,Butner Road,1329078.554,2176786.529,850.051,0,0,99,Fulton, , ,0,1,,
-84.520618411469414,33.656414045493086,212,F369,Camp Creek Pkwy,1330222.652,2188882.665,822.439,0,0,37,Fulton, , ,0,1,,
-84.517299949375754,33.656219906191815,213,F469,Camp Creek Pkwy,1330148.571,2189892.186,815.842,0,0,37,Fulton, , ,0,1,,
-84.472892775394882,33.650983500661852,214,F370,Camp Creek Pkwy,1328200.31,2203399.028,943.01,14,0,193,Fulton, , ,0,1,,
-84.475557412381605,33.651777124439413,215,F470,Camp Creek Pkwy,1328491.492,2202589.03,887.557,14,0,193,Fulton, , ,0,1,,
-84.720728645695175,33.63131880057631,216,F371,Cedar Grove Road,1321358.732,2127942.753,826.508,0,0,3,Fulton, , ,0,1,,
-84.722300505049503,33.629948274438611,217,F471,Cedar Grove Road,1320862.61,2127461.636,815.848,0,0,2,Fulton, , ,0,1,,
-84.745018605492092,33.609283523616099,218,F372,Camp Redwine Road,1313381.306,2120504.621,770.766,8,0,62,Fulton, , ,0,1,,
-84.748157975922567,33.605658542370968,219,F472,Camp Redwine Road(dst! '95,1312067.656,2119541.413,742.761,8,0,62,Fulton, , ,0,1,,
-84.718168210446493,33.600632186084425,220,F373,Rivertown Road,1310188.774,2128662.588,845.175,8,0,4,Fulton, , ,0,1,,
-84.722061040528459,33.603027625035011,221,F473,Rivertown Road,1311066.726,2127481.955,847.324,8,0,4,Fulton, , ,0,1,,
-84.671371695124222,33.61792292197331,222,F374,S.R. Hwy 154,1316407.565,2142942.088,941.205,7,0,79,Fulton, , ,0,1,,
-84.670692404069243,33.611505617550492,223,F474,S.R. Hwy 154,1314071.53,2143137.508,934.467,7,0,79,Fulton, , ,0,1,,
-84.63467117129062,33.59138762750036,224,F375,McClure Road,1306699.851,2154070.926,958.856,7,0,117,Fulton, , ,0,1,,
,,225,F475,destroyed '93 see 9602,0,0,0,0,0,0, , , ,0,1,,
-84.618137356787713,33.622280554578843,226,F376,S.R. Hwy 92,1317918.279,2159154.762,859.185,0,0,140,Fulton, , ,0,1,,
-84.614920642640001,33.617052025432677,227,F476,S.R. Hwy 92,1316011.552,2160125.712,889.144,0,0,140,Fulton, , ,0,1,,
-84.590563144587605,33.584523560844573,228,F377,S.R. Hwy 92,1304144.444,2167492.292,986.415,0,0,90,Fulton, , ,0,1,,
-84.59572599398804,33.588888137136067,229,F477,S.R. Hwy 92,1305739.017,2165926.579,992.35,0,0,91,Fulton, , ,0,1,,
-84.559438605827495,33.618463237905914,230,F378,Stonewall Tell Road,1316456.407,2177017.787,976.409,0,0,13,Fulton, , ,0,1,,
-84.560078887743003,33.620476687683876,231,F478,Stonewall Tell Road,1317189.766,2176825.658,964.49,0,0,134,Fulton, , ,0,1,,
-84.530099834486435,33.60749083356523,232,F379,U.S. Hwy 29(dst! see 9913),1312431.34,2185935.063,1014.663,0,0,107,Fulton, , ,0,1,,
-84.525603446949162,33.609805971345899,233,F479,U.S. Hwy 29,1313268.952,2187306.945,1005.451,0,0,126,Fulton, , ,0,1,,
-84.505640366598456,33.621539173650881,234,F380,U.S. Hwy 29,1317517.719,2193398.68,1023.751,13,0,64,Fulton, , ,0,1,,
-84.501734854583447,33.622028245712933,235,F480,U.S. Hwy 29,1317691.801,2194588.126,1025.89,13,0,64,Fulton, , ,0,1,,
-84.472593562819526,33.613765891763499,236,F381,Old National Hwy,1314657.978,2203450.031,1021.651,13,0,68,Fulton, , ,0,1,,
-84.47146799334547,33.610059023372195,237,F481,Old National Hwy,1313308.184,2203788.722,993.951,13,0,68,Fulton, , ,0,1,,
-84.799772533446514,33.576465608029039,238,F382,Capps Ferry Road,1301537.537,2103761.457,807.84,8,0,148,Fulton, , ,0,1,,
-84.793809752713145,33.572907900002228,239,F482,Capps Ferry Road,1300231.966,2105569.715,830.067,8,0,129,Fulton, , ,0,1,,
-84.667603540657225,33.57411996482498,240,F383,S.R. Hwy 154,1300463.718,2144012.094,994.158,0,0,74,Fulton, , ,0,1,,
-84.675401400832229,33.57695742528994,241,F483,Rivertown Rd(dst! 4/7/92 s,1301507.7342,2141642.1117,971.728,7,0,55,Fulton, , ,0,1,,
-84.648687617253245,33.567062516883041,242,F384,Ono Road,1297868.456,2149761.506,1010.398,7,0,88,Fulton, , ,0,1,,
-84.645915838716761,33.569053020423148,243,F484,Ono Road,1298588.806,2150609.145,1007.186,7,0,105,Fulton, , ,0,1,,
-84.591781439372909,33.557026273991298,244,F385,McLarin Road,1294140.803,2167080.223,1044.388,0,0,48,Fulton, , ,0,1,,
-84.588191851210155,33.559720824351224,245,F485,McLarin Road,1295116.774,2168177.728,1040.985,0,0,48,Fulton, , ,0,1,,
-84.526005353024658,33.568046039332124,246,F386,Jonesboro Road,1298074.612,2187131.863,962.728,0,0,62,Fulton, , ,0,1,,
-84.529233802003688,33.567757546740282,247,F486,Jonesboro Road,1297973.067,2186148.122,982.961,0,0,62,Fulton, , ,0,1,,
-84.481185912556356,33.585633851022408,248,F387,Flat Shoals Road,1304429.698,2200803.122,893.732,13,0,126,Fulton, , ,0,1,,
-84.483579923613178,33.584218615151812,249,F487,Flat Shoals Road,1303916.974,2200072.488,887.488,13,0,126,Fulton, , ,0,1,,
-84.483442398425154,33.557563813647633,250,F388,West Road,1294218.277,2200084.719,880.116,13,0,190,Fulton, , ,0,1,,
-84.477724956152997,33.553364147637218,251,F488,West Road,1292684.923,2201821.853,872.902,13,0,189,Fulton, , ,0,1,,
-84.468366785436828,33.562876729516496,252,F389,Bethsaida Road,1296137.719,2204682.87,957.971,13,0,165,Fulton, , ,0,1,,
-84.464530073461702,33.562450130184587,253,F489,Bethsaida Road,1295979.117,2205851.14,936.773,13,0,165,Fulton, , ,0,1,,
-84.811638511701545,33.521405839353974,254,F390,Camp Redwine Road,1281525.574,2100022.772,752.328,8,0,157,Fulton, , ,0,1,,
-84.811041947901771,33.52404493859131,255,F490*,Camp Redwine Rd(dst! '95),1282484.713,2100210.549,716.022,8,0,157,Fulton, , ,0,0,,
-84.775571168612771,33.527810273237208,256,F391,Hutchesons Fy Road,1283789.475,2111028.513,804.854,8,0,108,Fulton, , ,0,1,,
-84.769603201920205,33.527725145674701,257,F491,Hutchesons Fy Road,1283747.877,2112847.023,832.692,8,0,108,Fulton, , ,0,1,,
-84.743263516458384,33.543624558617175,258,F392,Rico Road,1289487.419,2120905.995,868.797,8,0,54,Fulton, , ,0,1,,
-84.752719201778064,33.545998825819268,259,F492,Rico Road,1290367.477,2118029.863,835.792,8,0,74,Fulton, , ,0,1,,
-84.71685891777048,33.528191596324532,260,F393,Hearn Road,1283828.258,2128921.305,931.057,8,0,12,Fulton, , ,0,1,,
-84.717714777814948,33.525854824130278,261,F493,Hearn Road,1282979.384,2128655.974,906.826,8,0,13,Fulton, , ,0,1,,
-84.684641922547655,33.526910309927381,262,F394,Hutchesons Fy Road,1283311.499,2138736.758,1015.943,7,0,36,Fulton, , ,0,1,,
-84.68237964460296,33.524303894357118,263,F494,Hutchesons Fy Road,1282359.696,2139421.457,1004.749,7,0,36,Fulton, , ,0,1,,
-84.665289173464458,33.549356944208604,264,F395,S.R. Hwy 154,1291450.022,2144673.647,1001.638,7,0,71,Fulton, , ,0,1,,
-84.664969988723811,33.545183396015901,265,F495,S.R. Hwy 154,1289930.967,2144763.593,960.405,7,0,71,Fulton, , ,0,1,,
-84.637476052679844,33.537236542756489,266,F396*,Hwy 29(dst! '95 by GA DOT),1287000.283,2153127.279,1027.951,7,0,123,Fulton, , ,0,0,,
-84.641560301080673,33.536170762334599,267,F496*,U.S. Hwy 29(dst!by GA DOT),1286618.164,2151881.007,1033.935,7,0,123,Fulton, , ,0,0,,
-84.615638083252975,33.506563304681393,268,F397,Gullat Road,1275810.085,2159733.143,1003.049,7,0,159,Fulton, , ,0,1,,
-84.613602862272131,33.509420201960168,269,F497,Gullat Road,1276846.909,2160357.982,956.461,7,0,159,Fulton, , ,0,1,,
-84.576862445117925,33.534101411047686,270,F398,S.R. Hwy 74,1285781.09,2171592.084,980.74,0,0,12,Fulton, , ,0,1,,
-84.576762758676495,33.540287164244837,271,F498,S.R. Hwy 74,1288031.704,2171631.361,986.875,0,0,27,Fulton, , ,0,1,,
-84.536426809009441,33.535923550135237,272,F399,Fayetteville Road,1286397.758,2183915.834,977.229,0,0,23,Fulton, , ,0,1,,
-84.533703061518338,33.535093853683854,273,F499,Fayetteville Road,1286092.919,2184744.717,994.946,0,0,22,Fulton, , ,0,1,,
-84.364392785037865,33.955862321456351,274,321,Roswell Road,1439056.286,2236628.971,1039.352,17,0,74,Fulton, , ,0,1,,
-84.365588341662104,33.961128424501702,275,322,Roswell Road,1440973.215,2236270.163,931.317,17,0,74,Fulton, , ,0,1,,
-84.24997358726327,34.063581908106904,276,481,State Bridge Road,1478205.99,2271355.694,1053.065,1,1,49,Fulton, , ,0,1,,
-84.24571622417912,34.061804330865023,277,482,State Bridge Road,1477558.133,2272644.506,1077.114,1,1,83,Fulton, , ,0,1,,
-84.255006522236002,34.024463994992587,278,1301,Old Alabama Road,1463972.88,2269819.219,1113.931,1,1,33,Fulton, , ,0,1,,
-84.259887836865872,34.023886847471701,279,1302,Old Alabama Road,1463764.177,2268340.078,1118.239,1,1,14,Fulton, , ,0,1,,
-84.209850663549759,34.040879619712925,280,2421,Morton Road,1469937.466,2283503.146,1116.363,1,1,224,Fulton, , ,0,1,,
-84.205733145600334,34.042064695455068,281,2422,Morton Road,1470368.195,2284750.603,1092.462,1,1,224,Fulton, , ,0,1,,
-84.1959639980834,34.046431517919316,282,2631,Parsons Road,1471956.223,2287710.321,972.459,1,1,279,Fulton, , ,0,1,,
-84.193576085880423,34.043425323841674,283,2632,Parsons Road,1470862.119,2288433.341,987.741,1,1,280,Fulton, , ,0,1,,
-84.186506521857041,34.030296736018492,284,2811,Medlock Bridge Road,1466084.352,2290573.888,1013.682,1,1,328,Fulton, , ,0,1,,
-84.187934005577276,34.026751943618031,285,2812,Medlock Bridge Road,1464794.549,2290141.148,1016.819,1,1,328,Fulton, , ,0,1,,
-84.182419549761917,34.070102563127193,286,3141,Sargent Road,1480568.855,2291814.311,1075.378,1,1,316,Fulton, , ,0,1,,
-84.177806010276555,34.06949512306732,287,3142,McGinnis Ferry Road,1480347.633,2293211.357,1025.424,1,1,353,Fulton, , ,0,1,,
-84.257582007919055,34.039452879108381,288,3601,Waters Road,1469427.77,2269043.737,993.817,1,1,10,Fulton, , ,0,1,,
-84.254304575232581,34.036742536345443,289,3602,Waters Road,1468440.654,2270035.721,1079.138,1,1,10,Fulton, , ,0,1,,
-84.549645313964518,33.552539310639204,290,4401,Fayetteville Road,1292458.147,2179910.362,942.368,9,0,44,Fulton, , ,0,1,,
-84.551954486425657,33.555171102519068,291,4402,Fayetteville Road,1293418.353,2179210.429,955.309,9,0,44,Fulton, , ,0,1,,
-84.277117579475288,34.019599183862709,292,7321,Nesbit Ferry Road,1462209.161,2263118.058,1098.83,1,2,817,Fulton, , ,0,1,,
-84.280266745134995,34.016527675487076,293,7322,Nesbit Ferry Road,1461092.536,2262162.623,1116.88,1,2,817,Fulton, , ,0,1,,
-84.275860854190185,34.034799334793362,294,8121,Haynes Bridge Road,1467739.833,2263504.744,1074.955,1,2,844,Fulton, , ,0,1,,
-84.279525310273741,34.035311325591771,295,8122,Haynes Bridge Road,1467927.342,2262394.819,1048.546,1,2,812,Fulton, , ,0,1,,
-84.266685279031009,34.00358912578475,296,9271,Brumbelow Road,1456380.136,2266273.349,943.427,1,2,892,Fulton, , ,0,1,,
-84.263356523766532,34.007803287258234,297,9272,Brumbelow Road,1457912.625,2267283.596,1000.064,1,2,891,Fulton, , ,0,1,,
-84.193743485669046,34.016615082533903,298,9301,Medlock Crossing Parkway,1461106.336,2288380.053,986.04,1,1,298,Fulton, , ,0,1,,
-84.268260503192536,34.098125989861423,299,9601,Webb Road,1490781.1168,2265830.1216,1115.96,2,2,1046,Fulton, , ,0,1,,
-84.640782986629659,33.595312055255661,300,9602,Cedar Grove Road,1308136.268,2152216.318,945.247,7,0,116,Fulton, , ,0,1,,
-84.358733115754958,33.971068009686952,301,9603,Roswell Road,1444586.071,2238355.492,1058.166,17,0,30,Fulton, , ,0,1,,
-84.569478215874653,33.704311996790508,302,9803,Wallace Road/SR166,1347705.5031,2174083.259,890.019,0,0,0, , , ,0,1,,
-84.569367166645989,33.700956159555417,303,9804,Wallace Road/SR166,1346484.2921,2174112.269,873.79,0,0,0, , , ,0,1,,
-84.559015538343203,33.690872801495807,304,9807,Wallace Road/Enon Road,1342803.1738,2177246.565,887.475,0,0,0, , , ,0,1,,
-84.561673057399062,33.693075893351839,305,9808,Wallace Road/Daytona,1343607.8858,2176441.3067,843.19,0,0,0, , , ,0,1,,
-84.616789421752387,33.574322296523754,306,9819,Rivertown Road/White Mill,1300466.3015,2159489.2205,1013.729,0,0,0, , , ,0,1,,
-84.620370674692765,33.5737470102831,307,9820,Rivertown Road/School,1300261.735,2158397.5408,1029.095,0,0,0, , , ,0,1,,
-84.747941818706067,33.605775543398153,308,9821,SR70 Highway/White Oak Cre,1312109.8586,2119607.4655,740.814,0,0,0, , , ,0,1,,
-84.810702472116503,33.525521454763599,309,9822,SR70 Highway/Bear Creek,1283021.3189,2100317.3418,724.888,0,0,0, , , ,0,1,,
-84.640059375375913,33.536762357611387,310,9824,US Highway 29/SFC Airport,1286831.3302,2152339.3366,1037.176,0,0,0, , , ,0,1,,
-84.637266636798074,33.537306029436046,311,9825,US Highway 29/SFC Airport,1287025.2771,2153191.2042,1029.213,0,0,0, , , ,0,1,,
-84.559722178794516,33.577217151314187,312,9826,US Highway 29/Westbrook Pl,1301448.8932,2176874.4896,1009.627,0,0,0, , , ,0,1,,
-84.5905638406457,33.584524245534979,313,9827,SR92/SR138,1304144.6945,2167492.0811,986.269,0,0,0, , , ,0,1,,
-84.358526445253588,34.083968144697501,314,9850,Arnold Mill/Edenwilde,1485668.483,2238495.131,1128.83,0,0,0, , , ,0,1,,
-84.272938181191378,34.068719532079115,315,9851,Old Milton Parkway/SR400,1480081.942,2264402.973,1034.762,0,0,0, , , ,0,1,,
-84.267004101951045,34.069005118376147,316,9852,Old Milton Parkway/SR400,1480184.0477,2266200.0597,1042.564,0,0,0, , , ,0,1,,
-84.326110946012307,34.095421567499066,317,9853,Bethany Road/Mayfield Road,1489819.3758,2248316.0956,1116.232,0,0,0, , , ,0,1,,
-84.269841032797572,34.021510112104835,318,9854,Old Alabama Road/Haynes,1462902.215,2265323.547,1129.908,0,0,0, , , ,0,1,,
-84.379864710191001,33.900901629768121,319,9855,Roswell Road/Stewart Drive,1419066.6902,2231895.943,1063.797,0,0,0, , , ,0,1,,
-84.381148472022517,33.89921323871782,320,9856,Roswell Road/Maryeanna,1418453.1353,2231505.1395,1066.979,0,0,0, , , ,0,1,,
-84.367535284735794,33.893593459498248,321,9857,High Point Road/Forest Hil,1416399.8815,2235631.7494,987.603,0,0,0, , , ,0,1,,
-84.366805107630697,33.893503479852882,322,9858,Forest Hills Drive (635),1416366.7079,2235853.2553,989.19,0,0,0, , , ,0,1,,
-84.192827598560726,34.081176035356677,323,9859,Preserve/Creekview Terrace,1484598.9812,2288663.5817,1126.095,0,0,0, , , ,0,1,,
-84.193473516753897,34.081699408562493,324,9860,Preserve/Sunset Maple,1484789.4801,2288468.0605,1124.666,0,0,0, , , ,0,1,,
-84.354547362583403,33.898669255229748,325,9861,West Kingston Court,1418239.386,2239576.2695,942.756,0,0,0, , , ,0,1,,
-84.303367924346503,34.11703834157727,326,9865,Bethany Road/Cooper,1497675.4873,2255211.6097,1056.069,0,0,0, , , ,0,1,,
-84.388001591306377,34.070173108285481,327,9866,Wheatridge Bluff,1480666.6822,2229560.0491,1092.924,0,0,0, , , ,0,1,,
-84.388707047649035,34.070599404794621,328,9867,Wheatridge Bluff (@ 550),1480822.2692,2229346.7593,1099.649,0,0,0, , , ,0,1,,
-84.295220678106318,34.128673788911087,329,9870,Hopewell Lake Dam (N.),1501906.2976,2257682.725,985.978,0,0,0, , , ,0,1,,
-84.295580792224726,34.127411892638342,330,9871,Hopewell Lake Dam (S.),1501447.2444,2257573.1705,984.803,0,0,0, , , ,0,1,,
-84.486769285572592,33.591027807607439,331,9872,Cedar Wood Drive,1306397.5481,2199108.8603,876.16,0,0,0, , , ,0,1,,
-84.485532845461208,33.588219497685621,332,9873,Carriage Lane,1305374.5566,2199482.229,875.2,0,0,0, , , ,0,1,,
-84.283458707188103,34.153407436923864,333,9874,Thompson Road @ Burgess Dr,1510902.3503,2261252.326,1123.828,0,0,0, , , ,0,1,,
-84.283486637525158,34.150614582495166,334,9875,Bell Park Drive,1509886.0659,2261242.7137,1102.382,0,0,0, , , ,0,1,,
-84.27650149087134,34.119421945469156,335,9876,Cogburn Road/Bethany Road,1498533.0418,2263343.7408,1148.955,0,0,0, , , ,0,1,,
-84.276744941792273,34.123009275146359,336,9877,Cogburn Road/Oakstone Glen,1499838.5101,2263271.4686,1140.252,0,0,0, , , ,0,1,,
-84.385703178512145,34.060183661075015,337,9878,Woodstock Road/King Road,1477030.1611,2230248.2705,1179.867,0,0,0, , , ,0,1,,
-84.388134212147193,34.060974295252734,338,9879,Woodstock Road/Westwind,1477319.4473,2229512.6412,1159.939,0,0,0, , , ,0,1,,
-84.340129420690957,34.045923344161132,339,9880,SR Highway 9/Houze Road,1471814.5661,2244041.7359,1139.394,0,0,0, , , ,0,1,,
-84.338956575386263,34.048654295396112,340,9881,SR Highway 9/Sun Valley Dr,1472807.718,2244398.6707,1119.721,0,0,0, , , ,0,1,,
-84.263659450630598,34.097819519792068,341,9882,Webb Road/Deerfield Parkwa,1490668.243,2267222.8466,1068.649,0,0,0, , , ,0,1,,
-84.267142364419399,34.021179195939773,342,9907,Old Alabama Road/Fire Stat,1462780.9877,2266141.1053,1128.564,0,0,0, , , ,0,1,,
-84.262720894890364,34.022582422045545,343,9908,Old Alabama Road/Brumbelow,1463290.312,2267481.261,1143.748,0,0,0, , , ,0,1,,
-84.361360860947769,33.984825917210436,344,9909,Huntcliff Trace/Trace Val,1449593.813,2237568.34,883.528,0,0,0, , , ,0,1,,
-84.361451948475334,33.985326811525546,345,9910,Huntcliff Trace,1449776.132,2237541.076,880.313,0,0,0, , , ,0,1,,
-84.218382112408605,34.019317128455491,346,9911,Buice Road/Hunt Club Way,1462092.435,2280914.806,1001.514,0,0,0, , , ,0,1,,
-84.217623001311992,34.02059419220253,347,9912,Hunt Club Way/Fox Hunter,1462557.021,2281145.048,1032.79,0,0,0, , , ,0,1,,
-84.530178566078177,33.607783051439704,348,9913,US Highway 29/Mallory Road,1312537.751,2185911.466,1013.069,0,0,0, , , ,0,1,,
-84.30801791092297,34.042807135121301,349,9914,SR400/Mansell Road,1470665.666,2253766.937,1039.191,0,0,0, , , ,0,1,,
-84.391820555574427,33.892778292512261,350,9922,Helmsey Drive/Mt. Paran Ro,1416118.54,2228261.81,1054.26,0,0,0, , , ,0,1,,
-84.390204633938367,33.892322260466123,351,9923,Helmsley Drive,1415951.53,2228751.8,1034.04,0,0,0, , , ,0,1,,
-84.34301570333642,33.998197325340954,352,20001,North River Parkway,1454449.357,2243137.5558,931.31,0,0,0, , , ,0,1,,
-84.340098799627157,33.99928353533587,353,20002,North River Parkway,1454843.1004,2244022.267,937.72,0,0,0, , , ,0,1,,
-84.546274585844216,33.668375234522728,354,2002-01, ,1334602.6022,2181091.8371,800.513,0,0,0, , , ,0,1,,
-84.539551129812111,33.662933599429358,355,2002-02, ,1332615.1364,2183130.2642,803.607,0,0,0, , , ,0,1,,
-84.669584023133567,33.650325253749408,356,2002-03, ,1328194.9975,2143543.6193,799.854,0,0,0, , , ,0,1,,
-84.666358258312115,33.648979474888051,357,2002-04, ,1327700.555,2144522.8836,807.502,0,0,0, , , ,0,1,,
-84.781660173827149,33.566398685310538,358,2002-05, ,1297841.3121,2109256.2249,895.699,0,0,0, , , ,0,1,,
-84.788446713166749,33.570100258045407,359,2002-06, ,1299200.5193,2107197.0813,870.905,0,0,0, , , ,0,1,,
-84.708968695645808,33.566935382878803,360,2002-07, ,1297912.9507,2131399.5069,872.464,0,0,0, , , ,0,1,,
-84.714727616047909,33.566890897626159,361,2002-08, ,1297905.9937,2129645.2346,833.659,0,0,0, , , ,0,1,,
-84.58328816898721,33.624367395388497,362,2002-09, ,1318633.1033,2169766.1549,866.456,0,0,0, , , ,0,1,,
-84.586274530324019,33.6243636581763,363,2002-10, ,1318635.4167,2168857.1025,886.758,0,0,0, , , ,0,1,,
-84.520618411469414,33.656414045493086,364,F369*, ,1330222.6523,2188882.6652,822.439,0,0,0, , , ,0,0,,
-84.684641922547655,33.526910309927381,365,F394*, ,1283311.499,2138736.758,1015.943,0,0,0, , , ,0,0,,
-84.806143283794128,33.670639260432544,366,Dldryden*, ,1335816.2319,2102032.8905,1102.688,0,0,0, , , ,0,0,,
