OBJECTID,TRACTCE10,GEOID10,NAME10,PLNG_REGIO,Population_16_years_and_over,Civilian_Labor_Force,Percent_Civilian_Labor_Force,Pct_Unemp_Civil_Lab_Force,Percent_Percent_Unemployed__Civ,GlobalID,last_edited_date
1,910103,13045910103,9101.03,ARC 20,4022,2668,66.3,345,12.9,{74E40FC2-FB43-4A53-A28A-7B35A2CCA5FD},
2,910104,13045910104,9101.04,ARC 20,7380,5143,69.7,479,9.3,{FF873F0C-D691-4B9A-91AA-B4A7D2905CCB},
3,910502,13045910502,9105.02,ARC 20,2283,1557,68.2,292,18.8,{7D693468-C2C1-4304-A958-452DF37297F1},
4,910800,13045910800,9108,ARC 20,3192,1908,59.8,250,13.1,{9C1CC1B6-B261-4DFB-800F-72089C5B1974},
5,910101,13045910101,9101.01,ARC 20,4460,2860,64.1,401,14,{1464256B-026B-4CBF-B62B-9FE7ABDEECA1},
6,910200,13045910200,9102,ARC 20,9841,6100,62,966,15.8,{61D6E123-70A7-41F8-9C7E-5A2DEC2658C9},
7,910900,13045910900,9109,ARC 20,3110,1844,59.3,241,13.1,{FB776B7A-8AB7-4026-A0F0-5D1FADB66C42},
8,910300,13045910300,9103,ARC 20,4457,2715,60.9,361,13.3,{86204ED3-9834-423C-8A64-AA1BC134186E},
9,911100,13045911100,9111,ARC 20,6172,3793,61.5,328,8.6,{9C35D0F7-4A36-42EA-8D2B-7EB57761191E},
10,911000,13045911000,9110,ARC 20,4836,2959,61.2,171,5.8,{EB58A0CA-4547-49EC-A8DD-0355C7969602},
11,910701,13045910701,9107.01,ARC 20,6738,3710,55.1,280,7.5,{C5FC338E-46B1-4769-AAF5-F731DD58D680},
12,910703,13045910703,9107.03,ARC 20,6649,3690,55.5,558,15.1,{A75A89C0-6D48-4FA1-A775-55AD93F0AB4D},
13,910600,13045910600,9106,ARC 20,4521,2839,62.8,141,5,{590C317F-E389-4379-993E-554E466947D8},
14,910501,13045910501,9105.01,ARC 20,7726,4530,58.6,829,18.3,{44DAD43E-B75D-4660-800B-EA9AFE6A6FC7},
15,910702,13045910702,9107.02,ARC 20,5652,3334,59,367,11,{04BDA03B-EAA6-4B32-A85F-6F58B0C3875A},
16,911200,13045911200,9112,ARC 20,4497,2746,61.1,284,10.3,{29319C52-57EA-4D1F-80A7-654E4BAD1DCB},
17,910400,13045910400,9104,ARC 20,2632,1496,56.8,227,15.2,{A1EBCEF5-5629-45D4-91C6-FE659D411D6A},
18,140207,13113140207,1402.07,ARC 10,4281,2566,59.9,70,2.7,{4EAE4DC0-AD3B-4B54-98BF-F10FA12F7340},
19,140208,13113140208,1402.08,ARC 10,5715,3904,68.3,332,8.5,{29C8E9B1-0698-489A-A0CB-A56B3E2C41C4},
20,140303,13113140303,1403.03,ARC 10,3683,2078,56.4,121,5.8,{C02EB793-6BFE-4DE1-AC60-392CB01CFFDA},
21,140304,13113140304,1403.04,ARC 10,4595,3217,70,346,10.8,{720591AF-4282-4C53-9629-C8DC1522485A},
22,140307,13113140307,1403.07,ARC 10,3570,2325,65.1,82,3.5,{C2C14EE5-EE1E-4885-B9FD-D65A3282EEF1},
23,140408,13113140408,1404.08,ARC 10,2475,1708,69,86,5,{3D05A39A-A2C4-4ABE-B901-516340922EF7},
24,140407,13113140407,1404.07,ARC 10,6467,4063,62.8,333,8.2,{FB4CB008-AA2A-4DC3-B954-7AAB777FDB3D},
25,140405,13113140405,1404.05,ARC 10,2832,1737,61.3,171,9.8,{9DB28DA9-A556-4F73-9B18-269778D2A895},
26,140404,13113140404,1404.04,ARC 10,4613,2788,60.4,188,6.7,{395C50C2-2D7B-41FE-BAAE-F065FF6A0BC1},
27,140206,13113140206,1402.06,ARC 10,3686,2266,61.5,183,8.1,{2616EDD5-D182-4739-822F-26C47C77DA0E},
28,140203,13113140203,1402.03,ARC 10,4615,2954,64,214,7.2,{B5336E0C-C134-4B6B-AA7E-32322D4E9C91},
29,140204,13113140204,1402.04,ARC 10,4330,2848,65.8,266,9.3,{A31B282E-5A37-4A11-85B1-076955AF9E9C},
30,140305,13113140305,1403.05,ARC 10,3946,2365,59.9,243,10.3,{905F0D8D-A9C9-481B-8FC9-E88DE4D3BA56},
31,140403,13113140403,1404.03,ARC 10,4283,2663,62.2,205,7.7,{6DEA8A8A-8D61-45F6-B065-EFF01004643E},
32,140406,13113140406,1404.06,ARC 10,2974,1906,64.1,254,13.3,{189820F5-D088-4922-83EE-DF2BF7E75D6C},
33,140306,13113140306,1403.06,ARC 10,5831,3839,65.8,286,7.4,{89A3C886-E869-417C-A11E-C10799D03124},
34,140102,13113140102,1401.02,ARC 10,4984,3020,60.6,347,11.5,{C77A2C16-1CA6-44AC-8558-AD25771D5DF6},
35,140101,13113140101,1401.01,ARC 10,5822,3200,55,239,7.5,{AB948FCE-70DC-4C50-A3E8-5182A973BA73},
36,140502,13113140502,1405.02,ARC 10,2812,1717,61.1,60,3.5,{1A7C599C-A5A3-4C54-852C-DE66C2EA9CB9},
37,140501,13113140501,1405.01,ARC 10,4654,2749,59.1,92,3.3,{1FA8E172-989C-45C7-B88D-9013AFAA350F},
38,060404,13247060404,604.04,ARC 10,4746,3217,67.8,377,11.7,{8EB8999E-026B-4616-854E-53AAD22A9E8E},
39,060304,13247060304,603.04,ARC 10,4050,2498,61.7,309,12.4,{29E4AF96-F628-4678-AD9E-61E620E5E648},
40,060101,13247060101,601.01,ARC 10,2696,1520,56.4,159,10.5,{C7A05B77-F232-4660-9759-D8AF42081DB6},
41,060202,13247060202,602.02,ARC 10,7623,5110,67,418,8.2,{D6CC4602-3687-47E5-B768-1768DB1A79B5},
42,060201,13247060201,602.01,ARC 10,3576,2012,56.3,134,6.7,{E2BD8EF4-7148-4CAD-8DFB-DA5F6D21B7A7},
43,060306,13247060306,603.06,ARC 10,2256,1505,66.7,167,11.1,{DA5DC06F-6EFD-41AE-93D3-79AE728B60B5},
44,060407,13247060407,604.07,ARC 10,2577,1588,61.6,130,8.2,{AED60C39-6C7E-4176-AB8C-61DDF235F77F},
45,060403,13247060403,604.03,ARC 10,2856,1640,57.4,121,7.4,{903F3962-CFE3-4725-ADD3-8B0C2E00DCFD},
46,060406,13247060406,604.06,ARC 10,4555,2739,60.1,313,11.4,{6C496150-8B45-4AE7-8B4F-1FE8593CCB75},
47,060305,13247060305,603.05,ARC 10,4082,2937,72,300,10.2,{0FB095DE-7867-4A40-ADEE-09D8C7EC5552},
48,060309,13247060309,603.09,ARC 10,4098,2282,55.7,400,17.5,{A14D772D-581F-4DAF-A0B8-0B6DA957377D},
49,060308,13247060308,603.08,ARC 10,6059,3835,63.3,655,17.1,{AE9CA717-041A-42EB-B39A-4277E189AC22},
50,060405,13247060405,604.05,ARC 10,5245,3145,60,232,7.4,{C2A97765-1211-4523-A898-E45F4B0C45F9},
51,060307,13247060307,603.07,ARC 10,8173,5249,64.2,563,10.7,{A4EF640D-C273-44CE-A88E-4A528816C23C},
52,060102,13247060102,601.02,ARC 10,4265,2799,65.6,424,15.1,{3C68B25E-F15C-493E-9EB2-16B7CAD19BE1},
53,030330,13067030330,303.30,ARC 10,4485,3126,69.7,205,6.6,{72340877-9F46-4E35-A78F-EFA610306DBE},
54,030328,13067030328,303.28,ARC 10,5199,3538,68.1,71,2,{84C80B19-785A-4146-81AF-64BE7C4C8E65},
55,030700,13067030700,307,ARC 10,3120,2146,68.8,136,6.3,{98A2E7F4-03CC-4BC7-8446-FC0783E1E0A4},
56,030324,13067030324,303.24,ARC 10,2798,1983,70.9,158,8,{C0E42708-C88D-42E2-9536-8363858F9079},
57,030312,13067030312,303.12,ARC 10,4903,3220,65.7,215,6.7,{DF6BE234-72F3-47D0-B77C-C53C8669988E},
58,030228,13067030228,302.28,ARC 10,6006,4414,73.5,364,8.2,{55AAB106-3355-44D7-9DA1-611D6202FAA3},
59,030231,13067030231,302.31,ARC 10,5809,3876,66.7,174,4.5,{CEBD3FC2-8E66-4070-A624-5A24FF605A21},
60,030230,13067030230,302.30,ARC 10,10557,7335,69.5,294,4,{C03EBC94-AFF4-4007-8AE5-F7DAA291221B},
61,030311,13067030311,303.11,ARC 10,4670,3212,68.8,214,6.7,{A9BC3C42-7956-4480-9D46-CBE8F854D7FB},
62,031001,13067031001,310.01,ARC 10,3856,2595,67.3,344,13.3,{FB2EA8E3-4FFB-40A3-B686-0B4EC5583BC2},
63,030310,13067030310,303.10,ARC 10,6290,4441,70.6,353,7.9,{61887181-B3B1-4974-94DD-622D0DD49517},
64,030215,13067030215,302.15,ARC 10,7079,5262,74.3,615,11.7,{A78EC063-D5EC-4009-A948-124BB4517D46},
65,030601,13067030601,306.01,ARC 10,7301,6245,85.5,387,6.2,{A8F9C4FD-CD9F-4D05-8A7F-41E50B625F9E},
66,030227,13067030227,302.27,ARC 10,6442,5332,82.8,554,10.4,{D80B5DED-775F-4347-ACF0-84320D13E2B1},
67,030602,13067030602,306.02,ARC 10,5542,3492,63,361,10.3,{52233C79-F701-4206-A6E1-026FA9B205C8},
68,030506,13067030506,305.06,ARC 10,3520,2575,73.2,157,6.1,{35B10EF8-78F4-4C1C-A31D-80A0FB03479B},
69,030507,13067030507,305.07,ARC 10,4058,3048,75.1,308,10.1,{394BBA13-AFD6-4751-9DE7-390C542203A9},
70,030229,13067030229,302.29,ARC 10,5602,3573,63.8,423,11.8,{A6101110-5C06-4865-86A7-A1CF9447361F},
71,031208,13067031208,312.08,ARC 10,5293,3889,73.5,240,6.2,{0BE0AE9B-CAB9-482C-9580-31BF084DEC01},
72,031207,13067031207,312.07,ARC 10,3641,2671,73.4,49,1.8,{63821557-36B5-434D-9A4C-2474B1925478},
73,030226,13067030226,302.26,ARC 10,6490,5162,79.5,268,5.2,{78370CBC-04D3-488A-A0B3-8BB6215EA190},
74,031505,13067031505,315.05,ARC 10,4490,3022,67.3,350,11.6,{6E50793A-6E24-450F-B131-F1A6E500CF06},
75,030313,13067030313,303.13,ARC 10,6809,4562,67,334,7.3,{BEDD7580-D73D-4E8C-A7BC-20E588C6FA14},
76,031310,13067031310,313.10,ARC 10,4933,3487,70.7,582,16.7,{DE315203-9579-4F0B-9678-3422F20F20D2},
77,030214,13067030214,302.14,ARC 10,6549,4678,71.4,478,10.2,{4459B208-754B-4834-82F5-822B30DD232A},
78,031212,13067031212,312.12,ARC 10,2144,1334,62.2,45,3.4,{C6A36827-CC5B-421A-AA9F-C6758714B5EA},
79,031211,13067031211,312.11,ARC 10,3711,2811,75.7,52,1.8,{B38C750D-FCF9-45F0-89D6-B5C2D06B7330},
80,031209,13067031209,312.09,ARC 10,3331,2314,69.5,63,2.7,{91CCCAB2-503E-4A90-A3E6-58802B8A9817},
81,030224,13067030224,302.24,ARC 10,4947,3263,66,199,6.1,{8ADB1162-1C74-4676-A9A6-D77457FB8B33},
82,031205,13067031205,312.05,ARC 10,4793,3930,82,157,4,{AD851A1D-8B60-4BC8-BB20-075ED700018E},
83,031206,13067031206,312.06,ARC 10,8259,6447,78.1,599,9.3,{9B0CF4CC-6272-415B-A078-02E1D58EF146},
84,030220,13067030220,302.20,ARC 10,1379,1096,79.5,119,10.9,{47B9EFB2-655F-4135-9BB3-C54DEC6FB0F5},
85,030905,13067030905,309.05,ARC 10,6659,2987,44.9,283,9.5,{F5773E82-7615-4D9D-AD5D-567F0EB8CADD},
86,030502,13067030502,305.02,ARC 10,5167,3486,67.5,337,9.7,{59E8DCF8-95F7-410B-9C4A-E7723A63DF3C},
87,030209,13067030209,302.09,ARC 10,5180,3623,69.9,178,4.9,{3078074E-FBB3-4AC6-88E6-9536CFB3AEC2},
88,030326,13067030326,303.26,ARC 10,3660,2341,64,31,1.3,{EDB4B913-8F42-4B04-856E-8171252E8BEA},
89,031108,13067031108,311.08,ARC 10,4265,3311,77.6,282,8.5,{34317A0B-2E52-4E20-8550-F7CDABD8080F},
90,130105,13117130105,1301.05,ARC 20,1957,1047,53.5,153,14.6,{A36941E4-C93C-49B5-8917-CB0940DC88E4},
91,130205,13117130205,1302.05,ARC 20,1853,1142,61.6,79,6.9,{5A1722C0-FBAC-49E5-BCC2-28062CA81B4B},
92,130603,13117130603,1306.03,ARC 20,3474,2512,72.3,206,8.2,{90CE74ED-575A-4455-B9FC-70A448418902},
93,130610,13117130610,1306.10,ARC 20,3221,2113,65.6,75,3.5,{D8154584-6EDE-45C7-836C-8BB58935CAFA},
94,130606,13117130606,1306.06,ARC 20,3199,2000,62.5,161,8,{85621CA9-97C9-4B35-A990-6753F2852557},
95,130604,13117130604,1306.04,ARC 20,3624,2264,62.5,89,3.9,{2724EEFC-CB5B-4BBF-97D2-2F18CDBBCFB1},
96,130611,13117130611,1306.11,ARC 20,2952,2065,70,151,7.3,{3B22D023-0966-4562-98C1-938D06F56C6C},
97,130609,13117130609,1306.09,ARC 20,3473,2477,71.3,301,12.2,{BCEB9645-B83C-4918-A826-B2F2374E53C2},
98,130607,13117130607,1306.07,ARC 20,3778,2540,67.2,118,4.6,{C05366F3-C1D0-4564-B5B0-A0ED4036049F},
99,130605,13117130605,1306.05,ARC 20,2990,1972,66,140,7.1,{AB4A874A-4DE3-4F97-BAE2-B9007814469E},
100,130602,13117130602,1306.02,ARC 20,4091,3097,75.7,58,1.9,{DB699152-473E-4B66-BA13-F863A1030898},
101,130508,13117130508,1305.08,ARC 20,3802,2514,66.1,123,4.9,{BFF7B110-1076-45BD-BDA8-902E2FE625E7},
102,130507,13117130507,1305.07,ARC 20,1965,1317,67,41,3.1,{C29C6081-A542-46F5-BA3F-FCA9C3205464},
103,130409,13117130409,1304.09,ARC 20,2001,1530,76.5,60,3.9,{D5AB65E9-6C60-468E-A491-A7F976F4F66C},
104,030218,13067030218,302.18,ARC 10,4149,2877,69.3,112,3.9,{595F546E-AACC-4ADC-B996-EAA29264FD33},
105,030219,13067030219,302.19,ARC 10,7256,5071,69.9,498,9.8,{DB969C1B-BE3B-4756-A5DF-B042F18C5C56},
106,030235,13067030235,302.35,ARC 10,3794,2553,67.3,116,4.5,{10F60588-38A4-4F71-863E-1CDA4EBC41AE},
107,030234,13067030234,302.34,ARC 10,4755,3304,69.5,153,4.6,{AEED7717-7072-4A2E-AC36-596945B6A094},
108,030233,13067030233,302.33,ARC 10,3229,2330,72.2,183,7.9,{ED58A09D-135B-455A-8AFD-87480F1FEF63},
109,030337,13067030337,303.37,ARC 10,3423,2319,67.7,60,2.6,{F07C9357-A73D-491E-84AB-6B23CC0EBABD},
110,030334,13067030334,303.34,ARC 10,2494,1736,69.6,89,5.1,{1B573F0F-CE3D-4F70-AD72-0924353F3116},
111,031111,13067031111,311.11,ARC 10,2927,2382,81.4,129,5.4,{17981FE0-2D4C-4169-8EA5-9904791040D5},
112,031110,13067031110,311.10,ARC 10,2756,2194,79.6,140,6.4,{5FB22648-3095-4E5E-872E-DDF52D508726},
113,030405,13067030405,304.05,ARC 10,4815,3856,80.1,357,9.3,{1F211498-B8F9-46EC-B4A7-C5A8D0DD2BE6},
114,031101,13067031101,311.01,ARC 10,3582,2408,67.2,259,10.8,{0AD0F253-3958-4E2C-B1E9-FFF613A249A4},
115,130305,13117130305,1303.05,ARC 20,3805,2783,73.1,175,6.3,{FDA8F4C8-62CC-4FE7-BE7D-C5441D8B497C},
116,130301,13117130301,1303.01,ARC 20,4289,2816,65.7,215,7.6,{3C9D2F33-7CC7-4D89-BB53-57047D1D4171},
117,130405,13117130405,1304.05,ARC 20,2863,2159,75.4,17,0.8,{0329A18D-8455-4177-9DC9-ED51E4DD4C78},
118,130504,13117130504,1305.04,ARC 20,3016,2211,73.3,146,6.6,{73732909-D35A-4071-A4FA-683D00547FDA},
119,130505,13117130505,1305.05,ARC 20,2198,1454,66.2,72,5,{1CBF5503-9C25-4566-A41B-F812B34B1953},
120,130503,13117130503,1305.03,ARC 20,2221,1574,70.9,72,4.6,{4E04DD59-9785-4ED7-87E3-96D859A04F5E},
121,130102,13117130102,1301.02,ARC 20,2009,1432,71.3,166,11.6,{97F10863-C66A-4853-A400-8105194179D1},
122,130103,13117130103,1301.03,ARC 20,2812,2043,72.7,168,8.2,{1B95DC01-E6D2-4CC0-9441-136F93A5CAC5},
123,130303,13117130303,1303.03,ARC 20,3075,2193,71.3,221,10.1,{815397C6-03E4-477B-AFE6-8BECD2D595D7},
124,130201,13117130201,1302.01,ARC 20,3466,2561,73.9,97,3.8,{26D0D000-B897-4D73-A0AB-03C0FB8271E4},
125,030232,13067030232,302.32,ARC 10,4360,3232,74.1,221,6.8,{3709E256-DCCB-45F3-A567-8453CF2BACE3},
126,030222,13067030222,302.22,ARC 10,4377,3190,72.9,224,7,{576980CC-3977-447A-89FA-CB64AC832D1F},
127,031118,13067031118,311.18,ARC 10,4384,2909,66.4,243,8.4,{6270E806-4598-4DDB-B53E-C49DC15735F0},
128,031117,13067031117,311.17,ARC 10,4168,2964,71.1,146,4.9,{7D931E3E-98B9-41A5-8F52-F873CCBE80E0},
129,031507,13067031507,315.07,ARC 10,2844,1735,61,284,16.4,{401CE644-0DE8-41D0-8474-439E5CCCA84A},
130,031004,13067031004,310.04,ARC 10,5282,4091,77.5,603,14.7,{D65408C5-8C11-4689-A864-FE590487B30E},
131,030103,13067030103,301.03,ARC 10,7240,5111,70.6,519,10.2,{25EA08FA-7DDB-433C-8F51-E8687B0C69B3},
132,031404,13067031404,314.04,ARC 10,4499,3319,73.8,133,4,{962AE6FD-5D79-4A42-9E8B-3B636C23D303},
133,031306,13067031306,313.06,ARC 10,3286,2395,72.9,229,9.6,{1810FCB8-94A6-4CC5-9E03-C9062621A931},
134,030101,13067030101,301.01,ARC 10,6275,4296,68.5,259,6,{C195DBE4-E735-4B48-A2C5-19E57B9973D8},
135,030104,13067030104,301.04,ARC 10,2860,1874,65.5,143,7.6,{0692DBB9-42F1-44B2-902C-14F00D906D16},
136,130613,13117130613,1306.13,ARC 20,2408,1531,63.6,50,3.3,{998E8100-425F-423F-AA77-EEFBE9BA1401},
137,130408,13117130408,1304.08,ARC 20,2997,1772,59.1,161,9.1,{5569BC4F-44E7-45A4-BDD3-338C22FADB6B},
138,130612,13117130612,1306.12,ARC 20,4833,3090,63.9,85,2.8,{E41036C2-D79F-470D-893B-8A51212ACFD7},
139,130608,13117130608,1306.08,ARC 20,3898,2244,57.6,90,4,{E86AE02B-79B1-4D2C-8270-578BD862FEB5},
140,130307,13117130307,1303.07,ARC 20,3095,1997,64.5,70,3.5,{2197FA51-C601-4EBB-B3A8-89CF6F63EC59},
141,130302,13117130302,1303.02,ARC 20,3891,2663,68.4,171,6.4,{F420279F-07CE-4A2D-9B81-D2FDD5E27EA6},
142,130304,13117130304,1303.04,ARC 20,3478,2460,70.7,200,8.1,{E900C380-609E-4239-963D-40338C3D5B5A},
143,130404,13117130404,1304.04,ARC 20,3120,2329,74.6,170,7.3,{00ECF601-4FD4-4B4E-A043-7B864C91D6A6},
144,130306,13117130306,1303.06,ARC 20,3711,2185,58.9,58,2.7,{90D40BCC-35E5-4054-9E87-F3CE4F50CB71},
145,130601,13117130601,1306.01,ARC 20,3577,2586,72.3,191,7.4,{0C5FDC69-1CD5-4A8F-B5C2-C0A43D9236C9},
146,130510,13117130510,1305.10,ARC 20,4721,3196,67.7,129,4,{E1EBCB26-0B7D-4892-8074-93CC67C466C4},
147,130406,13117130406,1304.06,ARC 20,3991,2896,72.6,104,3.6,{ACBEC1F9-DA3D-4D2A-AEA0-CB46D6306A0D},
148,130410,13117130410,1304.10,ARC 20,3317,2208,66.6,144,6.5,{E52110B3-A3A4-412E-9AF2-6F619FDF6854},
149,130203,13117130203,1302.03,ARC 20,4094,2623,64.1,236,9,{17D977F8-6C09-49CB-B9E4-503CFC9D0221},
150,130204,13117130204,1302.04,ARC 20,3183,2150,67.5,116,5.4,{44B75656-A94D-45CE-B9C5-656BB8EC4E8F},
151,130202,13117130202,1302.02,ARC 20,2698,1824,67.6,95,5.2,{37018420-5915-45A2-89D8-B2D713167D81},
152,130509,13117130509,1305.09,ARC 20,2665,1736,65.1,225,13,{51E2F71A-D2A1-4295-BDC8-9CD08C8DB379},
153,130403,13117130403,1304.03,ARC 20,4372,2913,66.6,226,7.8,{91083840-90FF-4F65-81F6-E85E0CAC16C3},
154,031506,13067031506,315.06,ARC 10,3834,2244,58.5,248,11.1,{63CC0B09-7988-418B-83ED-85B5989E3824},
155,031508,13067031508,315.08,ARC 10,3962,2802,70.7,321,11.5,{BFA7B99C-C2CF-40AC-8042-E49D19737705},
156,031116,13067031116,311.16,ARC 10,2977,2063,69.3,218,10.6,{B6D497D9-0ED4-4E53-8A87-BA704BFBC817},
157,031115,13067031115,311.15,ARC 10,3600,2448,68,207,8.5,{AE994B2A-0834-4A58-A1D3-DDA62E9FE029},
158,030223,13067030223,302.23,ARC 10,4685,3498,74.7,169,4.8,{A685C6F4-9353-4AB4-A380-6768A2F711FC},
159,031312,13067031312,313.12,ARC 10,7117,5766,81,443,7.7,{6F5C8767-7D29-4B02-BA79-810F2CD4335E},
160,031313,13067031313,313.13,ARC 10,7593,5908,77.8,296,5,{8E4D00E8-2FAC-48F2-983F-5B8C6DDDA098},
161,031309,13067031309,313.09,ARC 10,5939,4324,72.8,546,12.6,{35973B49-CCD9-4B97-BFE5-4C19ED3E8CFB},
162,130101,13117130101,1301.01,ARC 20,3258,2266,69.6,373,16.5,{11EF3C2E-E8E6-4025-98AD-D45C1BEE7D77},
163,130104,13117130104,1301.04,ARC 20,3122,2172,69.6,59,2.7,{CEB3AA53-48E5-4BC3-A73C-8A835D7D76AB},
164,130506,13117130506,1305.06,ARC 20,2599,2001,77,97,4.8,{FA6A6CEF-62AC-48F7-B5FB-77C4025FBB24},
165,031509,13067031509,315.09,ARC 10,7872,5650,71.8,564,10,{6AE9D4C8-F3DB-49CC-8EF9-A21D23E2AE9B},
166,031113,13067031113,311.13,ARC 10,818,665,81.3,50,7.5,{F5AA2D77-4BE6-419C-9DC1-14A5736BEECC},
167,031114,13067031114,311.14,ARC 10,6376,5121,80.3,373,7.3,{00C56B89-8F0E-4475-ADAB-996E4469C35B},
168,030345,13067030345,303.45,ARC 10,3670,2941,80.1,187,6.4,{2DF6F8FD-8908-4ED1-B3A7-EE70302B1DB9},
169,030344,13067030344,303.44,ARC 10,2970,2452,82.6,292,11.9,{992C0035-C520-4E42-8845-965747BA1B5B},
170,030411,13067030411,304.11,ARC 10,2595,2191,84.4,274,12.5,{43189746-D0F5-4520-8604-DC23DAF2CC93},
171,030412,13067030412,304.12,ARC 10,3482,2621,75.3,261,10,{361D217F-4646-4A33-970A-5983ACB314B4},
172,030414,13067030414,304.14,ARC 10,2249,1775,78.9,272,15.3,{6FB83C37-1A53-4F82-9437-56795E33DAE5},
173,030413,13067030413,304.13,ARC 10,4532,3321,73.3,459,13.8,{5B5DE192-2A15-4D6D-BD43-148FA6AFBDA7},
174,030239,13067030239,302.39,ARC 10,6648,4159,62.6,213,5.1,{687B4A12-EA2E-4A6F-AD82-8EEEDFA77A9A},
175,030238,13067030238,302.38,ARC 10,5096,3253,63.8,97,3,{2EC4142F-0F92-44D0-BCB7-97D87CDADFB6},
176,030236,13067030236,302.36,ARC 10,3567,2372,66.5,80,3.4,{80B1EAE2-C2F1-4535-A55D-889DB44CC43E},
177,030407,13067030407,304.07,ARC 10,3848,2690,69.9,118,4.4,{C226188A-5D71-47FF-8152-9206D0EA76DA},
178,030408,13067030408,304.08,ARC 10,2545,1776,69.8,141,7.9,{0A5302DA-1A0B-4F9B-A122-A2F002ACCA2D},
179,030410,13067030410,304.10,ARC 10,3918,2790,71.2,376,13.5,{FA643337-09C7-43D9-9A90-CE0ECE43F6F9},
180,030409,13067030409,304.09,ARC 10,2745,1740,63.4,75,4.3,{911EB067-AB3D-44B9-A7D6-ECAF907FEF4E},
181,030343,13067030343,303.43,ARC 10,3519,2445,69.5,44,1.8,{78F492B8-6255-40E2-9B38-E76B4A4EB910},
182,030342,13067030342,303.42,ARC 10,3612,2348,65,149,6.3,{A20D572E-182D-49B5-ABD0-C31A559170D2},
183,030340,13067030340,303.40,ARC 10,3103,2223,71.6,134,6,{B7AA898C-6DF2-40A9-91BC-606238F3880F},
184,030341,13067030341,303.41,ARC 10,3482,2701,77.6,226,8.4,{0A42AE99-9655-4D0C-81C2-6E1D86F81941},
185,031409,13067031409,314.09,ARC 10,3888,2681,69,371,13.8,{3AC75B9E-C995-4FB2-9201-4F4EFA35349D},
186,031408,13067031408,314.08,ARC 10,4469,2880,64.4,341,11.8,{715A222F-0FF8-495E-B7EB-20197E8C50DF},
187,030107,13067030107,301.07,ARC 10,3595,2686,74.7,187,7,{06D53135-7E8E-451D-A43D-B35888A33144},
188,030106,13067030106,301.06,ARC 10,5951,4451,74.8,670,15.1,{EEB3159B-E7A6-45C0-9AFB-1A7E1A986A58},
189,030505,13067030505,305.05,ARC 10,5498,4565,83,152,3.3,{A4D2E4A2-ADCC-4246-AE53-1EF82B1AF02B},
190,030800,13067030800,308,ARC 10,4439,3025,68.1,358,11.8,{AE46776D-C86D-408D-B6C8-F481683B8A33},
191,030902,13067030902,309.02,ARC 10,4667,3700,79.3,437,11.8,{E7F0653E-2FE0-4B41-8FA8-D11E8D33E3B9},
192,031311,13067031311,313.11,ARC 10,6633,5222,78.7,674,12.9,{3FB1F502-A5C6-4A56-BEA6-7242C79E4795},
193,031406,13067031406,314.06,ARC 10,5607,3845,68.6,408,10.6,{B62B6F97-2542-4C67-9C92-08A696B580B9},
194,031405,13067031405,314.05,ARC 10,6510,4807,73.8,584,12.1,{42B35133-4189-4848-8313-C855F1C1A648},
195,030320,13067030320,303.20,ARC 10,6505,4315,66.3,142,3.3,{A9D5EA58-741E-4B1C-BBD5-701B962BEB55},
196,030318,13067030318,303.18,ARC 10,6020,3661,60.8,282,7.7,{36A5B584-F89C-4A3E-B299-3FA682D6EE76},
197,031005,13067031005,310.05,ARC 10,4071,2818,69.2,352,12.5,{E0944C3E-0904-4F5B-9BD2-47DB2D9E41A2},
198,031002,13067031002,310.02,ARC 10,6804,4626,68,667,14.4,{DF684A49-DFF5-4171-821D-CE66A4011D88},
199,030904,13067030904,309.04,ARC 10,4948,3641,73.6,578,15.9,{602F61E9-EB47-46A6-B8A7-ADFD4C005B5A},
200,030901,13067030901,309.01,ARC 10,5888,4132,70.2,444,10.7,{ED1A6A06-8FDD-42EB-BED5-F69965934844},
201,031503,13067031503,315.03,ARC 10,7295,4526,62,376,8.3,{C093D579-8B15-483C-A47A-73F855317CD5},
202,031307,13067031307,313.07,ARC 10,4377,2743,62.7,212,7.7,{8787784C-F740-4C44-98A9-0C5D394677B2},
203,031308,13067031308,313.08,ARC 10,4155,2777,66.8,248,8.9,{58771FCE-7026-4249-86BF-5F47CE9E0010},
204,030319,13067030319,303.19,ARC 10,3316,2089,63,67,3.2,{B035AB88-278C-46BC-A0F1-F3EF168B1DB9},
205,030333,13067030333,303.33,ARC 10,4559,3094,67.9,252,8.1,{F4AD343C-0E43-4A5E-B035-0313405D14FE},
206,030332,13067030332,303.32,ARC 10,2625,1721,65.6,113,6.6,{8075943F-659B-41E9-AD31-CC0814651D4B},
207,030335,13067030335,303.35,ARC 10,3480,2323,66.8,69,3,{0C5F7D0D-E29A-485C-81D1-C583C631B2B1},
208,031106,13067031106,311.06,ARC 10,6910,4793,69.4,472,9.8,{FBEC69C3-AF08-4A71-97F2-F07B9E511112},
209,030331,13067030331,303.31,ARC 10,4402,3062,69.6,135,4.4,{4273488A-D886-463B-AB80-31F8EF05D2C9},
210,030322,13067030322,303.22,ARC 10,2560,1770,69.1,85,4.8,{88652540-8B03-4A20-8B3B-C7AF6A7B013B},
211,031112,13067031112,311.12,ARC 10,4188,3236,77.3,195,6,{A4CC5D13-7185-4C9D-BA48-F86F8162F3CE},
212,030504,13067030504,305.04,ARC 10,5103,3761,73.7,418,11.1,{BE47DE0B-063B-4831-B83B-E39BA35AC994},
213,030327,13067030327,303.27,ARC 10,3385,2347,69.3,87,3.7,{3AB114B3-F390-4D45-A267-495AB115D4EF},
214,030329,13067030329,303.29,ARC 10,3415,2389,70,89,3.7,{9CB4C7FF-4FE2-405A-ADC7-574AAACFD1B6},
215,030339,13067030339,303.39,ARC 10,5368,4767,88.8,103,2.2,{C252E319-DA74-4158-9744-1319D5B1B00E},
216,030314,13067030314,303.14,ARC 10,6194,4350,70.2,245,5.6,{9DF1C349-8141-4D53-ABED-730EF39F3DAE},
217,030336,13067030336,303.36,ARC 10,5384,3674,68.2,219,6,{23F063B2-BE64-4B0E-AB76-A4FFFCD64D78},
218,040411,13063040411,404.11,ARC 10,10131,7096,70,496,7,{25097257-0994-4EB8-8260-1E5091024101},
219,040512,13063040512,405.12,ARC 10,4273,3071,71.9,456,14.8,{F15DDD2E-4B76-4B98-A33F-94E5753FFC38},
220,040608,13063040608,406.08,ARC 10,8692,6096,70.1,803,13.2,{6F515394-E231-4F56-BF7A-8DA73E446C8D},
221,040614,13063040614,406.14,ARC 10,3937,2287,58.1,219,9.6,{54207EFF-3E22-49C3-B20E-F26647E532B2},
222,040606,13063040606,406.06,ARC 10,2818,1352,48,179,13.2,{68EB6487-AB1B-4C73-B9BF-517DF7FA3458},
223,040612,13063040612,406.12,ARC 10,4971,2567,51.6,330,12.9,{7821EFF7-2994-44B6-B06C-06FCF61375EF},
224,040609,13063040609,406.09,ARC 10,4957,3208,64.7,274,8.5,{50017C14-419B-46EA-AC0A-F7E5B62F9412},
225,040412,13063040412,404.12,ARC 10,6496,4544,70,793,17.5,{7CDEBC46-0CA2-420D-95AE-2BCA99C54215},
226,040413,13063040413,404.13,ARC 10,5244,3703,70.6,523,14.1,{778DDBB5-47BD-4793-A81E-A76118651CD3},
227,040613,13063040613,406.13,ARC 10,6098,3691,60.5,757,20.5,{4FBFDD26-FC84-42CC-8DF2-1F610964032C},
228,040408,13063040408,404.08,ARC 10,6453,4127,64,553,13.4,{E1F02444-6DAC-419E-ADDB-382AB41FCC75},
229,040409,13063040409,404.09,ARC 10,4436,3130,70.6,313,10,{365EB5B2-7AE9-4280-B542-0D5E24811155},
230,040410,13063040410,404.10,ARC 10,4680,3005,64.2,302,10,{2A3B0E7C-A284-4DEC-99DA-8C7E223CFA7D},
231,040303,13063040303,403.03,ARC 10,4366,2981,68.3,929,31.2,{42B19CAB-5B45-4B91-A1F8-5983E929DF0C},
232,040302,13063040302,403.02,ARC 10,3409,2088,61.2,261,12.5,{5139FEEA-33F8-4814-828A-5CE7E22C9D30},
233,040611,13063040611,406.11,ARC 10,4605,2832,61.5,381,13.5,{61AAA288-81C2-49A7-972F-00FCCB467CEB},
234,040407,13063040407,404.07,ARC 10,2991,1925,64.4,175,9.1,{69F22BBC-6C9D-4BB8-9112-69DA7F2E74D9},
235,040510,13063040510,405.10,ARC 10,2621,1702,64.9,241,14.2,{6F6C250F-E53E-4101-B055-43253B982AE1},
236,040514,13063040514,405.14,ARC 10,4950,3542,71.6,330,9.3,{C4A1B645-93DE-46C6-8261-159CCFA39FF2},
237,040307,13063040307,403.07,ARC 10,3618,2393,66.1,344,14.4,{43863D6D-515A-40D0-830C-C7E71FFED574},
238,980000,13063980000,9800,ARC 10,0,0,,0,,{FC09E702-66F8-4924-ADEC-25C9EF225541},
239,040622,13063040622,406.22,ARC 10,6108,3696,60.5,455,12.3,{E0B58B2C-2BE5-4AB2-B8CD-76CB16E5202F},
240,040621,13063040621,406.21,ARC 10,7906,5095,64.4,545,10.7,{691076C3-E1AB-47CE-8BA3-726E801FF6B9},
241,040619,13063040619,406.19,ARC 10,2440,1748,71.6,207,11.8,{6ABBEFA6-80D8-4071-8FB2-6C16B22136F2},
242,040523,13063040523,405.23,ARC 10,2202,1587,72.1,119,7.5,{24B09014-300D-4D1B-9F26-3C202BA62AD6},
243,040522,13063040522,405.22,ARC 10,3633,2507,69,573,22.9,{72F8ECCC-B3CE-4699-8EC3-7D11ACEB78A6},
244,040520,13063040520,405.20,ARC 10,2657,1874,70.5,327,17.4,{AE6258E1-C819-48D4-B858-A5AA5D096E11},
245,040519,13063040519,405.19,ARC 10,3173,2583,81.4,422,16.3,{767CDCEE-8AD8-4F1B-B048-E9B08C6E3EBB},
246,040417,13063040417,404.17,ARC 10,3285,2208,67.2,485,22,{9B8E9DDA-8DDD-4792-A3CE-EC8B01E65445},
247,040203,13063040203,402.03,ARC 10,2431,1677,69,286,17.1,{AE392C74-2629-4E23-B078-AE52E00A2CE4},
248,040617,13063040617,406.17,ARC 10,1056,701,66.4,58,8.3,{ACCD54AC-2AD3-4DF7-B655-69C90678F10C},
249,040615,13063040615,406.15,ARC 10,1573,1070,68,119,11.1,{1364296E-0EC6-4607-A6E9-5DC496F86599},
250,040521,13063040521,405.21,ARC 10,2428,1640,67.5,221,13.5,{F8907D32-1E8C-44F1-A68F-445ECE9568C8},
251,040415,13063040415,404.15,ARC 10,4446,2827,63.6,345,12.2,{84F54033-080E-49D3-8F5D-6406E3AC6632},
252,040414,13063040414,404.14,ARC 10,1417,943,66.5,226,24,{9D111197-6B92-4A3A-90A1-9EB08E35944E},
253,040204,13063040204,402.04,ARC 10,2577,1883,73.1,254,13.5,{13B52D60-1543-494E-ADC2-CE3B664980A0},
254,040308,13063040308,403.08,ARC 10,3511,1994,56.8,170,8.5,{ADDCC2DC-989B-4505-9E92-F787292B04BB},
255,040620,13063040620,406.20,ARC 10,2490,1544,62,322,20.9,{2ADD3BB4-7A69-4495-A150-FBC971657B35},
256,040616,13063040616,406.16,ARC 10,6203,4573,73.7,507,11.1,{EDC3B1A6-CACF-46C0-88F1-DAE6126A6277},
257,040526,13063040526,405.26,ARC 10,4260,2903,68.1,526,18.1,{800C6CF8-878E-4D80-9EBE-9FE37B8EB7B7},
258,040525,13063040525,405.25,ARC 10,1981,1196,60.4,125,10.5,{99E771E6-8722-4CF1-9D58-6C33C519E9D0},
259,040524,13063040524,405.24,ARC 10,5506,4052,73.6,422,10.4,{A63FB68B-14C9-485B-BD9B-1CC606A0A2E2},
260,040416,13063040416,404.16,ARC 10,2639,1567,59.4,103,6.6,{FC50EC7A-426F-4A8C-8E14-F312EDCEA9DB},
261,040306,13063040306,403.06,ARC 10,2583,2016,78,448,22.2,{2EC8594B-7737-4178-B246-FCFFA7FA006E},
262,040516,13063040516,405.16,ARC 10,4144,2985,72,572,19.2,{7A49D602-3CE4-4F8B-917A-0A7DADB31CD3},
263,040509,13063040509,405.09,ARC 10,3643,2657,72.9,484,18.2,{B7CE4A1B-5FAB-4302-B9A0-0D549887FD42},
264,040202,13063040202,402.02,ARC 10,1844,1280,69.4,247,19.3,{728B7A65-BB32-4565-9D67-425785E66B8E},
265,040518,13063040518,405.18,ARC 10,3505,2327,66.4,331,14.2,{A8DDE2CF-7B3D-4EDF-A656-A8D1BA8E05C4},
266,040515,13063040515,405.15,ARC 10,6016,4131,68.7,838,20.3,{FFC7E986-3691-4A84-B65C-BD7B321E10A8},
267,040513,13063040513,405.13,ARC 10,3976,2320,58.4,384,16.6,{FDA78779-5126-4F84-9633-CA369F25A8C5},
268,070403,13151070403,704.03,ARC 10,7856,4838,61.6,544,11.2,{C233FA94-E15D-4128-96BB-44C2A126C5D1},
269,070307,13151070307,703.07,ARC 10,3505,2156,61.5,275,12.8,{3C42275B-5EB2-4505-9740-DB48A8552886},
270,070113,13151070113,701.13,ARC 10,2989,1809,60.5,197,10.9,{D292357B-5528-4F8D-94FE-B9F5395154B6},
271,070501,13151070501,705.01,ARC 10,5039,3544,70.3,470,13.3,{4B311963-4942-414E-8FC4-FD0E04020191},
272,070502,13151070502,705.02,ARC 10,10656,6600,61.9,602,9.1,{00D4D609-D8F5-4B04-893D-2A92F9510EC5},
273,070311,13151070311,703.11,ARC 10,9307,6644,71.4,846,12.7,{2362C903-4FC1-4670-A77F-226F66F5EB9F},
274,070404,13151070404,704.04,ARC 10,5647,3884,68.8,296,7.6,{BEF556A7-B9C7-4715-9672-C4214E9A24A2},
275,070204,13151070204,702.04,ARC 10,3464,2070,59.8,139,6.7,{07FD9921-EC96-40C6-B669-5E09A46BFD1B},
276,070310,13151070310,703.10,ARC 10,3250,2034,62.6,174,8.6,{C0E2BE87-43DD-4D83-A827-12E0D2B46C1E},
277,070205,13151070205,702.05,ARC 10,7856,4591,58.4,380,8.3,{05FC5141-2964-4636-9002-40338EC3C1AC},
278,070309,13151070309,703.09,ARC 10,5575,4110,73.7,401,9.8,{4DB38030-13F1-489F-8FB2-C1D7A296A25C},
279,070114,13151070114,701.14,ARC 10,4042,2578,63.8,628,24.4,{738ABFAB-1F72-4ECD-A054-973793705559},
280,070111,13151070111,701.11,ARC 10,6842,4699,68.7,596,12.7,{8256F8F2-9366-431B-9761-189449930673},
281,070107,13151070107,701.07,ARC 10,5569,3804,68.3,410,10.8,{6EFDC2D0-8C23-48C7-AD98-1BB78721DE4B},
282,070109,13151070109,701.09,ARC 10,2835,1758,62,172,9.8,{721E86B9-1167-479E-840E-5300E1F14571},
283,070110,13151070110,701.10,ARC 10,5938,3927,66.1,357,9.1,{42E1060A-EC68-4040-B8CD-7E6B9382E746},
284,070108,13151070108,701.08,ARC 10,3939,2916,74,319,10.9,{F974BFED-AD2C-4AE7-8990-FD3F1802231D},
285,070306,13151070306,703.06,ARC 10,7417,4938,66.6,590,11.9,{E00FD852-5AA1-4284-A6A2-7803A7396729},
286,070104,13151070104,701.04,ARC 10,9415,6125,65.1,469,7.7,{89D898A5-D5F2-4946-853A-698CCDD49BBA},
287,070202,13151070202,702.02,ARC 10,8451,5224,61.8,395,7.6,{5783FA1E-F9AE-4B8C-A298-8F974132CEF3},
288,070305,13151070305,703.05,ARC 10,7407,5029,67.9,260,5.2,{CBCEE41D-D9A7-46BA-9FAB-940CB2FA0E29},
289,070304,13151070304,703.04,ARC 10,8935,4899,54.8,707,14.4,{70E66241-7C71-4238-A1E7-24515566D565},
290,070106,13151070106,701.06,ARC 10,5158,3281,63.6,437,13.3,{AAEC948A-B2FC-4A91-A74E-C8D9AD963EE4},
291,070203,13151070203,702.03,ARC 10,11265,6429,57.1,518,8.1,{824A1020-F468-46E5-ABCA-70BCA9B9E796},
292,070402,13151070402,704.02,ARC 10,8823,5841,66.2,553,9.5,{6307A8CF-94ED-4001-9D5C-353C45E6133F},
293,960101,13015960101,9601.01,ARC 20,1276,812,63.6,75,9.2,{87C52104-0D10-4B5D-8250-33DAF718DA27},
294,960402,13015960402,9604.02,ARC 20,6887,4210,61.1,562,13.3,{18017FF2-F2F8-4D72-AB58-9830CAC60CEE},
295,960901,13015960901,9609.01,ARC 20,2456,1407,57.3,180,12.8,{908AD0BF-AE70-4107-A3BD-A14D0B1476B7},
296,960102,13015960102,9601.02,ARC 20,7255,4634,63.9,325,7,{AB13A197-F475-4731-91DD-F275900CB35B},
297,960802,13015960802,9608.02,ARC 20,2159,1128,52.2,211,18.7,{29611DBD-BD9F-43D1-B895-B1E5F9FDE05D},
298,961000,13015961000,9610,ARC 20,6018,4131,68.6,189,4.6,{ACE42B61-80C3-476B-BFAC-B4262E305328},
299,960801,13015960801,9608.01,ARC 20,2786,1871,67.2,188,10,{80DFE59E-FF94-4A13-B545-053B16888116},
300,960300,13015960300,9603,ARC 20,5269,3386,64.3,257,7.6,{906C111C-0199-4CCB-87CA-C90FE464198A},
301,960902,13015960902,9609.02,ARC 20,4955,3019,60.9,208,6.9,{857C7F07-39FD-486F-A7E5-CC1FF3DBD063},
302,960500,13015960500,9605,ARC 20,6049,3779,62.5,381,10.1,{70F30C1B-9F48-483E-9DBB-66EA8241C2CD},
303,960600,13015960600,9606,ARC 20,6802,4165,61.2,311,7.5,{B9BEE0FE-106B-4417-8C70-DBDD2D66C198},
304,960200,13015960200,9602,ARC 20,8892,5340,60.1,498,9.3,{B03C531F-6CBB-49DA-AB35-7A003A59E222},
305,960401,13015960401,9604.01,ARC 20,7574,4800,63.4,215,4.5,{EBDF40C0-1BE9-48B9-94A3-0CAB3BED985F},
306,960803,13015960803,9608.03,ARC 20,4368,2707,62,400,14.8,{FDC6CFED-6E07-4B6E-A638-671F5B101E33},
307,960700,13015960700,9607,ARC 20,5591,3529,63.1,324,9.2,{B2BC5239-F8A3-45A8-99DF-07DE7EC8FBE7},
308,050319,13135050319,503.19,ARC 10,4346,3212,73.9,237,7.4,{8359DC21-E779-45C1-BB4B-BE91F31619EC},
309,050219,13135050219,502.19,ARC 10,3080,2262,73.4,124,5.5,{E18F32BE-FB48-4DF9-A553-68CCF1B3733E},
310,050211,13135050211,502.11,ARC 10,3886,2957,76.1,487,16.5,{82622417-4A56-497A-A3CE-4EE1F20DF60E},
311,050215,13135050215,502.15,ARC 10,2678,1955,73,161,8.2,{EED2C7A2-B816-454A-A573-26B6D6A464D6},
312,050216,13135050216,502.16,ARC 10,7058,4345,61.6,100,2.3,{2A2782F8-5E6B-4FCE-9840-C82B35CE11BB},
313,050527,13135050527,505.27,ARC 10,5018,3684,73.4,347,9.4,{E81590FF-6DE7-4E9B-97E2-CF28FC331FE1},
314,050549,13135050549,505.49,ARC 10,4124,3138,76.1,16,0.5,{98C37BBC-797B-4F7D-93F8-8D1FC097A15E},
315,050540,13135050540,505.40,ARC 10,5555,4385,78.9,607,13.8,{C01D63C3-F323-4F46-A363-BF9C9FA46910},
316,050722,13135050722,507.22,ARC 10,2748,1873,68.2,378,20.2,{B55C4A6C-BBC0-4FAA-8C0A-B205341A22F7},
317,050729,13135050729,507.29,ARC 10,2473,1685,68.1,124,7.4,{55D6E309-B7A2-4B72-B586-E4462CAE6BED},
318,050725,13135050725,507.25,ARC 10,4075,3184,78.1,341,10.7,{A457F5E2-FD12-4D99-A038-AF51C40519B6},
319,050730,13135050730,507.30,ARC 10,5004,3573,71.4,312,8.7,{8FCD45CD-250A-4CB1-9F9A-30105FCABC72},
320,050728,13135050728,507.28,ARC 10,10490,7089,67.6,652,9.2,{D47DB03B-8F0C-4CC1-B2C7-9635AFD6A1CA},
321,050731,13135050731,507.31,ARC 10,7019,4983,71,442,8.9,{0B5C1B1D-6845-46FF-8E27-F279D287D55B},
322,050609,13135050609,506.09,ARC 10,8232,5621,68.3,368,6.5,{4F47CC38-36E7-4A67-A7B3-6A4A558A40CB},
323,050610,13135050610,506.10,ARC 10,12178,8129,66.8,654,8,{E5A8066E-01F4-4C88-AA4F-3AC1F33EE24F},
324,050541,13135050541,505.41,ARC 10,4491,3581,79.7,162,4.5,{E40B8EF5-E6AA-4888-A4F1-CC6D665E26AD},
325,050524,13135050524,505.24,ARC 10,4459,2935,65.8,295,10.1,{7A0CA4A8-2AEC-4A5D-934B-20623A3ECA3D},
326,050547,13135050547,505.47,ARC 10,5755,3914,68,380,9.7,{6462CEBD-035C-4D73-9F6D-1D83F203BF7B},
327,050523,13135050523,505.23,ARC 10,5542,3848,69.4,543,14.1,{A91400DC-BF55-4FDD-A2A3-49CA57BF1A4D},
328,050724,13135050724,507.24,ARC 10,11771,8405,71.4,1003,11.9,{7CFC59FD-F7CC-4E29-9C0D-598B661ADFEA},
329,050543,13135050543,505.43,ARC 10,5577,3918,70.3,412,10.5,{B91C279A-C43C-4DE6-BE4D-BCE8BF632B4E},
330,050545,13135050545,505.45,ARC 10,8352,5753,68.9,359,6.2,{C13A1D0B-D4F8-4306-A9BC-36B1F5004210},
331,050727,13135050727,507.27,ARC 10,7978,5480,68.7,284,5.2,{FEE6286A-7F0E-45CE-AF18-5BB244A7FDBD},
332,050548,13135050548,505.48,ARC 10,8608,4540,52.7,410,9,{84D8F56D-BA0B-492F-85F2-05B65F2E8926},
333,050546,13135050546,505.46,ARC 10,12055,7745,64.2,382,4.9,{66FC7CFA-25F8-4780-82B6-CFB8E35BDC51},
334,050726,13135050726,507.26,ARC 10,6892,5444,79,256,4.7,{2906C6FA-69F6-4DFD-86A8-6FF8CDFB2FBE},
335,050608,13135050608,506.08,ARC 10,12510,8338,66.7,472,5.7,{F64AE723-24B9-481F-91FF-EC30C69F81AE},
336,050607,13135050607,506.07,ARC 10,13104,9109,69.5,586,6.4,{9C426D67-3072-4BB6-88B6-4C3880B8A708},
337,050542,13135050542,505.42,ARC 10,3489,2573,73.7,305,11.9,{333B2A60-590B-4655-8F8F-E988AEA43C2C},
338,050536,13135050536,505.36,ARC 10,3654,2517,68.9,155,6.2,{FBBB4452-D915-4AFB-BD31-7B6C7FF3682C},
339,050537,13135050537,505.37,ARC 10,3405,2547,74.8,253,9.9,{999EB1C4-191B-49E6-9FE2-25C6316A85A2},
340,050539,13135050539,505.39,ARC 10,3500,2338,66.8,230,9.8,{B68E986B-19FC-443B-8147-A00B511E7624},
341,050544,13135050544,505.44,ARC 10,9151,6484,70.9,468,7.2,{0DBCE946-705A-4D49-82C9-D60D9BF16D65},
342,050535,13135050535,505.35,ARC 10,5536,4356,78.7,398,9.1,{88A6F7B0-6177-4D48-A1A1-0AF6F36EB7BD},
343,050532,13135050532,505.32,ARC 10,6231,4271,68.5,614,14.4,{D43632B7-AE34-4F67-A2B9-1FC24CC459C7},
344,050534,13135050534,505.34,ARC 10,6495,4303,66.3,445,10.3,{702771EE-6B82-4596-BBE7-913E483CE24C},
345,050723,13135050723,507.23,ARC 10,5937,3874,65.3,470,12.1,{67E6031F-62A3-49AB-903D-4895BC73232E},
346,050435,13135050435,504.35,ARC 10,2505,1688,67.4,81,4.8,{CF40B5CA-8197-4975-AEF9-2EC3B04612C2},
347,050531,13135050531,505.31,ARC 10,6061,3800,62.7,370,9.7,{140F788E-71AC-4368-881D-16A2041508AA},
348,050533,13135050533,505.33,ARC 10,5805,4175,71.9,428,10.3,{4034A86A-7C47-402B-B70E-7C8BFA92EDAF},
349,050436,13135050436,504.36,ARC 10,5365,3911,72.9,509,13,{41C05841-5892-4E28-B004-9BC1A0D580D4},
350,050433,13135050433,504.33,ARC 10,1900,1501,79,110,7.3,{A2FC351F-DABA-4FD4-AE72-966B0A556CB6},
351,050432,13135050432,504.32,ARC 10,4768,3349,70.2,218,6.5,{2F0D2F9E-1595-4E70-9CAA-371CA6B32623},
352,050434,13135050434,504.34,ARC 10,5858,4311,73.6,511,11.9,{9C218100-8C07-44D6-944A-B9A32E095FDB},
353,050321,13135050321,503.21,ARC 10,3356,2135,63.6,116,5.4,{E19428DA-36A8-415D-8089-28CCBE801B06},
354,100903,13217100903,1009.03,ARC 20,4743,3230,68.1,369,11.4,{D1756D27-8C68-429B-BB33-6829EE9D07E8},
355,100902,13217100902,1009.02,ARC 20,4367,2772,63.5,354,12.8,{574FE79C-2514-4212-A135-5609C9F45498},
356,100901,13217100901,1009.01,ARC 20,7884,5103,64.7,875,17.1,{5BDB3E07-6EE4-4D68-AC11-51CB4E90A8F2},
357,100201,13217100201,1002.01,ARC 20,4450,2931,65.9,264,9,{47C35BCE-9D1F-45C2-9693-5F87D9C984E9},
358,100501,13217100501,1005.01,ARC 20,10851,7418,68.4,607,8.2,{ECE399DA-6ADC-49BC-AAEF-E5FDC291EBD1},
359,100800,13217100800,1008,ARC 20,7059,4607,65.3,520,11.3,{8611D0BA-E711-4349-93F0-85C2459EDBA2},
360,100202,13217100202,1002.02,ARC 20,3941,2330,59.1,128,5.5,{BE19ABE0-4286-42A5-B302-61B97B1CE6C4},
361,100700,13217100700,1007,ARC 20,4978,3115,62.6,483,15.5,{7B94F129-D60B-4ADD-8798-65A388AF69C7},
362,100600,13217100600,1006,ARC 20,4386,2857,65.1,369,12.9,{B0AA389A-9721-4EB9-BDF1-93F4C3A2E3AC},
363,100502,13217100502,1005.02,ARC 20,6289,3964,63,756,19.1,{EF28F98B-B764-4EAA-8665-1BF9FCBB13B5},
364,100400,13217100400,1004,ARC 20,2885,1648,57.1,216,13.1,{13FEFAFD-FD9D-4D25-A17A-94B0D5DA158F},
365,100300,13217100300,1003,ARC 20,6820,4252,62.3,349,8.2,{4A2CCC05-5FDF-453B-B90B-A31C651B93FF},
366,100100,13217100100,1001,ARC 20,9342,5260,56.3,558,10.6,{5E84DCAE-F1B2-4D2E-8E0B-C71128861F53},
367,050322,13135050322,503.22,ARC 10,3550,2618,73.7,103,3.9,{7AFFDE90-1035-48D7-8A3C-34D217535B2A},
368,050318,13135050318,503.18,ARC 10,2350,1568,66.7,133,8.5,{15011FB4-5DB8-4273-AC53-CC9E770C0746},
369,050320,13135050320,503.20,ARC 10,4291,2981,69.5,342,11.5,{4E4FEF9C-AC0E-4606-90B9-FFD436904618},
370,050317,13135050317,503.17,ARC 10,2900,2327,80.2,201,8.6,{F59AA164-390D-4D52-9CD6-06616B1E7AE0},
371,050220,13135050220,502.20,ARC 10,4676,3451,73.8,360,10.4,{B78F4D9F-D5AE-4ED9-A338-3E7BDBFFC70E},
372,050214,13135050214,502.14,ARC 10,6588,4673,70.9,456,9.8,{1887FEA5-6841-412E-9595-940841AFC334},
373,050218,13135050218,502.18,ARC 10,2869,2328,81.1,109,4.7,{266123C1-7A60-4BFC-8F9C-95F09C9A4E30},
374,050209,13135050209,502.09,ARC 10,7883,5896,74.8,881,14.9,{E9387EE5-5EE2-42DD-A2BA-D6BBE71B3A7D},
375,050217,13135050217,502.17,ARC 10,8172,5144,62.9,255,5,{A3F16F25-2FFA-4D2D-9946-DC693C3BE384},
376,050529,13135050529,505.29,ARC 10,3051,2280,74.7,210,9.2,{78CA7864-AE61-4099-98A2-781685041239},
377,050530,13135050530,505.30,ARC 10,4581,3177,69.4,127,4,{CCE25677-4D29-4912-9C38-E4F3C136B4A2},
378,050538,13135050538,505.38,ARC 10,6189,4526,73.1,303,6.7,{18A75731-C2C4-46AB-A4CC-4283832F41B2},
379,050525,13135050525,505.25,ARC 10,6270,4655,74.2,306,6.6,{9F805D66-1EAE-4F18-85DF-C7475CEFBE05},
380,050528,13135050528,505.28,ARC 10,4233,2923,69.1,251,8.6,{2E9BC276-2203-40F6-A8A0-B996FD9905AF},
381,050605,13135050605,506.05,ARC 10,10543,7511,71.2,393,5.2,{B3F6FABF-1000-49B4-B295-9212DEE46750},
382,050606,13135050606,506.06,ARC 10,17681,10789,61,879,8.1,{B8659251-7B95-4BB3-96D5-01510A020AAD},
383,050210,13135050210,502.10,ARC 10,5091,3966,77.9,57,1.4,{6D5FD93F-FC0D-4853-997F-997B488CFF64},
384,050213,13135050213,502.13,ARC 10,8934,6066,67.9,547,9,{2AF658CD-AAF6-4009-94B4-9786306BE6EE},
385,050208,13135050208,502.08,ARC 10,4976,3885,78.1,317,8.2,{B3176557-BB86-44A4-A22A-19FD305B4F26},
386,050212,13135050212,502.12,ARC 10,8859,6386,72.1,217,3.4,{A491DEC8-068B-42EC-ACCD-7E42D3240141},
387,050109,13135050109,501.09,ARC 10,5357,4029,75.2,515,12.8,{79064CDA-F021-47F6-8270-BF715836C316},
388,050107,13135050107,501.07,ARC 10,5124,3743,73,224,6,{BAD33268-659C-4903-9559-B2ABBECB6768},
389,050108,13135050108,501.08,ARC 10,6928,4941,71.3,360,7.3,{06D8C998-CE5A-45CE-8CF8-4890235C01F5},
390,050105,13135050105,501.05,ARC 10,2826,1808,64,186,10.3,{F2F7F16E-2084-4F8D-8CCF-DB42DBEB3CAA},
391,050103,13135050103,501.03,ARC 10,7965,5330,66.9,272,5.1,{A1A0F524-FCAA-48BB-AF7B-4CEEB5CFB3E8},
392,050422,13135050422,504.22,ARC 10,5878,4084,69.5,365,8.9,{449F87E7-C77D-4B6B-992A-1079848A849F},
393,050304,13135050304,503.04,ARC 10,3775,2757,73,204,7.4,{0140456F-DFB7-4146-AD25-6D40BF9F7ED2},
394,050419,13135050419,504.19,ARC 10,5760,4225,73.4,596,14.1,{A8C453C3-A21B-4C11-BF77-2D42648BF74F},
395,050306,13135050306,503.06,ARC 10,3460,2512,72.6,149,5.9,{33DCFEBD-94F3-43E2-84C4-3BC2A951D196},
396,050106,13135050106,501.06,ARC 10,8813,6255,71,397,6.3,{F19DDC97-3E83-4917-B831-9FF9B699722D},
397,050205,13135050205,502.05,ARC 10,3562,2260,63.4,89,3.9,{8DF803B4-B80C-4E03-9364-904FD32834D4},
398,050417,13135050417,504.17,ARC 10,4301,3116,72.4,160,5.1,{BCA4150E-3A4F-4F4E-B9C4-3DB7A4E309A8},
399,050314,13135050314,503.14,ARC 10,7783,5800,74.5,309,5.3,{C9455619-B709-4017-B6DA-6E451DAFD267},
400,050308,13135050308,503.08,ARC 10,2884,1821,63.1,137,7.5,{5C1FC56E-55C4-4490-BD16-D78255A39A48},
401,050309,13135050309,503.09,ARC 10,6719,4795,71.4,463,9.7,{9D1010F0-77C1-4637-9F42-28773CBB5814},
402,050313,13135050313,503.13,ARC 10,5665,3919,69.2,401,10.2,{F93CA7C0-3073-4F9D-B187-E41203B37930},
403,050311,13135050311,503.11,ARC 10,2115,1532,72.4,16,1,{D1613387-2342-4C2A-A5C1-E9B5AA82D847},
404,050310,13135050310,503.10,ARC 10,4563,3416,74.9,157,4.6,{4F4702BA-D066-445F-969F-22A86E9A43D3},
405,050424,13135050424,504.24,ARC 10,5551,3560,64.1,320,9,{7877D7EA-BE1B-433D-96FD-B04C61F5529E},
406,050421,13135050421,504.21,ARC 10,5347,3785,70.8,298,7.9,{A42F6568-B3C6-4B1D-836E-44E54EB8F3C9},
407,050315,13135050315,503.15,ARC 10,4243,3286,77.4,257,7.8,{F286326F-B1AB-4830-A9D9-1E37BE09B4F3},
408,050418,13135050418,504.18,ARC 10,5098,4407,86.4,546,12.4,{4F9A1828-B6EA-4280-AE5F-87791C7C2C98},
409,050521,13135050521,505.21,ARC 10,4292,2725,63.5,251,9.2,{18D0F105-170C-42AB-AB30-40BCC1881865},
410,050522,13135050522,505.22,ARC 10,4204,2290,54.5,376,16.4,{AD0B5E85-142B-48E8-AF07-FDD50AB87AC3},
411,050520,13135050520,505.20,ARC 10,3678,2565,69.7,390,15.2,{4DE41714-3616-44CB-849F-765F710E0900},
412,050511,13135050511,505.11,ARC 10,8092,5640,69.7,402,7.1,{FD4A8284-9A87-41EA-852B-79811E7BA541},
413,050714,13135050714,507.14,ARC 10,4016,2718,67.7,113,4.2,{170358FA-5E36-4867-8B2F-A1AEDB0BCF6F},
414,050429,13135050429,504.29,ARC 10,5815,3639,62.6,170,4.7,{F2527B39-B65B-4540-B37C-183C0C130F30},
415,050713,13135050713,507.13,ARC 10,5956,4539,76.2,439,9.7,{F6DD31CE-B043-4744-AB74-AE17E9F72BAF},
416,050423,13135050423,504.23,ARC 10,5306,3799,71.6,270,7.1,{596A3A1C-7D4B-4536-887B-73CC78F02F5F},
417,050410,13135050410,504.10,ARC 10,4295,2919,68,373,12.8,{9F01267C-396D-4DE9-8543-049DFA07C031},
418,050720,13135050720,507.20,ARC 10,6420,4022,62.6,167,4.2,{7C9662B4-5259-40DE-88F5-996D12507B6E},
419,050712,13135050712,507.12,ARC 10,5306,3800,71.6,158,4.2,{543C837F-546A-4925-94B2-D768BCEDBD54},
420,050719,13135050719,507.19,ARC 10,4070,2652,65.2,274,10.3,{C76D4996-E3F7-4A34-B38D-B726D5C9333A},
421,050721,13135050721,507.21,ARC 10,7583,4789,63.2,639,13.3,{9E27DC7E-84DB-40A4-9F6C-436EC05364F0},
422,050709,13135050709,507.09,ARC 10,9524,6106,64.1,574,9.4,{255A1B56-5465-4289-BB80-6370BABAD94E},
423,050715,13135050715,507.15,ARC 10,4639,2989,64.4,195,6.5,{D70D31A4-68E7-4C04-9C8D-43648818B367},
424,050415,13135050415,504.15,ARC 10,3120,2050,65.7,261,12.7,{C5AD5C80-A23B-4919-B22F-43E2A8155489},
425,050718,13135050718,507.18,ARC 10,6914,4135,59.8,387,9.4,{73AAD935-3F14-4FEF-8143-5392679E3A7D},
426,050427,13135050427,504.27,ARC 10,4798,3015,62.8,301,10,{23EDE809-62DB-4D16-BBA8-AEC57544AE2A},
427,050428,13135050428,504.28,ARC 10,5213,3267,62.7,214,6.6,{7005EA3B-F678-48B0-AC57-58E5D66F26D4},
428,050416,13135050416,504.16,ARC 10,2671,1738,65.1,282,16.2,{7BBB1ACC-6E22-4E69-9933-EDE2AABFC062},
429,050425,13135050425,504.25,ARC 10,4304,2750,63.9,287,10.4,{2B7778EA-743B-46FC-B52C-D351D6435117},
430,050526,13135050526,505.26,ARC 10,3869,2777,71.8,227,8.2,{7714ADCE-CF0F-457F-9E58-4897D25C7CAD},
431,050431,13135050431,504.31,ARC 10,6186,4816,77.9,518,10.8,{9A0FB647-B0D2-485C-BD16-D58C46CB8AAC},
432,050426,13135050426,504.26,ARC 10,5401,3515,65.1,304,8.6,{C99ADC17-87DD-489D-B4BB-32BFDC1D8302},
433,050430,13135050430,504.30,ARC 10,4059,2724,67.1,151,5.5,{9D378AE8-D427-4977-BD74-B5A3A18969EF},
434,009501,13121009501,95.01,ARC 10,3223,1803,55.9,47,2.6,{0C9E1B13-DB62-4C37-9F7A-7A3F0DE7581F},
435,011305,13121011305,113.05,ARC 10,3685,2693,73.1,647,24,{40E94F00-3A7B-4963-BD0A-9031DEEA498D},
436,011306,13121011306,113.06,ARC 10,1859,1176,63.3,83,7.1,{E8826E1B-FAE8-4000-9C7E-8FD265F57125},
437,007706,13121007706,77.06,ARC 10,7492,4776,63.7,750,15.7,{48803E3E-3E38-40DE-B9CA-90E655F94F79},
438,007703,13121007703,77.03,ARC 10,3196,1810,56.6,238,13.1,{E9BDA64D-E7CB-45A7-A5ED-449244AEA8CD},
439,003700,13121003700,37,ARC 10,54,14,25.9,0,0,{E2DDB001-CA68-454A-BBA2-610BD31C26B4},
440,011202,13121011202,112.02,ARC 10,3703,2529,68.3,517,20.4,{06FB9A15-5B5A-45C2-BDED-C8E7B1720349},
441,011100,13121011100,111,ARC 10,2095,1451,69.3,167,11.5,{49BDA230-E3C2-4ADB-82C4-64AA190F1115},
442,011201,13121011201,112.01,ARC 10,3216,2116,65.8,509,24.1,{8FCD5B02-300F-4AF8-A7AE-13CD6E5608E5},
443,011303,13121011303,113.03,ARC 10,7134,4689,65.7,499,10.6,{FC428E42-712C-4118-B531-573823A6D3D3},
444,008102,13121008102,81.02,ARC 10,5348,2555,47.8,727,28.5,{F2FD67FB-744B-43D5-9208-5A38D79DAE44},
445,007002,13121007002,70.02,ARC 10,1468,1001,68.2,255,25.5,{0272C921-50D9-4C52-A23F-942A5A9B0F12},
446,011301,13121011301,113.01,ARC 10,3876,2140,55.2,527,24.6,{905C008F-8AD5-4F00-84FB-9E4C13B0F1B6},
447,001202,13139001202,12.02,ARC 20,4680,3149,67.3,190,6,{7BA8C8A5-09C4-49CF-BD3A-90CF7EF7789A},
448,000101,13139000101,1.01,ARC 20,3519,2288,65,100,4.4,{DA22CD8C-DB71-4668-B474-201668104C86},
449,000701,13139000701,7.01,ARC 20,4579,3183,69.5,370,11.6,{19C1253D-893D-4206-8ACC-9D7FF39232D0},
450,000702,13139000702,7.02,ARC 20,4134,2805,67.9,349,12.4,{A2FA5927-6F1F-4783-B528-67B189D06739},
451,000102,13139000102,1.02,ARC 20,2831,1983,70,245,12.4,{F75F4767-779A-4855-A00B-DBD09143270D},
452,000201,13139000201,2.01,ARC 20,4224,2737,64.8,220,8,{A74EE6B0-2D47-41DE-B9BA-B65A1DC2CCB7},
453,000302,13139000302,3.02,ARC 20,5590,3489,62.4,307,8.8,{EB65F382-2A9F-4E06-B6BF-21527EA8B45F},
454,000900,13139000900,9,ARC 20,4122,2538,61.6,65,2.6,{32A57354-7021-4B89-BDD2-9CCE4AB99454},
455,000500,13139000500,5,ARC 20,5648,3522,62.4,258,7.3,{6AC44213-707B-4F0D-B335-E549EA591C00},
456,001402,13139001402,14.02,ARC 20,4445,3014,67.8,125,4.1,{71DA2A83-6ECC-4A76-B3CD-633F0E56C222},
457,001002,13139001002,10.02,ARC 20,5385,3343,62.1,191,5.7,{DDF8E8A3-8A4C-452C-B5BF-20925AA6032F},
458,000800,13139000800,8,ARC 20,2792,1427,51.1,130,9.1,{8A426A47-B352-466C-9A27-0B3B85EBF510},
459,000600,13139000600,6,ARC 20,4541,2293,50.5,121,5.3,{A38FFABC-4E14-4BB6-9F1B-F89D56E5DEA1},
460,000400,13139000400,4,ARC 20,4991,2769,55.5,198,7.2,{D647DF77-2937-46B9-A306-0782345B8AB0},
461,007604,13121007604,76.04,ARC 10,1846,1061,57.5,324,30.5,{490BB585-5B95-4D2D-95FA-C6B7D732323D},
462,007704,13121007704,77.04,ARC 10,4167,2608,62.6,325,12.5,{8ED4C9ED-46C3-4465-9EED-E6D60593BBCD},
463,007603,13121007603,76.03,ARC 10,3438,1893,55.1,510,26.9,{DDE21AAD-9FE5-4A62-AC60-41B255E64A04},
464,011427,13121011427,114.27,ARC 10,6058,4271,70.5,246,5.8,{E3F5EEE3-D1A1-4192-A356-347FCF64ABE7},
465,011616,13121011616,116.16,ARC 10,3865,2859,74,313,10.9,{88980A77-CAEB-4A59-9051-91C99DF68CBA},
466,011617,13121011617,116.17,ARC 10,5978,4148,69.4,302,7.3,{D66E9F76-BC55-4453-A9DA-96AFACA92255},
467,011611,13121011611,116.11,ARC 10,5620,3847,68.5,44,1.1,{910ED957-3D7A-4463-A935-05354C0E887D},
468,010800,13121010800,108,ARC 10,5152,3399,66,310,9.1,{786DB6E9-2B28-4177-A281-B4114C72DF6F},
469,980000,13121980000,9800,ARC 10,0,0,,0,,{1D0044C8-89B9-4F69-9B67-C86468475CDB},
470,004300,13121004300,43,ARC 10,2615,1623,62.1,290,17.9,{9753CD6C-0478-4C89-B0E1-696AACD7AAA1},
471,008904,13121008904,89.04,ARC 10,3980,2832,71.2,121,4.3,{2B6D0722-5C6A-4449-AD2E-921ABCE5407C},
472,008903,13121008903,89.03,ARC 10,1376,1290,93.8,47,3.6,{F3C2F7E1-DC8C-4243-B981-B5A5B9B6D882},
473,001001,13121001001,10.01,ARC 10,2621,1704,65,106,6.2,{B6B81186-A0D0-454A-B41D-2722A343435A},
474,009101,13121009101,91.01,ARC 10,4110,3242,78.9,116,3.6,{38B071D1-D65F-41ED-8A6C-9B2B551B7A9A},
475,001201,13121001201,12.01,ARC 10,3767,3218,85.4,150,4.7,{2482DAF3-8259-4BFF-B0ED-AC1A75C9F80D},
476,001202,13121001202,12.02,ARC 10,3792,3247,85.6,108,3.3,{23BC61E8-A213-421A-9844-8B1409EC396F},
477,009102,13121009102,91.02,ARC 10,2895,2246,77.6,78,3.5,{B55C7180-3756-4EDD-A87B-22A295F0D0BC},
478,010108,13121010108,101.08,ARC 10,2939,1912,65.1,83,4.3,{E3B6941A-2C19-4489-9210-1DF6ECC51D5F},
479,007500,13121007500,75,ARC 10,2607,1453,55.7,284,19.5,{842EBA19-03BA-4D19-87EA-C6C1321E4B41},
480,008101,13121008101,81.01,ARC 10,982,506,51.5,129,25.5,{2AFA6AAA-A448-423D-883A-FAFAEB02F649},
481,006000,13121006000,60,ARC 10,2463,1421,57.7,216,15.2,{A9A1F37F-5B50-408F-BD3E-AE6CED646148},
482,000700,13121000700,7,ARC 10,2814,544,19.3,127,23.3,{8D5C78B4-CE2A-449E-BFE7-638AFDC88D86},
483,001002,13121001002,10.02,ARC 10,7218,2703,37.4,574,21.2,{0F840FC1-D6D1-4E19-9A09-CB186D88451C},
484,011410,13121011410,114.10,ARC 10,5499,3281,59.7,110,3.4,{E55302DA-7541-43B8-9C85-02C1D17A421E},
485,010107,13121010107,101.07,ARC 10,1577,953,60.4,35,3.7,{8FA7BAF0-CD6C-47CF-A753-41761144AC9F},
486,011405,13121011405,114.05,ARC 10,6449,4915,76.2,243,4.9,{FB2D07E1-0BE1-4FE1-B0BC-1FA0284F2C31},
487,010106,13121010106,101.06,ARC 10,3346,2513,75.1,179,7.1,{4C44DBB8-E9F3-4966-B1C6-C91073592148},
488,002900,13121002900,29,ARC 10,2473,1963,79.4,45,2.3,{AE78C097-DFA1-41C2-9160-6DA5A33BD7FD},
489,010110,13121010110,101.10,ARC 10,4531,3103,68.5,196,6.3,{1BE81139-5BA8-457C-AD22-6431C2919949},
490,010205,13121010205,102.05,ARC 10,4087,2753,67.4,110,4,{CA12BD52-48FE-4334-89DE-16B99966E80D},
491,010210,13121010210,102.10,ARC 10,4776,3486,73,114,3.3,{8403AB90-C361-4454-887B-89810B9B77B7},
492,010209,13121010209,102.09,ARC 10,4709,4083,86.7,452,11.1,{63A98D6D-80AC-4993-B990-A0F1DF42194D},
493,008902,13121008902,89.02,ARC 10,5947,5271,88.6,440,8.3,{4205FF8E-8E86-42E2-81BA-62859C280934},
494,008500,13121008500,85,ARC 10,2333,1381,59.2,278,20.1,{AC725397-5ACF-405F-9684-C7C18222D146},
495,008601,13121008601,86.01,ARC 10,3170,1741,54.9,430,24.7,{0635CC11-2CBD-48AE-9325-468990E7074E},
496,005800,13121005800,58,ARC 10,1530,980,64.1,236,24.1,{96F8C631-23E0-4699-8B02-D223DC66CA6A},
497,007900,13121007900,79,ARC 10,5113,2839,55.5,651,22.9,{7CFA1686-C944-432B-9D56-C49BD4511F0B},
498,010601,13121010601,106.01,ARC 10,2779,1638,58.9,362,22.1,{F5957129-42E5-4082-8BCA-42FFC9C9D8C9},
499,008700,13121008700,87,ARC 10,3664,2399,65.5,389,16.2,{FB33315F-633B-4A26-8B83-2EDE4ADF88F8},
500,012300,13121012300,123,ARC 10,2205,1549,70.2,147,9.5,{6DBD1E99-BDDD-4D84-BD52-5B230EAA717B},
501,012000,13121012000,120,ARC 10,2370,1326,55.9,376,28.4,{41F8A445-EFFA-416A-AD2B-0B72E6493210},
502,011900,13121011900,119,ARC 10,2990,1717,57.4,221,12.9,{CB96AA20-8E4B-4A97-B343-65645A0AD3B6},
503,011800,13121011800,118,ARC 10,2490,1307,52.5,262,20,{6DC237DE-273B-40BE-A322-69921E393034},
504,011624,13121011624,116.24,ARC 10,3180,2287,71.9,119,5.2,{D86D7571-0165-4717-80E1-7628B3916215},
505,003600,13121003600,36,ARC 10,1304,933,71.5,71,7.6,{26E96F4A-25CC-4E0C-8240-ED2E657FECC2},
506,003500,13121003500,35,ARC 10,2071,1265,61.1,408,32.3,{EC330522-4EF3-4B5A-BC81-3CCD30B7DAE8},
507,010208,13121010208,102.08,ARC 10,3751,2547,67.9,260,10.2,{5A04A314-B29C-4D02-B416-9AABDD428E44},
508,011411,13121011411,114.11,ARC 10,6645,5005,75.3,339,6.8,{EDBA0816-EA21-4546-AD64-AEA32720AB69},
509,011412,13121011412,114.12,ARC 10,7274,5646,77.6,368,6.5,{959A3534-F03F-4F36-BBE0-25F655CC41DC},
510,011414,13121011414,114.14,ARC 10,5699,4533,79.5,200,4.4,{621FB20C-9A6E-4030-9510-D6CE9A9EFB14},
511,010603,13121010603,106.03,ARC 10,2690,1737,64.6,283,16.3,{CBFB87B5-7C9C-4A58-8667-54A925806E2F},
512,010604,13121010604,106.04,ARC 10,2249,1617,71.9,181,11.2,{7816A3B7-B239-4611-839D-6FE200785FC1},
513,007300,13121007300,73,ARC 10,5983,3437,57.4,871,25.3,{68A2557A-EDEE-4F13-9589-7AC84C026957},
514,010508,13121010508,105.08,ARC 10,2927,1904,65,435,22.8,{8CD5F430-85F2-4707-8FB0-6A94802FA04C},
515,010507,13121010507,105.07,ARC 10,6072,3730,61.4,499,13.4,{EAF89E2C-2E6B-4E43-91A5-81195113C3FF},
516,010511,13121010511,105.11,ARC 10,6214,4143,66.7,493,11.9,{F68FB24D-CC40-4266-A793-C46B58234B7E},
517,011626,13121011626,116.26,ARC 10,6358,4818,75.8,531,11,{078CEB3E-3E6A-4EF6-9F84-2EBC44C7B289},
518,011622,13121011622,116.22,ARC 10,7613,5303,69.7,433,8.2,{B464B2E6-0C9E-456B-9A39-31E187CAA731},
519,011424,13121011424,114.24,ARC 10,4548,3301,72.6,104,3.2,{A087FD00-DC1E-4503-B4E6-C6C354550192},
520,011422,13121011422,114.22,ARC 10,3249,2519,77.5,241,9.6,{8F8F03E5-5A6B-4AF7-96D5-5CA690C7B7F6},
521,011505,13121011505,115.05,ARC 10,3533,2410,68.2,131,5.4,{36A15A22-CC66-48A7-BC71-5AE94DF3CC9F},
522,010123,13121010123,101.23,ARC 10,4267,3175,74.4,227,7.1,{B4EE1EF5-63E4-4926-9EAB-C1F6EA7E6FA7},
523,000100,13121000100,1,ARC 10,3552,2638,74.3,87,3.3,{4B1A4432-7F17-4952-BDD4-CA55C4F1C636},
524,000200,13121000200,2,ARC 10,5260,4074,77.5,164,4,{9AEDC4C3-2705-4802-8710-F16871EFC006},
525,009402,13121009402,94.02,ARC 10,4440,3993,89.9,372,9.3,{536E8D94-CBFE-44D1-8CAC-65F4FBCBD6A8},
526,001100,13121001100,11,ARC 10,4117,3521,85.5,45,1.3,{8D14A154-8A78-44BE-821B-441DE043EDE6},
527,000400,13121000400,4,ARC 10,1440,998,69.3,10,1,{54D9F12E-10E6-4486-A5F6-5A77B8B2CE34},
528,009200,13121009200,92,ARC 10,5843,4695,80.4,251,5.3,{4D32473B-34A7-4C51-AD2F-E44929AAB465},
529,008201,13121008201,82.01,ARC 10,4941,2214,44.8,579,26.2,{0069CD14-C561-4CF1-9C64-5F936F1C8F74},
530,007808,13121007808,78.08,ARC 10,2456,1672,68.1,498,29.8,{F43F1A48-F321-4999-88AC-4E581CB554D7},
531,007806,13121007806,78.06,ARC 10,4868,2826,58.1,863,30.5,{379C1534-AE84-4024-B953-197C26F37F68},
532,008800,13121008800,88,ARC 10,3580,2724,76.1,89,3.3,{B54B571C-0419-44B9-9598-6FCD7AA0EE4B},
533,008602,13121008602,86.02,ARC 10,900,520,57.8,61,11.7,{8ADDDFF9-24FA-4C2A-8443-361EDC43D6F3},
534,010121,13121010121,101.21,ARC 10,1972,1281,65,129,10.1,{4CF4599E-C1A6-4A6F-9584-4D9355E35BC8},
535,010119,13121010119,101.19,ARC 10,3912,3023,77.3,374,12.4,{D76558E4-B8AC-4095-A81F-216E03A5CAE5},
536,010211,13121010211,102.11,ARC 10,2496,1750,70.1,135,7.7,{36FF8D21-5455-42D5-AACF-33FA64252CF5},
537,009801,13121009801,98.01,ARC 10,3630,1777,49,68,3.8,{E327F3E4-F2D3-4919-8DD1-4AAAB7D2DAD3},
538,009603,13121009603,96.03,ARC 10,3560,2757,77.4,161,5.8,{4154A408-FBEC-45D0-AFFC-94948740A5F0},
539,009601,13121009601,96.01,ARC 10,2163,1883,87.1,144,7.6,{1AE65476-2A2E-4062-8E52-8FC030F964DA},
540,007705,13121007705,77.05,ARC 10,3725,1996,53.6,341,17.1,{3010433D-178F-4007-B765-2525B3B5BF15},
541,011612,13121011612,116.12,ARC 10,2747,1407,51.2,82,5.8,{27FD9E7E-C547-4564-A5F7-74B62EA00ECA},
542,011623,13121011623,116.23,ARC 10,9365,6640,70.9,680,10.2,{7CF84291-E1DE-4747-B537-993EB8E5262E},
543,011625,13121011625,116.25,ARC 10,5505,3782,68.7,240,6.3,{C13359CA-0CF5-4D29-8ADE-9605E72DD814},
544,011619,13121011619,116.19,ARC 10,5794,4269,73.7,306,7.2,{C90232C5-68EF-493D-BCEA-5D585FD31B05},
545,011621,13121011621,116.21,ARC 10,5233,3648,69.7,182,5,{6FFD6C61-9102-4B32-932A-54CA44B8E6D2},
546,000500,13121000500,5,ARC 10,4845,3485,71.9,104,3,{072F6304-66F2-4D96-9713-F9F874976FA4},
547,009300,13121009300,93,ARC 10,4097,3032,74,10,0.3,{A8D8AF0A-2070-4DBF-B5BA-CA6C7261242D},
548,009900,13121009900,99,ARC 10,3725,2518,67.6,36,1.4,{DEC2125A-20F2-4FB1-B318-B2D46100FA31},
549,009000,13121009000,90,ARC 10,3512,2707,77.1,62,2.3,{F40DF5EB-8631-459D-8D19-37D4EB69B734},
550,009700,13121009700,97,ARC 10,2971,1802,60.7,98,5.4,{D7E689B0-5414-4774-81C7-4B4B29006777},
551,010206,13121010206,102.06,ARC 10,4354,2350,54,68,2.9,{A570B740-19FA-4AFB-92F8-923E495B3DF5},
552,010204,13121010204,102.04,ARC 10,3794,2326,61.3,102,4.4,{C0792543-4FF8-4C3B-8D8A-51E2D446131F},
553,007100,13121007100,71,ARC 10,1571,903,57.5,104,11.5,{61A0E44D-23B7-4FC3-B4A3-348986BD2309},
554,006801,13121006801,68.01,ARC 10,2382,0,0,0,,{2A9A3363-635C-4BE6-9ABE-84A858F5BF91},
555,006900,13121006900,69,ARC 10,2861,1861,65,172,9.2,{EB43F08E-F200-4FA0-BE76-5D226065E029},
556,005200,13121005200,52,ARC 10,4354,3297,75.7,184,5.6,{A530E40A-6070-4BC2-99A1-FA37979ABB42},
557,005000,13121005000,50,ARC 10,1847,1395,75.5,114,8.2,{1D9CBDB0-383C-4C50-9FB3-E62FB42D27D8},
558,001500,13121001500,15,ARC 10,3977,3133,78.8,127,4.1,{607980A9-8850-45C6-816D-A063E1C5B026},
559,007807,13121007807,78.07,ARC 10,2132,964,45.2,282,29.3,{F8E31BAF-D349-4D98-A248-C78A64A60F94},
560,010510,13121010510,105.10,ARC 10,11629,7076,60.8,919,13,{9FE4930C-3006-45E0-B0AA-200CD39B1182},
561,010512,13121010512,105.12,ARC 10,4451,3136,70.5,454,14.5,{D0B13482-B957-4D7B-8AF3-F88FDF56C3A8},
562,007802,13121007802,78.02,ARC 10,8180,5938,72.6,1125,18.9,{EB49972E-C482-4A79-A128-C38628D3E512},
563,007805,13121007805,78.05,ARC 10,2787,1492,53.5,227,15.2,{4D38A431-EC2C-438F-B35F-C7B0CB189888},
564,011618,13121011618,116.18,ARC 10,3139,2280,72.6,74,3.2,{61573090-F1F3-424D-8F4B-309BF638E0C0},
565,011610,13121011610,116.10,ARC 10,4222,3054,72.3,103,3.4,{A4625BBA-6487-422D-92E5-58E235D3D85D},
566,011614,13121011614,116.14,ARC 10,10773,7818,72.6,263,3.4,{45340196-8486-44A5-8B43-3B420CE15768},
567,011620,13121011620,116.20,ARC 10,7592,5223,68.8,376,7.2,{F6EC4314-15E5-4F43-AC46-04332FA815B2},
568,011420,13121011420,114.20,ARC 10,5265,4289,81.5,387,9,{0CC9E465-EE99-47A8-BA7F-52894B074509},
569,011613,13121011613,116.13,ARC 10,5348,3823,71.5,515,13.5,{2709C60B-9F64-49CE-9023-5015F55EA529},
570,011426,13121011426,114.26,ARC 10,1828,1356,74.2,117,8.6,{A2EDD124-9F64-488D-9570-3F101AD4D190},
571,011425,13121011425,114.25,ARC 10,5526,3345,60.5,177,5.3,{72BAE03B-32E5-46FE-8D75-D8D529603F63},
572,011423,13121011423,114.23,ARC 10,3772,2901,76.9,105,3.6,{4B8DD2C3-FE31-4938-A820-2A6FA91508F8},
573,011418,13121011418,114.18,ARC 10,4976,3320,66.7,58,1.7,{9B584651-7C90-4C12-A8E8-71EA475A795A},
574,002600,13121002600,26,ARC 10,914,702,76.8,133,18.9,{82A662AC-0C95-4000-8099-B560893ACCB1},
575,001700,13121001700,17,ARC 10,3192,2515,78.8,142,5.6,{EC771496-AEE2-4938-B4EC-263F987DA6A2},
576,001400,13121001400,14,ARC 10,1982,1696,85.6,48,2.8,{C342AA52-18A0-412F-8A2D-B5EBFA436696},
577,003000,13121003000,30,ARC 10,2701,2240,82.9,71,3.2,{187E845D-1A15-4723-8F5C-5B9B49CC5CE9},
578,011000,13121011000,110,ARC 10,2170,1286,59.3,264,20.5,{6FE1942B-F42B-4E9E-B389-D037785447C4},
579,007400,13121007400,74,ARC 10,2424,1109,45.8,329,29.7,{EDBC3CC8-6F35-4BD1-B1EE-B5ED24E7D5F1},
580,006400,13121006400,64,ARC 10,1003,620,61.8,66,10.6,{20E10089-96B1-4C16-832B-0407FD5E6046},
581,005300,13121005300,53,ARC 10,2934,2471,84.2,229,9.3,{B8C662D1-674C-45B4-BAB2-31D80F2D5F78},
582,005502,13121005502,55.02,ARC 10,1658,968,58.4,207,21.4,{B381B804-6871-4F44-927D-D8BE8E8AB4C0},
583,008202,13121008202,82.02,ARC 10,1609,841,52.3,203,24.1,{79A31B92-EABF-424E-BF49-F82B59ED3A93},
584,010513,13121010513,105.13,ARC 10,10144,7195,70.9,1014,14.1,{718AD9F0-F800-4CD4-A4FC-1C273F7EE405},
585,010304,13121010304,103.04,ARC 10,11292,8451,74.8,904,10.7,{3063F22B-886B-471B-9E94-F84883B40CBC},
586,010303,13121010303,103.03,ARC 10,7130,4929,69.1,521,10.6,{692460B4-8969-4631-A011-AEA200875FD8},
587,010514,13121010514,105.14,ARC 10,8834,5867,66.4,498,8.5,{FB7FE5D9-FED0-4453-938E-5A14A0A15B20},
588,010301,13121010301,103.01,ARC 10,11595,7620,65.7,626,8.2,{CD2C6AE7-8278-463F-B62C-B8842639B84B},
589,010400,13121010400,104,ARC 10,6350,4012,63.2,477,11.9,{272F2837-67A0-42BA-B70D-2B0CED95F766},
590,011421,13121011421,114.21,ARC 10,2960,2137,72.2,79,3.7,{94C65666-E4C7-4EB6-A84A-499A341B25AA},
591,011416,13121011416,114.16,ARC 10,4112,2753,67,105,3.8,{B5CF82F4-ED37-4284-9503-A88E06E0E4A1},
592,011506,13121011506,115.06,ARC 10,4953,3335,67.3,150,4.5,{DAEBC2AB-1D74-4A2E-981C-B418947FB93A},
593,011417,13121011417,114.17,ARC 10,4018,2139,53.2,93,4.3,{0AA81665-45AB-4261-99D5-C6DE6015BFAC},
594,007001,13121007001,70.01,ARC 10,3370,1629,48.3,269,16.5,{4A6AB282-E1DA-4389-A15C-755D7286CB75},
595,006700,13121006700,67,ARC 10,3014,1239,41.1,258,20.8,{C12685A5-3BA3-4466-A3F4-87F0D6A6ADC9},
596,006300,13121006300,63,ARC 10,1377,812,59,243,29.9,{C5089E88-D436-4A29-BDB4-C9C2AD1F0E23},
597,005700,13121005700,57,ARC 10,1228,726,59.1,164,22.6,{518D4DD0-BE70-4C6B-98F0-CFC1BF88B98E},
598,006500,13121006500,65,ARC 10,3552,2004,56.4,284,14.2,{C868C618-52BB-42B6-A6C0-00007D03AD69},
599,005501,13121005501,55.01,ARC 10,2036,1327,65.2,224,16.9,{A05E62CB-31D2-4DE8-84F5-7DC274678FEF},
600,004900,13121004900,49,ARC 10,2208,1623,73.5,226,13.9,{F3B0A827-A556-4AA1-8C23-D44EB6BBFBAA},
601,004800,13121004800,48,ARC 10,917,486,53,50,10.3,{E3388A9C-059C-4E6F-AD41-E7A693A42A9F},
602,002800,13121002800,28,ARC 10,4522,2054,45.4,222,10.8,{F97CCF59-22F3-4D4F-B166-CD5A6252F746},
603,011419,13121011419,114.19,ARC 10,4497,2704,60.1,271,10,{C306F8E8-6EEB-4AE1-8E24-4FB619D8D1A9},
604,011503,13121011503,115.03,ARC 10,7021,4953,70.5,175,3.5,{775E84B8-163E-458F-9387-38D970C3B264},
605,011615,13121011615,116.15,ARC 10,7272,5243,72.1,356,6.8,{3ED66BBF-1522-4A18-A183-A8728F93BCEA},
606,011504,13121011504,115.04,ARC 10,9341,5626,60.2,173,3.1,{C1199EC7-6190-474D-ABA4-624A0D9D5381},
607,010515,13121010515,105.15,ARC 10,3680,2364,64.2,346,14.6,{D5F3FEFA-1C0A-4A0C-BFE2-E3798F18DA33},
608,010516,13121010516,105.16,ARC 10,6630,4495,67.8,855,19,{4AAE3482-10EC-442C-867D-19AE7CFC2B3D},
609,010120,13121010120,101.20,ARC 10,1929,1661,86.1,136,8.2,{8DDB03A5-6624-4ED0-8900-BC91F40EC643},
610,010117,13121010117,101.17,ARC 10,2760,2429,88,74,3,{47720192-7470-4E0F-9617-B5193C6D5A23},
611,001800,13121001800,18,ARC 10,3945,2774,70.3,287,10.3,{49E57DC4-DD40-4966-9AEF-CC9B9552DDDF},
612,001300,13121001300,13,ARC 10,4091,3104,75.9,220,7.1,{8815AC8F-ED30-4DDC-84E8-BA3E4E4DA737},
613,001900,13121001900,19,ARC 10,4867,2936,60.3,518,17.6,{EBA2BE1E-E4F1-4D3A-8C75-056FF55969FB},
614,002100,13121002100,21,ARC 10,2402,1617,67.3,386,23.9,{823E29F3-A76E-4CB3-A70B-B3F1EB3F272F},
615,004400,13121004400,44,ARC 10,1628,1153,70.8,114,9.9,{E0498E76-320D-4502-A358-2997D44A8421},
616,003200,13121003200,32,ARC 10,2058,1826,88.7,21,1.2,{05FD737C-6C88-414E-87FF-D8A7771E2DEC},
617,004200,13121004200,42,ARC 10,1982,1152,58.1,98,8.5,{86129D4F-8118-4DF3-9E44-35472BDDD29F},
618,003800,13121003800,38,ARC 10,3828,1477,38.6,271,18.3,{A2751663-0D86-4239-8290-FB4D2103A90F},
619,002500,13121002500,25,ARC 10,1767,1134,64.2,202,17.8,{57A4B319-7D9B-407E-A058-5D469E6E7C9E},
620,002300,13121002300,23,ARC 10,1060,518,48.9,171,33,{0FB48982-FD14-4A71-8A79-D0445551CDFE},
621,001608,13139001608,16.08,ARC 20,4433,2190,49.4,151,6.9,{7D4EC42A-CC25-4723-A2F7-70E5EEE75F90},
622,001603,13139001603,16.03,ARC 20,4066,2867,70.5,280,9.8,{5BF22962-4190-40DA-914C-E50DFD44EDDF},
623,010118,13121010118,101.18,ARC 10,3906,3143,80.5,169,5.4,{82D44A22-6D77-4938-86B4-3D1A267335A9},
624,010113,13121010113,101.13,ARC 10,5317,4548,85.5,153,3.4,{32D071D7-60F5-46A6-9391-6854C1AD1CA5},
625,010115,13121010115,101.15,ARC 10,1971,1247,63.3,35,2.8,{A36E6A79-559E-4CC6-8FD7-22E92CCB3FB7},
626,010122,13121010122,101.22,ARC 10,5193,3940,75.9,185,4.7,{CB8FA5AD-5FDB-4780-B478-131B76937005},
627,010114,13121010114,101.14,ARC 10,5388,4209,78.1,234,5.6,{CC2C3DF4-D7C2-4C6F-8851-E6037895EA17},
628,000600,13121000600,6,ARC 10,5785,3385,58.5,409,12.1,{F78E2748-AF54-44F1-9052-B520F249F075},
629,006601,13121006601,66.01,ARC 10,1792,1127,62.9,203,18,{0A28735D-FB7B-4FDB-95AF-42BCB51315D5},
630,006602,13121006602,66.02,ARC 10,943,579,61.4,172,29.7,{7A5EC48E-0EC7-4885-9189-4731B83D9BEA},
631,006200,13121006200,62,ARC 10,1173,800,68.2,145,18.1,{EACE860B-D791-4C6E-BB90-86ADE18949E3},
632,006100,13121006100,61,ARC 10,2957,1644,55.6,211,12.8,{ADDF98FB-6C4C-4E60-BDAF-BB5407053CB6},
633,001600,13121001600,16,ARC 10,1951,1617,82.9,49,3,{C73E5CAA-22C3-44ED-8DC3-7B121FA53686},
634,003100,13121003100,31,ARC 10,1649,1317,79.9,107,8.1,{69C5DDE8-E4A5-41A1-B516-CDD60B461DCA},
635,006802,13121006802,68.02,ARC 10,948,488,51.5,279,57.2,{581DC03C-A7B0-416E-B829-19290AD8D15D},
636,007602,13121007602,76.02,ARC 10,2001,1151,57.5,194,16.9,{FE801F5B-671D-4218-AA10-563227A4990B},
637,001606,13139001606,16.06,ARC 20,3037,2079,68.5,159,7.6,{0D9C6EF1-2E1D-45AA-8400-CC1DB36EC21E},
638,001101,13139001101,11.01,ARC 20,3354,2207,65.8,200,9.1,{5C93ED6C-FBC5-4F63-924B-C5FC7833E6AB},
639,001605,13139001605,16.05,ARC 20,4003,2865,71.6,83,2.9,{90979BA5-FA99-4AEC-A946-48FA3C87AE4F},
640,001604,13139001604,16.04,ARC 20,4956,3586,72.4,254,7.1,{9F4D6297-99F0-4E5C-8212-EE56072EABBD},
641,001502,13139001502,15.02,ARC 20,3841,2515,65.5,175,7,{AA9AFA49-E09D-440D-BC50-AFDE96DD8D73},
642,001607,13139001607,16.07,ARC 20,3764,2361,62.7,273,11.6,{97AA97A6-B72D-4DA8-A30B-E3038AF6AFF5},
643,001302,13139001302,13.02,ARC 20,4233,2739,64.7,127,4.6,{BC6C21C7-A896-4EF6-950F-C105A4194423},
644,001301,13139001301,13.01,ARC 20,4429,2902,65.5,215,7.4,{DDFE3FD4-1784-44A4-9A8A-831B011975C1},
645,001403,13139001403,14.03,ARC 20,2836,1782,62.8,133,7.5,{50F00C02-06C4-405B-B53F-35E826A004BD},
646,001404,13139001404,14.04,ARC 20,4066,2709,66.6,139,5.1,{43E3700E-D8FD-4777-88D0-C66FEF244B6B},
647,010212,13121010212,102.12,ARC 10,3958,2855,72.1,205,7.2,{685C23C6-BEB0-4832-9F99-C2FEA09FB581},
648,009802,13121009802,98.02,ARC 10,3520,2146,61,95,4.4,{633E9B84-5AE9-422A-AAEC-ED2D7067C869},
649,009403,13121009403,94.03,ARC 10,4472,3079,68.9,309,10,{9D37ED2F-5778-45A7-8DB4-FD1128A87BCB},
650,009404,13121009404,94.04,ARC 10,4257,3382,79.4,133,3.9,{DB2665FF-C06F-4216-B7EC-142CD052B0B0},
651,010001,13121010001,100.01,ARC 10,3594,2750,76.5,59,2.1,{123852E4-4C42-4A1E-9F0D-DFF0376C9FDC},
652,009602,13121009602,96.02,ARC 10,4020,2736,68.1,93,3.4,{ECC186C6-B0B5-463E-AFDB-7B9B43562743},
653,010002,13121010002,100.02,ARC 10,5976,4088,68.4,73,1.8,{C399E65D-A890-4D31-9DA2-BFB5CB96F6BF},
654,009502,13121009502,95.02,ARC 10,2626,1639,62.4,84,5.1,{B142B399-4753-46E8-8FD0-9DC7AC66740B},
655,008000,13121008000,80,ARC 10,4184,2474,59.1,404,16.3,{A7DBC43E-44F1-4100-991B-42BB35633500},
656,003900,13121003900,39,ARC 10,1350,860,63.7,245,28.5,{DE22EB5B-FB8C-4268-BB3A-90407569DAE2},
657,004100,13121004100,41,ARC 10,1432,908,63.4,113,12.4,{4AD0E97E-6B10-4CF1-B6E6-AD693474946E},
658,002400,13121002400,24,ARC 10,2048,1179,57.6,256,21.7,{1E954665-C885-4B97-B018-E6FED03CFAAA},
659,004000,13121004000,40,ARC 10,1948,1148,58.9,214,18.6,{CDB5D80A-D7E2-4D23-81C9-43A6817C7589},
660,008400,13121008400,84,ARC 10,2792,1297,46.5,280,21.6,{1AE58B8D-C170-4475-9B1E-53ABFA015F11},
661,008302,13121008302,83.02,ARC 10,1735,955,55,192,20.1,{847334CE-7DB1-4E00-A15B-FA4E3961DE75},
662,008301,13121008301,83.01,ARC 10,1793,1169,65.2,227,19.4,{3B1E8E74-0F41-4638-9C05-905C2BAE2CAC},
663,007200,13121007200,72,ARC 10,1527,832,54.5,265,31.9,{31ED8FF0-ABFB-4A4E-A24F-7736DEC90FD8},
664,001501,13139001501,15.01,ARC 20,3678,2404,65.4,163,6.8,{3C842AA3-D84B-44A9-8C02-4FFF58C41B5F},
665,001102,13139001102,11.02,ARC 20,3084,2090,67.8,132,6.3,{DAB91844-AA99-4DBA-AE6D-9BA5CBC0C6E7},
666,001201,13139001201,12.01,ARC 20,5314,3102,58.4,431,13.9,{55FB6314-517D-4B20-95E3-427E1B749DC4},
667,001004,13139001004,10.04,ARC 20,2478,1764,71.2,88,5,{542ECBC8-35F9-4493-BE38-B2FCC9AF0BAC},
668,001003,13139001003,10.03,ARC 20,4547,2896,63.7,218,7.5,{3787E085-BE5B-4423-9C64-ED4E64D45E29},
669,000305,13139000305,3.05,ARC 20,3707,2531,68.3,93,3.7,{04C7E478-64E5-4012-AA41-C92A34F78AE2},
670,000304,13139000304,3.04,ARC 20,2740,1515,55.3,160,10.6,{8060281A-89F9-4C7D-A8BD-FE2A91E242BD},
671,000303,13139000303,3.03,ARC 20,2295,990,43.1,172,17.4,{E59EEA0A-01CC-410F-90F1-431F010B369A},
672,000203,13139000203,2.03,ARC 20,3635,2375,65.3,136,5.7,{FE2AA6A8-AA80-491B-8E86-1D303CDBCBDE},
673,000204,13139000204,2.04,ARC 20,3099,1969,63.5,129,6.6,{6E62BA1D-BB24-4D85-8959-5F2FA1E9D9F8},
674,160100,13255160100,1601,ARC 20,4205,2452,58.3,257,10.5,{A8F96CE4-CAF9-4623-8183-7E8216227219},
675,160200,13255160200,1602,ARC 20,5272,2524,47.9,347,13.7,{773BBAF4-BABE-4D54-AA06-DBABF3D05B1C},
676,161000,13255161000,1610,ARC 20,4049,2073,51.2,242,11.7,{CAA9BEC5-1176-4141-B4F9-946918D6431E},
677,161200,13255161200,1612,ARC 20,6758,3697,54.7,291,7.9,{EDB7DF2D-D411-441C-8B50-38C132C9F6F2},
678,161100,13255161100,1611,ARC 20,3087,1981,64.2,225,11.4,{6867B236-432D-4A7C-9ACA-7D4608D0B5E4},
679,160900,13255160900,1609,ARC 20,2057,1086,52.8,193,17.8,{D7803A45-5BC5-4958-B62B-1BA6AB4992DD},
680,160800,13255160800,1608,ARC 20,3713,1742,46.9,431,24.7,{6B1845E1-E9CD-4309-96C3-EC4B0DF33364},
681,160700,13255160700,1607,ARC 20,5616,2780,49.5,259,9.3,{18A8BC00-51E0-4401-A114-0AE9C91F4C88},
682,160500,13255160500,1605,ARC 20,4980,2930,58.8,257,8.8,{88C89406-6D5C-4903-B81E-82F76C590F57},
683,160400,13255160400,1604,ARC 20,4300,2377,55.3,485,20.4,{513084FF-9808-4568-AB61-0586F7BE82B4},
684,160300,13255160300,1603,ARC 20,2567,1372,53.4,194,14.1,{FF8F8211-2727-4AFA-B534-56696E5B28F8},
685,160600,13255160600,1606,ARC 20,3152,1779,56.4,141,7.9,{B2B16190-1699-4A97-8127-25D6DFE20A76},
686,080102,13097080102,801.02,ARC 10,5694,4221,74.1,478,11.3,{99741DDD-36D9-4A1F-A188-9323B1641470},
687,080602,13097080602,806.02,ARC 10,4247,2988,70.4,290,9.7,{0540044B-1C86-47E3-ACE1-6470CC374DA4},
688,080508,13097080508,805.08,ARC 10,4068,3020,74.2,341,11.3,{2D3AD859-1333-4ACD-9654-D353D39F03FB},
689,080510,13097080510,805.10,ARC 10,6191,4046,65.4,558,13.8,{EAAF23B9-D90C-4094-AE75-B73D6D122860},
690,080509,13097080509,805.09,ARC 10,4408,2793,63.4,258,9.2,{88B78F8D-9E8A-4C48-9413-C080F8C4BF4D},
691,170602,13077170602,1706.02,ARC 20,6491,4427,68.2,148,3.3,{1CF1DDFB-57DC-445A-A7DA-43BAB2EC2AEC},
692,170503,13077170503,1705.03,ARC 20,4385,3044,69.4,231,7.6,{2E597ADC-55EF-4A48-970F-EDCB74B53AAE},
693,170501,13077170501,1705.01,ARC 20,5730,3588,62.6,218,6.1,{20ED5EEF-D755-4349-A116-DE6E474F66ED},
694,170406,13077170406,1704.06,ARC 20,2883,1924,66.7,174,9,{D6A5DE0C-EEE3-4A77-91E3-E2CC260676CC},
695,170305,13077170305,1703.05,ARC 20,7702,4584,59.5,515,11.2,{92D87478-E1DB-4C43-A411-5A5ED14BB295},
696,170601,13077170601,1706.01,ARC 20,4875,2723,55.9,70,2.6,{CE25E8BD-5933-4C0A-BBFF-900CE00EA168},
697,170603,13077170603,1706.03,ARC 20,4010,2708,67.5,88,3.2,{FFC011D0-8E34-438D-A810-DD88ECBB28C4},
698,170502,13077170502,1705.02,ARC 20,4636,3245,70,175,5.4,{DCADEAEB-07DF-4527-A48A-DCAD1490E055},
699,170405,13077170405,1704.05,ARC 20,5876,4002,68.1,365,9.1,{119DFC5F-1C19-4EE5-8AEF-B93836F1D4AD},
700,170404,13077170404,1704.04,ARC 20,4726,3302,69.9,279,8.4,{54E21859-1ED7-421E-9A4C-940C320F23B2},
701,170403,13077170403,1704.03,ARC 20,3357,2280,67.9,189,8.3,{18CA0440-A0B8-47EC-9197-DF4B2AD78810},
702,170306,13077170306,1703.06,ARC 20,6337,4627,73,254,5.5,{1D02CF88-9DAA-45F7-B21B-EB9CEA86B214},
703,080603,13097080603,806.03,ARC 10,4604,3589,78,68,1.9,{89DD7209-3D7B-4401-BBB7-95AD98B08D88},
704,080511,13097080511,805.11,ARC 10,6784,4793,70.7,530,11.1,{12C5E076-68FC-4C3A-81C3-473B0826F55B},
705,080304,13097080304,803.04,ARC 10,4476,2364,52.8,232,9.8,{5C360719-E171-439D-8142-0B8459581DEC},
706,080404,13097080404,804.04,ARC 10,6507,4268,65.6,434,10.2,{C3D64B6E-422D-4A21-B924-58BA4047932C},
707,080303,13097080303,803.03,ARC 10,2940,1797,61.1,93,5.2,{B1570DA9-0DF5-4433-B395-394AD1C32CE9},
708,080403,13097080403,804.03,ARC 10,3744,2423,64.7,116,4.8,{C6020C32-3DCC-4C90-8A6A-F2E9BB0350D0},
709,080103,13097080103,801.03,ARC 10,5356,4085,76.3,480,11.8,{684512B8-BC0E-4C2E-98B7-F8B324BBF330},
710,080604,13097080604,806.04,ARC 10,7225,4785,66.2,391,8.2,{DF5B45FE-7FF7-48D0-B90F-868651C9567A},
711,170304,13077170304,1703.04,ARC 20,5270,3480,66,268,7.7,{48886F81-8EA2-4497-8BB9-C2AD6552ADF0},
712,170303,13077170303,1703.03,ARC 20,4000,2704,67.6,111,4.1,{71AB59BD-C7F1-44E6-827D-9A7198727D10},
713,170802,13077170802,1708.02,ARC 20,3539,2079,58.7,89,4.3,{E8930194-748E-4EC2-B642-3EAFFE907E06},
714,170801,13077170801,1708.01,ARC 20,4194,2773,66.1,216,7.8,{5319CB40-C338-4407-ADA0-3665ACCCB0FF},
715,170700,13077170700,1707,ARC 20,5778,3483,60.3,595,17.1,{C04EF1DC-BD63-4A55-AE07-87ACFA02EB40},
716,170402,13077170402,1704.02,ARC 20,7416,4834,65.2,186,3.8,{E7568161-3487-4772-B9A5-0AB848719379},
717,170200,13077170200,1702,ARC 20,5394,3236,60,152,4.7,{865D6499-D5FF-42F5-9A67-D8E7D666D433},
718,170100,13077170100,1701,ARC 20,5966,3927,65.8,349,8.9,{1D142793-0F65-4D78-8476-11B6AD095DC4},
719,080201,13097080201,802.01,ARC 10,3987,2178,54.6,197,9,{C1DDD105-C17C-4320-97B1-0D752AA86599},
720,080506,13097080506,805.06,ARC 10,4211,2625,62.3,163,6.2,{E4AFDBCB-BE69-4290-A326-E399EDC2450C},
721,080505,13097080505,805.05,ARC 10,3839,2597,67.6,393,15.1,{4A517074-9638-4FA7-82CC-DEA9C06080E6},
722,080202,13097080202,802.02,ARC 10,7778,5309,68.3,915,17.2,{5992266A-8B44-4C25-A1A2-987C4A9D1BDC},
723,080507,13097080507,805.07,ARC 10,2784,1744,62.6,278,15.9,{E6C7A692-37D3-4440-9275-8FF56A09BADC},
724,080402,13097080402,804.02,ARC 10,6362,4178,65.7,248,5.9,{D4B25322-E150-425B-94BA-2E8CE126F13E},
725,080301,13097080301,803.01,ARC 10,8514,5304,62.3,800,15.1,{0B8AF8E5-23AF-46DF-A6A5-1FBA59A65B9A},
726,980000,13089980000,9800,ARC 10,0,0,,0,,{60D71407-FAD0-47D6-BDA7-9AB075F8C5F4},
727,023428,13089023428,234.28,ARC 10,7209,5367,74.4,772,14.4,{E47DB099-924E-43B5-9F18-3F3D85527CAB},
728,023426,13089023426,234.26,ARC 10,4002,2620,65.5,411,15.7,{D921AA50-A68B-46D2-B44E-31EC9AD61158},
729,021502,13089021502,215.02,ARC 10,3994,2939,73.6,204,6.9,{A1CBE805-7C1E-43C9-8CD7-CB98F6393539},
730,022302,13089022302,223.02,ARC 10,3940,2816,71.5,224,8,{94AFE53A-1BFA-4F8E-8370-057E6CCAFBFF},
731,022007,13089022007,220.07,ARC 10,2992,1907,63.7,342,17.9,{D465876D-F9DD-4F43-B1C0-6BA53BA52817},
732,021602,13089021602,216.02,ARC 10,3424,2327,68,105,4.5,{342A74EB-7721-4A85-B5FC-D94FCCD03CC0},
733,023803,13089023803,238.03,ARC 10,4374,2534,57.9,391,15.4,{B3521A43-4B18-48AB-BE3A-8A7CDA1B2A9F},
734,022402,13089022402,224.02,ARC 10,5624,2110,37.5,158,7.5,{052B8CD6-F1CE-45B0-A18D-6DCDA69D408A},
735,022700,13089022700,227,ARC 10,3107,2344,75.4,152,6.5,{4BEE1235-E782-40CB-B3AD-7899818A91BF},
736,022403,13089022403,224.03,ARC 10,3060,1862,60.8,59,3.2,{A07D37C1-1A0F-4874-9C3B-83083F3F057A},
737,023425,13089023425,234.25,ARC 10,5023,3523,70.1,662,18.8,{A4A6C17E-F273-471B-9624-B1141B8F0601},
738,022204,13089022204,222.04,ARC 10,5317,3487,65.6,247,7.1,{53C01E0D-2F44-4AB3-9F46-0529045CFA0B},
739,023423,13089023423,234.23,ARC 10,6055,4441,73.3,721,16.2,{0B85B2FE-16CD-4675-9483-B99448CF16C9},
740,023419,13089023419,234.19,ARC 10,7314,4804,65.7,671,14,{F064EBE8-7842-43B0-8455-E8014651F7E3},
741,023312,13089023312,233.12,ARC 10,7001,4905,70.1,614,12.5,{08984DBA-62BE-493B-B2A1-6534FBFA0702},
742,023311,13089023311,233.11,ARC 10,3708,2534,68.3,387,15.3,{C9A75897-FF0C-417E-A883-636585EE0096},
743,023213,13089023213,232.13,ARC 10,4687,3079,65.7,369,12,{DBBA91C2-00FF-4724-B3D6-BF3B592AA2F0},
744,022301,13089022301,223.01,ARC 10,5096,3364,66,186,5.5,{C1C809F1-BAA8-4A3D-B703-17177BBA8333},
745,023602,13089023602,236.02,ARC 10,2219,1325,59.7,239,18,{67A06F3E-BBAB-42F4-9FAC-131D6CAAD167},
746,023504,13089023504,235.04,ARC 10,2206,1067,48.4,298,27.9,{2C8C00E0-3D7C-40E9-AAEA-7C341B990BA3},
747,023411,13089023411,234.11,ARC 10,3206,1949,60.8,338,17.3,{CB3203D6-2927-4297-95D6-AFF72FDE9514},
748,023410,13089023410,234.10,ARC 10,2485,1647,66.3,359,21.8,{536099EF-BC8A-42A5-BF1E-B6C8B59CDDE9},
749,023501,13089023501,235.01,ARC 10,2598,1658,63.8,304,18.3,{0FEB1B8A-A8B4-4F5A-83B8-61D350BD256A},
750,023114,13089023114,231.14,ARC 10,1929,1417,73.5,258,18.2,{3C29774B-7AE7-4B8B-8B0F-0E7FBF72BAD6},
751,023112,13089023112,231.12,ARC 10,3137,2436,77.7,474,19.5,{4D1FBA27-820E-4E61-8551-FC3A8E733586},
752,021912,13089021912,219.12,ARC 10,2902,1690,58.2,148,8.8,{75712095-3A1B-4F0B-AF58-C0D9BCD2634B},
753,021910,13089021910,219.10,ARC 10,3762,2945,78.3,311,10.6,{86B69385-5A14-48EC-A847-F9FD0FE645FA},
754,021604,13089021604,216.04,ARC 10,2396,1500,62.6,88,5.9,{F6EA0556-07DE-4DF4-8415-C4B4DD0C99D3},
755,021504,13089021504,215.04,ARC 10,4773,2897,60.7,80,2.8,{BD7894A4-C9EF-498D-9BE0-C2C5FEB0EF26},
756,021503,13089021503,215.03,ARC 10,3276,2473,75.5,283,11.4,{43E234D1-1402-4B25-A6AE-3852ED919CA6},
757,023107,13089023107,231.07,ARC 10,3446,2081,60.4,363,17.4,{2E751C77-E05D-4C27-AB19-5D9CCFA9F4B7},
758,023418,13089023418,234.18,ARC 10,14627,11120,76,1343,12.1,{807D8DE2-2318-4525-B934-170E93FAD7AD},
759,023101,13089023101,231.01,ARC 10,3743,2495,66.7,452,18.1,{D108389D-94EB-418B-8B54-C75ABF3EF5FB},
760,022401,13089022401,224.01,ARC 10,3419,2473,72.3,71,2.9,{A92B564B-D8CC-4AC4-9582-B47B2F48F61D},
761,020900,13089020900,209,ARC 10,4829,3055,63.3,219,7.2,{74607ECC-9B68-4262-8AB4-016BC5E34076},
762,020700,13089020700,207,ARC 10,1872,1317,70.4,74,5.6,{E5D11F6E-C58F-462E-A048-0BC236DDEDD9},
763,020600,13089020600,206,ARC 10,1641,1177,71.7,83,7.1,{AA3FAD85-4E79-4E97-82E7-1D463EE5791B},
764,020500,13089020500,205,ARC 10,2507,1721,68.6,208,12.1,{6E0996CC-7A60-4D12-9888-6E3076417658},
765,021410,13089021410,214.10,ARC 10,4256,3603,84.7,181,5,{62382584-1198-4214-A1A1-F408BDB2927E},
766,021216,13089021216,212.16,ARC 10,6812,5238,76.9,424,8.1,{5FD48EC9-6D6F-42B1-A1B4-423AD982B050},
767,021911,13089021911,219.11,ARC 10,1502,1344,89.5,417,31,{0B094A0B-E1B3-49E7-940C-ADF8AD6AC158},
768,020802,13089020802,208.02,ARC 10,3329,2217,66.6,164,7.4,{4AF626B3-D3E6-400D-8035-4144F9DDF399},
769,021416,13089021416,214.16,ARC 10,1889,1604,84.9,119,7.4,{E6DA9E1C-A8A6-4327-BEA1-C34898E8E61E},
770,021413,13089021413,214.13,ARC 10,2911,2218,76.2,76,3.4,{1ADA7043-5C1D-4B3E-A626-E861097B1690},
771,021411,13089021411,214.11,ARC 10,3153,2658,84.3,46,1.7,{3801F169-96B1-420A-89BC-4FCE19320A92},
772,020400,13089020400,204,ARC 10,2022,1704,84.3,65,3.8,{BC7C7841-1E07-42D5-A9AE-8002A39E629D},
773,020300,13089020300,203,ARC 10,2989,2459,82.3,70,2.8,{47A341BE-7EF5-4455-A2D2-F51103AB8020},
774,020100,13089020100,201,ARC 10,1450,1133,78.1,54,4.8,{B9C3FEC0-A676-43A7-A367-003DC71B9041},
775,023802,13089023802,238.02,ARC 10,4167,1855,44.5,268,14.4,{0EF639E1-FA8D-4EB6-B9BB-DCA7EFE00753},
776,023801,13089023801,238.01,ARC 10,3173,2252,71,235,10.4,{41F19E31-B3A5-4C36-A584-4BA86DA8D21C},
777,023700,13089023700,237,ARC 10,4424,2846,64.3,498,17.5,{739AD856-A125-40F9-88D7-49A8306AD506},
778,023506,13089023506,235.06,ARC 10,4874,3015,61.9,479,15.9,{53C5081A-9E1C-42D8-83B9-C825824B41B1},
779,023505,13089023505,235.05,ARC 10,2238,1381,61.7,378,27.4,{819C82F6-C1E5-495E-A1F0-3F9793E8FFD8},
780,023427,13089023427,234.27,ARC 10,2347,1633,69.6,122,7.5,{7820B576-D251-410C-9C10-81E2B1BA2C55},
781,023424,13089023424,234.24,ARC 10,4433,3184,71.8,738,23.2,{5D9400CE-1E0F-44D0-86DE-D4B8463AED08},
782,023422,13089023422,234.22,ARC 10,3880,2916,75.2,275,9.4,{34C24BF4-72F5-49DE-A450-167D38D1DE4F},
783,023421,13089023421,234.21,ARC 10,5849,4379,74.9,779,17.8,{F5F3FB26-61C2-409C-A1AF-CCDA2B88D8FB},
784,023315,13089023315,233.15,ARC 10,3376,2596,76.9,231,8.9,{B2B7455E-E7E6-4003-822D-5E86633B2955},
785,023314,13089023314,233.14,ARC 10,4037,2992,74.1,438,14.6,{CD7D8993-9CFA-453F-BAC5-650293657050},
786,023115,13089023115,231.15,ARC 10,3083,0,0,0,,{4635255D-76B7-49AC-B019-05BCCF67C4CD},
787,023413,13089023413,234.13,ARC 10,2912,1435,49.3,212,14.8,{CA61B869-AFD7-4FF7-AECD-F97A0C069EB0},
788,023414,13089023414,234.14,ARC 10,5122,2988,58.3,311,10.4,{79B5A82C-DFCA-4271-8510-E66138FB2802},
789,023206,13089023206,232.06,ARC 10,5868,3652,62.2,471,12.9,{54BEFF6C-6BFA-4A0A-92E1-9D159FF85594},
790,021907,13089021907,219.07,ARC 10,7355,4801,65.3,677,14.1,{EAAAE826-05C7-4009-A58E-2B7D8A895B11},
791,023204,13089023204,232.04,ARC 10,5536,3751,67.8,678,18.1,{A50EBC85-FE5F-45ED-976E-88CCBE9F8498},
792,023113,13089023113,231.13,ARC 10,2459,1893,77,341,18,{0D44AB23-B6B2-4832-B453-17682F39E318},
793,022010,13089022010,220.10,ARC 10,1974,1276,64.6,161,12.6,{08C329F7-526A-4ADE-AF49-9CBF2FFCD037},
794,023111,13089023111,231.11,ARC 10,1607,1075,66.9,244,22.7,{1FF0A25D-CADA-4E0C-A9F7-D938430015D4},
795,021814,13089021814,218.14,ARC 10,4396,3677,83.6,468,12.7,{6386BFA6-5C2A-49F3-8EF5-7D7C18FB54CF},
796,021409,13089021409,214.09,ARC 10,2816,2106,74.8,130,6.2,{5988C534-2687-4FAE-BCD2-267123625991},
797,021218,13089021218,212.18,ARC 10,4384,3699,84.4,257,6.9,{67FBE04A-C496-4148-AD60-F7F9B9A0C7FF},
798,023507,13089023507,235.07,ARC 10,3173,1930,60.8,248,12.8,{72962AA7-ECAD-4DB5-BE0C-B23A360807EF},
799,023412,13089023412,234.12,ARC 10,5211,3169,60.8,692,21.8,{2E513084-C968-4587-81DB-67BD14B1F236},
800,023416,13089023416,234.16,ARC 10,6103,3915,64.1,411,10.5,{DE9BE576-782B-4086-8E8F-D0B2B35EC09B},
801,023102,13089023102,231.02,ARC 10,2693,1833,68.1,228,12.4,{BE3292DB-BCAD-44E9-9F4C-3936D6B8FF98},
802,023000,13089023000,230,ARC 10,1677,1116,66.5,56,5,{B1BE018D-7BB5-4DA0-B74A-F504AA9CD703},
803,021906,13089021906,219.06,ARC 10,4145,3131,75.5,523,16.7,{4E138E63-B33D-4BAB-A870-D3FB2F6A9E67},
804,021217,13089021217,212.17,ARC 10,1867,1347,72.1,202,15,{977A60A1-C667-430B-AAAC-BA13F51BCF0E},
805,021215,13089021215,212.15,ARC 10,4514,3310,73.3,166,5,{340BC737-6FA3-42DC-A7F5-7C6D83E25D60},
806,021414,13089021414,214.14,ARC 10,3110,2639,84.9,160,6.1,{2741290C-B98A-41AA-97FC-ABB71F855B28},
807,021101,13089021101,211.01,ARC 10,2872,1991,69.3,34,1.7,{C3C18B96-B5F2-4B14-99D4-257D96019CE0},
808,023316,13089023316,233.16,ARC 10,6552,4811,73.4,732,15.2,{1C0BCCD1-394D-4A95-BEEE-37CDFAECB1A3},
809,023313,13089023313,233.13,ARC 10,3878,2636,68,504,19.1,{E1A537D4-81A4-4F6B-8ECB-7B9A000DD9C7},
810,022900,13089022900,229,ARC 10,2964,2062,69.6,89,4.3,{08FB22D8-2A2B-4F86-94E1-86A16C38CB5C},
811,022800,13089022800,228,ARC 10,2906,2023,69.6,199,9.8,{610742C5-A66D-441A-81BB-477850A1780B},
812,022600,13089022600,226,ARC 10,4544,3304,72.7,133,4,{CBE8E027-85B3-40F3-9F7A-5ABDDE69135C},
813,022500,13089022500,225,ARC 10,4201,2826,67.3,177,6.3,{B9DF6884-19CB-46DC-AF89-E537EDACF77E},
814,022100,13089022100,221,ARC 10,2440,1671,68.5,244,14.6,{9E53B987-212B-43DA-943D-D11ABA7DDEEC},
815,022005,13089022005,220.05,ARC 10,3466,2414,69.6,312,12.9,{58D5F651-C67C-4426-AEDA-396728BC2094},
816,023214,13089023214,232.14,ARC 10,4248,3312,78,430,13,{A8F41C74-F833-4AC0-99B9-A7D08C56D5D1},
817,022203,13089022203,222.03,ARC 10,1873,1274,68,149,11.7,{EAF1EE1B-BC0B-458D-B5F7-BF7C1D7E7EF8},
818,022009,13089022009,220.09,ARC 10,3788,2833,74.8,421,14.9,{E1859194-EBD7-4F3C-8AEC-3503625AF9DA},
819,021913,13089021913,219.13,ARC 10,3277,2545,77.7,427,16.8,{C347EC89-B5E7-4AA5-A2AC-F625E0435F87},
820,021813,13089021813,218.13,ARC 10,2172,1675,77.1,160,9.6,{C6CAF71D-55DB-492E-BBED-F6EC61860518},
821,021605,13089021605,216.05,ARC 10,4337,3120,71.9,292,9.4,{5A8CAD33-D247-4113-977D-FAEEBA379D3C},
822,021308,13089021308,213.08,ARC 10,3329,2481,74.5,70,2.8,{8415D41F-D9D9-4B49-BBDF-824D819DF238},
823,022004,13089022004,220.04,ARC 10,4543,2929,64.5,494,16.9,{A71071F4-30EA-4F79-802C-31A5C8F212AC},
824,022008,13089022008,220.08,ARC 10,5754,3603,62.6,543,15.1,{70351F6D-97B4-445D-A89D-352C5EBC5E4C},
825,021909,13089021909,219.09,ARC 10,4994,3616,72.4,737,20.4,{3D875287-B88F-47C4-AAE4-BBF2CB880D29},
826,022001,13089022001,220.01,ARC 10,3758,2950,78.5,268,9.1,{3DBB33F3-F853-430F-905D-3680659C875A},
827,023108,13089023108,231.08,ARC 10,3426,1990,58.1,391,19.6,{CE7430A3-C98F-49F4-93A0-D51D3D4FF1D1},
828,020200,13089020200,202,ARC 10,1781,1362,76.5,70,5.1,{755E2762-3CE5-4CD0-8C35-F57DACD959E7},
829,021306,13089021306,213.06,ARC 10,3726,2971,79.7,300,10.1,{7071F25D-68D6-49A2-9016-3EF4BB09C973},
830,021305,13089021305,213.05,ARC 10,3403,2667,78.4,226,8.5,{7FECA790-7F8A-4761-9328-A5C84EB2F0CA},
831,021417,13089021417,214.17,ARC 10,3958,3189,80.6,163,5.1,{3D531256-9921-4ABC-AB5A-DFC6430D301A},
832,021415,13089021415,214.15,ARC 10,3424,2722,79.5,92,3.4,{8560A0E1-0180-4DCF-9617-F67E53E7B02C},
833,021102,13089021102,211.02,ARC 10,4776,3198,67,64,2,{B3ED01A3-B8F2-4455-9230-1E6B41A0887F},
834,021307,13089021307,213.07,ARC 10,3289,2346,71.3,126,5.4,{15E16869-7C9E-401F-BCB1-0811B09D2E7C},
835,023601,13089023601,236.01,ARC 10,2663,1694,63.6,180,10.6,{85728515-49ED-409D-B83B-89FA7CB3DDF0},
836,021412,13089021412,214.12,ARC 10,3067,2623,85.5,78,3,{38E119EF-D435-434F-B801-69E812A4E534},
837,023208,13089023208,232.08,ARC 10,5390,3773,70,625,16.6,{34F25607-8B8D-42EC-AD88-0DDE7FE0BCCF},
838,023310,13089023310,233.10,ARC 10,7301,4852,66.5,989,20.4,{723523BD-737D-4807-8182-78B1A20F0F6E},
839,020801,13089020801,208.01,ARC 10,2186,1552,71,152,9.8,{9EA2B143-E90C-4D1C-989C-C05D6F03298A},
840,021812,13089021812,218.12,ARC 10,1815,1192,65.7,69,5.8,{5069F2A8-B01F-499F-93A3-B63106D9E1AE},
841,021214,13089021214,212.14,ARC 10,4594,2686,58.5,94,3.5,{7C57F6AB-0F96-4651-9CFB-658D9392752D},
842,021810,13089021810,218.10,ARC 10,4372,3018,69,222,7.4,{51546470-3D2D-46E4-8CEC-410EC500E440},
843,021809,13089021809,218.09,ARC 10,5346,3279,61.3,309,9.4,{DC1DDE15-5F22-41C0-85A8-15CD77CDDF5B},
844,021808,13089021808,218.08,ARC 10,3871,2583,66.7,221,8.6,{82D408C6-882A-4691-B621-81BFD41F53B1},
845,021806,13089021806,218.06,ARC 10,4565,3080,67.5,495,16.1,{3C428B2E-717D-444B-9F54-B5ED99871050},
846,021805,13089021805,218.05,ARC 10,4696,3390,72.2,342,10.1,{7F8AF895-44D5-4345-B72F-99DA4DB5B888},
847,021704,13089021704,217.04,ARC 10,4376,2930,67,85,2.9,{AE56B401-C36F-43D3-A0B5-5E0CDA00447C},
848,021703,13089021703,217.03,ARC 10,3958,2477,62.6,248,10,{88CE349B-1F56-4F1C-9115-30720BCB220B},
849,021705,13089021705,217.05,ARC 10,4003,2824,70.5,155,5.5,{29D30373-0267-40DB-8CFC-0A252C9F2DB2},
850,021908,13089021908,219.08,ARC 10,4226,2668,63.1,522,19.6,{66C8CC53-F51C-4220-B7D8-44955F9B29ED},
851,023309,13089023309,233.09,ARC 10,7034,5241,74.5,572,10.9,{FF24653D-3F8A-4677-B5C8-52067E2820A2},
852,023211,13089023211,232.11,ARC 10,2436,1712,70.3,263,15.4,{ACABB25E-EDEA-4496-A193-D9E03C82905F},
853,023212,13089023212,232.12,ARC 10,2935,2213,75.4,373,16.9,{52C05294-034B-41F2-8BC1-92917C838D7C},
854,023306,13089023306,233.06,ARC 10,5470,3880,70.9,546,14.1,{8AFAEBE5-74BE-4629-9FCC-503CB89CBAEF},
855,023303,13089023303,233.03,ARC 10,4751,3036,63.9,315,10.4,{725C679D-E942-45A1-99FC-E3597B050E3F},
856,021706,13089021706,217.06,ARC 10,4561,3299,72.3,118,3.6,{F0BE3380-5837-4673-852A-81896F830C9A},
857,021211,13089021211,212.11,ARC 10,3808,2294,60.2,114,5,{B8ADB3F1-2630-4F75-BF12-226A8AEBD1E2},
858,021210,13089021210,212.10,ARC 10,4186,2674,63.9,178,6.7,{9AD3E2C0-40E3-4E69-ABD9-A1DE18072885},
859,021213,13089021213,212.13,ARC 10,2447,1469,60,66,4.5,{A7F9D7A0-A9A5-4881-BE02-B5925EE84FAE},
860,021303,13089021303,213.03,ARC 10,4651,3307,71.1,377,11.4,{66303169-C5EA-468F-83B1-853C3F9D7DEC},
861,021301,13089021301,213.01,ARC 10,3351,2576,76.9,134,5.2,{5069D0D2-E323-4051-B166-B4A25BC096B4},
862,021209,13089021209,212.09,ARC 10,5101,3275,64.2,122,3.7,{03CDD1BC-51F2-413D-BE66-F4451726C3DA},
863,021405,13089021405,214.05,ARC 10,3440,2951,85.8,108,3.7,{F9FA37D6-EE18-4FC7-9BED-0800FDB8F4A2},
864,021208,13089021208,212.08,ARC 10,3354,2562,76.4,260,10.1,{3D13642D-1831-41AC-83A2-1B78190F12EB},
865,021204,13089021204,212.04,ARC 10,2953,2360,79.9,181,7.7,{73DE9425-45C9-4CDA-AEF1-F576B2DCCBC4},
866,021202,13089021202,212.02,ARC 10,5843,3914,67,281,7.2,{74F13A1B-57C3-4E1A-9384-41467F91160D},
867,023210,13089023210,232.10,ARC 10,5260,3819,72.6,828,21.7,{7961711A-A4A5-4686-8A09-C143865492BA},
868,023209,13089023209,232.09,ARC 10,4350,2883,66.3,490,17,{AF63DDEC-693C-4013-AB39-12BECBF9CC93},
869,023603,13089023603,236.03,ARC 10,2757,1475,53.5,364,24.7,{1F668C8F-DE53-4A49-A2AB-FF7A6738B2A2},
870,021603,13089021603,216.03,ARC 10,4092,3277,80.1,175,5.3,{914C57B1-7DF2-4FEB-AC55-EFFE6D0F9DA3},
871,090905,13057090905,909.05,ARC 10,2857,2144,75,92,4.3,{EEB000FD-D422-4A6C-8584-22E444814828},
872,090904,13057090904,909.04,ARC 10,6649,4798,72.2,365,7.6,{411C204A-579D-4235-AB93-5A2F989EF86A},
873,091007,13057091007,910.07,ARC 10,4899,3268,66.7,285,8.7,{F7D40294-4CDC-449D-8CD1-E5555970F320},
874,090803,13057090803,908.03,ARC 10,7637,4963,65,250,5,{1D5FC832-90DD-458B-81F1-64A924D0ACAB},
875,090804,13057090804,908.04,ARC 10,7227,5309,73.5,372,7,{2AD53120-9675-451B-A766-9E301C75DCD4},
876,091008,13057091008,910.08,ARC 10,6291,4490,71.4,142,3.2,{C19736E5-A73E-4287-81EF-D79230C6A631},
877,090802,13057090802,908.02,ARC 10,5297,3433,64.8,176,5.1,{A0C039CD-50A4-4CD0-8415-BF80DE6DB42F},
878,090501,13057090501,905.01,ARC 10,5024,3318,66,253,7.6,{02BA751D-055F-41DF-9EEC-ADE75C27050B},
879,090902,13057090902,909.02,ARC 10,10574,8017,75.8,376,4.7,{4E941C65-E054-4DA0-AD79-9F1337883F74},
880,091001,13057091001,910.01,ARC 10,3265,2166,66.3,130,6,{1105B1FD-4302-46B6-937C-93746635943A},
881,091003,13057091003,910.03,ARC 10,6221,4305,69.2,477,11.1,{1F4B5B5B-311D-4878-B134-1FD93A677A21},
882,091102,13057091102,911.02,ARC 10,6914,5184,75,476,9.2,{9B973CA6-C24D-4DD1-B9EC-E2BA5C2DE987},
883,091101,13057091101,911.01,ARC 10,4709,3517,74.7,159,4.5,{56682360-389F-42E3-9BB2-4E1A4F038E5B},
884,091103,13057091103,911.03,ARC 10,7057,4925,69.8,398,8.1,{31E2B250-408E-4ED1-926D-326A33AAC5A6},
885,090701,13057090701,907.01,ARC 10,14293,10119,70.8,311,3.1,{9E47CEAD-5865-4132-982C-1658C4EDD7BC},
886,110601,13297110601,1106.01,ARC 20,3629,2175,59.9,95,4.4,{32CBEB74-16A5-4320-9D0C-9CC1C0A1D150},
887,110507,13297110507,1105.07,ARC 20,5965,3728,62.5,290,7.8,{BF79C028-83F1-45A0-8B8B-E20AC0D284EC},
888,110506,13297110506,1105.06,ARC 20,4036,2768,68.6,201,7.3,{D5C6F9EB-6138-47FD-A4BC-DD0A79BAB04C},
889,110603,13297110603,1106.03,ARC 20,3560,2217,62.3,217,9.8,{DDE11705-12D0-4087-9E12-12487C1085BC},
890,110602,13297110602,1106.02,ARC 20,4050,2348,58,57,2.4,{EB876474-9A57-48E0-8821-407D1838670B},
891,110504,13297110504,1105.04,ARC 20,3548,2116,59.6,145,6.9,{17CC80FB-FEEC-4CFC-B13E-F3AF43B8D57A},
892,110508,13297110508,1105.08,ARC 20,3971,2342,59,136,5.8,{0187DF18-C5FF-43A6-B709-78D770593D3C},
893,110503,13297110503,1105.03,ARC 20,2599,1618,62.3,183,11.3,{6BA351C2-61F7-4CDF-B93E-CB134C6CA9ED},
894,110505,13297110505,1105.05,ARC 20,3143,2083,66.3,155,7.4,{A58DA887-A378-481C-BD18-27DD307B857F},
895,110800,13297110800,1108,ARC 20,5191,3304,63.6,309,9.4,{E4C9772B-5022-43AA-92EA-63AD13918767},
896,110700,13297110700,1107,ARC 20,6007,3265,54.4,381,11.7,{208182AA-8F90-49CF-B275-C154040B4CC0},
897,110400,13297110400,1104,ARC 20,4938,3004,60.8,279,9.3,{F4958688-0E10-4607-9708-74F9AF208A3B},
898,110300,13297110300,1103,ARC 20,5230,3061,58.5,371,12.1,{AB523EC9-CF2C-4215-8216-EC4A402D7D38},
899,110200,13297110200,1102,ARC 20,3435,2069,60.2,174,8.4,{499B97BB-E892-49B6-BA0C-84DA0560D818},
900,110100,13297110100,1101,ARC 20,6916,4670,67.5,228,4.9,{5BBDE8DF-4ED5-4E85-8284-028C7CF42394},
901,091005,13057091005,910.05,ARC 10,6311,4165,66,210,5,{33BC5EE2-1B51-4E42-9AF5-D0F7DBEFEA39},
902,091006,13057091006,910.06,ARC 10,3755,2738,72.9,152,5.6,{8E89688C-E58F-45B0-B58D-F5AEE41D3606},
903,090400,13057090400,904,ARC 10,7430,4735,63.7,285,6,{FE2698D0-6AAC-402F-B731-1B8EE2E5769C},
904,090601,13057090601,906.01,ARC 10,5834,3719,63.7,658,17.7,{2DB7D3FC-D6FF-4E2A-8148-4C3B908CF24B},
905,090901,13057090901,909.01,ARC 10,5840,3967,67.9,213,5.4,{056B06BD-2C75-4304-850E-C28EBA556911},
906,090602,13057090602,906.02,ARC 10,6047,4070,67.3,305,7.5,{467A2283-447C-4F09-9423-D1BB7EBF7316},
907,090200,13057090200,902,ARC 10,6679,3881,58.1,216,5.6,{68604FE6-C77F-4365-8F3D-3DBCA9C93852},
908,090702,13057090702,907.02,ARC 10,5964,4255,71.3,329,7.7,{089B2837-7BCF-4B28-94DF-A1619315322E},
909,090502,13057090502,905.02,ARC 10,9678,5974,61.7,392,6.6,{3CA23688-A4ED-41FC-9394-8CBF142A7D2D},
910,090100,13057090100,901,ARC 10,7136,4540,63.6,227,5,{29896E86-69CF-40CE-BE03-71AA4CCB252F},
911,090300,13057090300,903,ARC 10,9002,5550,61.7,190,3.4,{B81EEBA1-45C2-48F7-AA5D-D611D1A8D561},
912,180206,13013180206,1802.06,ARC 20,2228,1319,59.2,105,8,{5D0E9918-30C4-478E-B265-2C4DEBEB82EA},
913,180205,13013180205,1802.05,ARC 20,3205,1789,55.8,295,16.5,{8A59CD6B-B94D-454A-BCA2-F49AEDCF4997},
914,180402,13013180402,1804.02,ARC 20,4805,3418,71.1,317,9.3,{6A776594-3CAF-40E1-B6BA-E77D4978903D},
915,180303,13013180303,1803.03,ARC 20,3160,1841,58.3,142,7.7,{07526DCD-FE8B-4BF3-9DDD-FBE35CB11773},
916,180106,13013180106,1801.06,ARC 20,2213,1706,77.1,122,7.2,{6BF83DA2-1195-43BA-B340-AAB0E63B2E33},
917,180103,13013180103,1801.03,ARC 20,3495,2432,69.6,206,8.5,{9BE7CD46-B0E7-474F-9076-8FFE759A07AB},
918,180401,13013180401,1804.01,ARC 20,4012,2873,71.6,342,11.9,{D207F16C-729F-4B2B-81E3-5550281CFACD},
919,180203,13013180203,1802.03,ARC 20,2539,1730,68.1,209,12.1,{EB8DFE87-F848-49ED-830B-B955037D6CB4},
920,180503,13013180503,1805.03,ARC 20,3960,2579,65.1,117,4.5,{517E8312-0B26-40DA-8A96-9B1703EAA510},
921,180502,13013180502,1805.02,ARC 20,3459,2322,67.1,272,11.7,{BBE814E8-7ECE-45F7-93CB-F8FDC7D8DAB8},
922,180204,13013180204,1802.04,ARC 20,2040,1246,61.1,169,13.6,{30520637-DEAD-486B-9E93-2B86C584DD37},
923,180501,13013180501,1805.01,ARC 20,4255,2778,65.3,428,15.4,{94B82F42-1A7E-4B17-8B63-A787D800C942},
924,180301,13013180301,1803.01,ARC 20,1719,1154,67.1,69,6,{A429082A-64EB-416B-88A5-BC286855DDAC},
925,180302,13013180302,1803.02,ARC 20,4238,2607,61.5,136,5.2,{ADB9D294-2603-4663-B923-BC9D198F4D1E},
926,180105,13013180105,1801.05,ARC 20,2064,1266,61.3,118,9.3,{9B1DBDAC-F109-4C6E-822C-7F9DFC9D414D},
927,180104,13013180104,1801.04,ARC 20,1376,991,72,87,8.8,{254435D5-85D1-47FF-ADCA-C047C25E4851},
928,180107,13013180107,1801.07,ARC 20,3174,1926,60.7,261,13.6,{4BBC70D2-F2EF-4FFE-BA15-58A1FD3D12D5},
929,180108,13013180108,1801.08,ARC 20,2521,1770,70.2,215,12.1,{53F42766-4C97-4AEB-851B-E76A9A581A3A},
930,120104,13223120104,1201.04,ARC 20,1883,1281,68,45,3.5,{54B501B1-C081-4C5D-A0E2-8E2569D041B0},
931,120604,13223120604,1206.04,ARC 20,4168,2888,69.3,281,9.7,{23FA2FC8-8006-4B80-8310-FD9937154C38},
932,120601,13223120601,1206.01,ARC 20,3412,2545,74.6,178,7,{2F06D440-AEE6-4809-8984-38992E540029},
933,120603,13223120603,1206.03,ARC 20,5124,3382,66,338,10,{592F5B06-49A6-42FF-94CA-8AB777308A7D},
934,120501,13223120501,1205.01,ARC 20,4858,3551,73.1,339,9.5,{6FC1B402-9C8A-4DB8-B941-F303B500C0D0},
935,120203,13223120203,1202.03,ARC 20,4220,2940,69.7,250,8.5,{559422C8-4C02-4779-A639-64A5463ABF4C},
936,120101,13223120101,1201.01,ARC 20,8242,6177,74.9,515,8.3,{8EBEF279-E569-4DD4-8FE1-667D7FF5575B},
937,120502,13223120502,1205.02,ARC 20,6950,5087,73.2,659,13,{6A7090CA-6923-4071-A4D0-C76B16756CF5},
938,120503,13223120503,1205.03,ARC 20,3991,2798,70.1,222,7.9,{D3458230-CB03-4A29-9569-DAF6A03A4596},
939,120605,13223120605,1206.05,ARC 20,4821,3056,63.4,198,6.5,{3B009BC6-D673-4C25-BEB7-9073C18B2395},
940,120602,13223120602,1206.02,ARC 20,6903,4746,68.8,381,8,{50CAE5FF-B2F8-4063-9F49-35165C4A4A0D},
941,120204,13223120204,1202.04,ARC 20,5254,3305,62.9,182,5.5,{95FF6082-2019-4D5C-8EE7-3AFC179CA66B},
942,120301,13223120301,1203.01,ARC 20,3951,2679,67.8,343,12.8,{FBEBBCAE-F526-4287-97CD-0495E443C4FB},
943,120303,13223120303,1203.03,ARC 20,1346,768,57.1,51,6.6,{5F62A510-7588-4562-94C3-2AD75B47F3A6},
944,120102,13223120102,1201.02,ARC 20,8808,6249,70.9,426,6.8,{F4827001-A1E5-4045-B184-B3916730E5F6},
945,120103,13223120103,1201.03,ARC 20,6661,4751,71.3,383,8.1,{421DCEE6-5BDB-4CCD-8A14-B069ED05920D},
946,120302,13223120302,1203.02,ARC 20,10225,7424,72.6,938,12.6,{FA752340-0726-42D9-A735-5B581AB9EEA9},
947,120202,13223120202,1202.02,ARC 20,6127,3974,64.9,157,4,{91645667-3417-4FE1-83C1-516BDAF1B328},
948,120400,13223120400,1204,ARC 20,13520,9071,67.1,785,8.7,{57FB12A7-C835-449F-AE78-D06392FC8507},
