OBJECTID,TRACTCE10,GEOID10,NAME10,PLNG_REGIO,Total_housing_units,Occupied_housing_units,No_vehicles_available,Percent__No_vehicles_available,GlobalID,last_edited_date
1,910103,13045910103,9101.03,ARC 20,1904,1800,77,4.3,{74E40FC2-FB43-4A53-A28A-7B35A2CCA5FD},
2,910104,13045910104,9101.04,ARC 20,3679,3506,159,4.5,{FF873F0C-D691-4B9A-91AA-B4A7D2905CCB},
3,910502,13045910502,9105.02,ARC 20,1290,1056,169,16,{7D693468-C2C1-4304-A958-452DF37297F1},
4,910800,13045910800,9108,ARC 20,1655,1448,27,1.9,{9C1CC1B6-B261-4DFB-800F-72089C5B1974},
5,910101,13045910101,9101.01,ARC 20,2528,2240,160,7.1,{1464256B-026B-4CBF-B62B-9FE7ABDEECA1},
6,910200,13045910200,9102,ARC 20,4586,4247,189,4.5,{61D6E123-70A7-41F8-9C7E-5A2DEC2658C9},
7,910900,13045910900,9109,ARC 20,1437,1352,73,5.4,{FB776B7A-8AB7-4026-A0F0-5D1FADB66C42},
8,910300,13045910300,9103,ARC 20,2411,2111,124,5.9,{86204ED3-9834-423C-8A64-AA1BC134186E},
9,911100,13045911100,9111,ARC 20,3556,3243,403,12.4,{9C35D0F7-4A36-42EA-8D2B-7EB57761191E},
10,911000,13045911000,9110,ARC 20,2678,2306,300,13,{EB58A0CA-4547-49EC-A8DD-0355C7969602},
11,910701,13045910701,9107.01,ARC 20,3335,2982,76,2.5,{C5FC338E-46B1-4769-AAF5-F731DD58D680},
12,910703,13045910703,9107.03,ARC 20,3334,2978,169,5.7,{A75A89C0-6D48-4FA1-A775-55AD93F0AB4D},
13,910600,13045910600,9106,ARC 20,2309,2229,172,7.7,{590C317F-E389-4379-993E-554E466947D8},
14,910501,13045910501,9105.01,ARC 20,2789,2383,85,3.6,{44DAD43E-B75D-4660-800B-EA9AFE6A6FC7},
15,910702,13045910702,9107.02,ARC 20,3219,2609,16,0.6,{04BDA03B-EAA6-4B32-A85F-6F58B0C3875A},
16,911200,13045911200,9112,ARC 20,2529,2273,139,6.1,{29319C52-57EA-4D1F-80A7-654E4BAD1DCB},
17,910400,13045910400,9104,ARC 20,1418,1311,110,8.4,{A1EBCEF5-5629-45D4-91C6-FE659D411D6A},
18,140207,13113140207,1402.07,ARC 10,2262,2195,74,3.4,{4EAE4DC0-AD3B-4B54-98BF-F10FA12F7340},
19,140208,13113140208,1402.08,ARC 10,3047,2751,27,1,{29C8E9B1-0698-489A-A0CB-A56B3E2C41C4},
20,140303,13113140303,1403.03,ARC 10,1746,1642,37,2.3,{C02EB793-6BFE-4DE1-AC60-392CB01CFFDA},
21,140304,13113140304,1403.04,ARC 10,2245,2073,16,0.8,{720591AF-4282-4C53-9629-C8DC1522485A},
22,140307,13113140307,1403.07,ARC 10,1504,1438,0,0,{C2C14EE5-EE1E-4885-B9FD-D65A3282EEF1},
23,140408,13113140408,1404.08,ARC 10,1190,1106,49,4.4,{3D05A39A-A2C4-4ABE-B901-516340922EF7},
24,140407,13113140407,1404.07,ARC 10,3201,2968,122,4.1,{FB4CB008-AA2A-4DC3-B954-7AAB777FDB3D},
25,140405,13113140405,1404.05,ARC 10,1297,1250,10,0.8,{9DB28DA9-A556-4F73-9B18-269778D2A895},
26,140404,13113140404,1404.04,ARC 10,2195,2079,60,2.9,{395C50C2-2D7B-41FE-BAAE-F065FF6A0BC1},
27,140206,13113140206,1402.06,ARC 10,1605,1589,91,5.7,{2616EDD5-D182-4739-822F-26C47C77DA0E},
28,140203,13113140203,1402.03,ARC 10,2042,1989,9,0.5,{B5336E0C-C134-4B6B-AA7E-32322D4E9C91},
29,140204,13113140204,1402.04,ARC 10,1892,1780,43,2.4,{A31B282E-5A37-4A11-85B1-076955AF9E9C},
30,140305,13113140305,1403.05,ARC 10,1588,1568,87,5.5,{905F0D8D-A9C9-481B-8FC9-E88DE4D3BA56},
31,140403,13113140403,1404.03,ARC 10,2179,1962,27,1.4,{6DEA8A8A-8D61-45F6-B065-EFF01004643E},
32,140406,13113140406,1404.06,ARC 10,1588,1445,51,3.5,{189820F5-D088-4922-83EE-DF2BF7E75D6C},
33,140306,13113140306,1403.06,ARC 10,3039,2759,120,4.3,{89A3C886-E869-417C-A11E-C10799D03124},
34,140102,13113140102,1401.02,ARC 10,2243,1968,44,2.2,{C77A2C16-1CA6-44AC-8558-AD25771D5DF6},
35,140101,13113140101,1401.01,ARC 10,2851,2570,9,0.4,{AB948FCE-70DC-4C50-A3E8-5182A973BA73},
36,140502,13113140502,1405.02,ARC 10,1227,1223,43,3.5,{1A7C599C-A5A3-4C54-852C-DE66C2EA9CB9},
37,140501,13113140501,1405.01,ARC 10,2191,2180,0,0,{1FA8E172-989C-45C7-B88D-9013AFAA350F},
38,060404,13247060404,604.04,ARC 10,2178,2077,58,2.8,{8EB8999E-026B-4616-854E-53AAD22A9E8E},
39,060304,13247060304,603.04,ARC 10,2525,2160,177,8.2,{29E4AF96-F628-4678-AD9E-61E620E5E648},
40,060101,13247060101,601.01,ARC 10,1328,1155,9,0.8,{C7A05B77-F232-4660-9759-D8AF42081DB6},
41,060202,13247060202,602.02,ARC 10,3796,3421,47,1.4,{D6CC4602-3687-47E5-B768-1768DB1A79B5},
42,060201,13247060201,602.01,ARC 10,1462,1298,137,10.6,{E2BD8EF4-7148-4CAD-8DFB-DA5F6D21B7A7},
43,060306,13247060306,603.06,ARC 10,1131,1003,12,1.2,{DA5DC06F-6EFD-41AE-93D3-79AE728B60B5},
44,060407,13247060407,604.07,ARC 10,1319,1173,64,5.5,{AED60C39-6C7E-4176-AB8C-61DDF235F77F},
45,060403,13247060403,604.03,ARC 10,1338,1273,0,0,{903F3962-CFE3-4725-ADD3-8B0C2E00DCFD},
46,060406,13247060406,604.06,ARC 10,2051,1861,41,2.2,{6C496150-8B45-4AE7-8B4F-1FE8593CCB75},
47,060305,13247060305,603.05,ARC 10,2214,1959,134,6.8,{0FB095DE-7867-4A40-ADEE-09D8C7EC5552},
48,060309,13247060309,603.09,ARC 10,2188,1761,157,8.9,{A14D772D-581F-4DAF-A0B8-0B6DA957377D},
49,060308,13247060308,603.08,ARC 10,2982,2559,174,6.8,{AE9CA717-041A-42EB-B39A-4277E189AC22},
50,060405,13247060405,604.05,ARC 10,2586,2466,29,1.2,{C2A97765-1211-4523-A898-E45F4B0C45F9},
51,060307,13247060307,603.07,ARC 10,4056,3514,160,4.6,{A4EF640D-C273-44CE-A88E-4A528816C23C},
52,060102,13247060102,601.02,ARC 10,2165,1943,77,4,{3C68B25E-F15C-493E-9EB2-16B7CAD19BE1},
53,030330,13067030330,303.30,ARC 10,2060,2033,14,0.7,{72340877-9F46-4E35-A78F-EFA610306DBE},
54,030328,13067030328,303.28,ARC 10,2389,2284,8,0.4,{84C80B19-785A-4146-81AF-64BE7C4C8E65},
55,030700,13067030700,307,ARC 10,1931,1637,345,21.1,{98A2E7F4-03CC-4BC7-8446-FC0783E1E0A4},
56,030324,13067030324,303.24,ARC 10,1273,1226,0,0,{C0E42708-C88D-42E2-9536-8363858F9079},
57,030312,13067030312,303.12,ARC 10,2499,2457,43,1.8,{DF6BE234-72F3-47D0-B77C-C53C8669988E},
58,030228,13067030228,302.28,ARC 10,3089,2878,94,3.3,{55AAB106-3355-44D7-9DA1-611D6202FAA3},
59,030231,13067030231,302.31,ARC 10,3000,2756,28,1,{CEBD3FC2-8E66-4070-A624-5A24FF605A21},
60,030230,13067030230,302.30,ARC 10,5999,5466,433,7.9,{C03EBC94-AFF4-4007-8AE5-F7DAA291221B},
61,030311,13067030311,303.11,ARC 10,2284,2221,0,0,{A9BC3C42-7956-4480-9D46-CBE8F854D7FB},
62,031001,13067031001,310.01,ARC 10,2171,1825,375,20.5,{FB2EA8E3-4FFB-40A3-B686-0B4EC5583BC2},
63,030310,13067030310,303.10,ARC 10,3031,2805,0,0,{61887181-B3B1-4974-94DD-622D0DD49517},
64,030215,13067030215,302.15,ARC 10,3133,3013,11,0.4,{A78EC063-D5EC-4009-A948-124BB4517D46},
65,030601,13067030601,306.01,ARC 10,4557,4324,0,0,{A8F9C4FD-CD9F-4D05-8A7F-41E50B625F9E},
66,030227,13067030227,302.27,ARC 10,3196,2885,24,0.8,{D80B5DED-775F-4347-ACF0-84320D13E2B1},
67,030602,13067030602,306.02,ARC 10,3161,2966,221,7.5,{52233C79-F701-4206-A6E1-026FA9B205C8},
68,030506,13067030506,305.06,ARC 10,1956,1834,18,1,{35B10EF8-78F4-4C1C-A31D-80A0FB03479B},
69,030507,13067030507,305.07,ARC 10,1972,1864,35,1.9,{394BBA13-AFD6-4751-9DE7-390C542203A9},
70,030229,13067030229,302.29,ARC 10,1288,1163,15,1.3,{A6101110-5C06-4865-86A7-A1CF9447361F},
71,031208,13067031208,312.08,ARC 10,3362,3158,228,7.2,{0BE0AE9B-CAB9-482C-9580-31BF084DEC01},
72,031207,13067031207,312.07,ARC 10,2493,2216,0,0,{63821557-36B5-434D-9A4C-2474B1925478},
73,030226,13067030226,302.26,ARC 10,3749,3303,59,1.8,{78370CBC-04D3-488A-A0B3-8BB6215EA190},
74,031505,13067031505,315.05,ARC 10,2237,2113,89,4.2,{6E50793A-6E24-450F-B131-F1A6E500CF06},
75,030313,13067030313,303.13,ARC 10,3070,2964,25,0.8,{BEDD7580-D73D-4E8C-A7BC-20E588C6FA14},
76,031310,13067031310,313.10,ARC 10,2921,2561,287,11.2,{DE315203-9579-4F0B-9678-3422F20F20D2},
77,030214,13067030214,302.14,ARC 10,3033,2888,72,2.5,{4459B208-754B-4834-82F5-822B30DD232A},
78,031212,13067031212,312.12,ARC 10,1050,1010,5,0.5,{C6A36827-CC5B-421A-AA9F-C6758714B5EA},
79,031211,13067031211,312.11,ARC 10,2920,2327,130,5.6,{B38C750D-FCF9-45F0-89D6-B5C2D06B7330},
80,031209,13067031209,312.09,ARC 10,1847,1753,10,0.6,{91CCCAB2-503E-4A90-A3E6-58802B8A9817},
81,030224,13067030224,302.24,ARC 10,2529,2434,96,3.9,{8ADB1162-1C74-4676-A9A6-D77457FB8B33},
82,031205,13067031205,312.05,ARC 10,3133,2910,32,1.1,{AD851A1D-8B60-4BC8-BB20-075ED700018E},
83,031206,13067031206,312.06,ARC 10,5128,4764,140,2.9,{9B0CF4CC-6272-415B-A078-02E1D58EF146},
84,030220,13067030220,302.20,ARC 10,616,616,4,0.6,{47B9EFB2-655F-4135-9BB3-C54DEC6FB0F5},
85,030905,13067030905,309.05,ARC 10,2074,1885,40,2.1,{F5773E82-7615-4D9D-AD5D-567F0EB8CADD},
86,030502,13067030502,305.02,ARC 10,2818,2557,40,1.6,{59E8DCF8-95F7-410B-9C4A-E7723A63DF3C},
87,030209,13067030209,302.09,ARC 10,2579,2506,8,0.3,{3078074E-FBB3-4AC6-88E6-9536CFB3AEC2},
88,030326,13067030326,303.26,ARC 10,1479,1429,18,1.3,{EDB4B913-8F42-4B04-856E-8171252E8BEA},
89,031108,13067031108,311.08,ARC 10,3019,2663,86,3.2,{34317A0B-2E52-4E20-8550-F7CDABD8080F},
90,130105,13117130105,1301.05,ARC 20,882,750,54,7.2,{A36941E4-C93C-49B5-8917-CB0940DC88E4},
91,130205,13117130205,1302.05,ARC 20,958,781,39,5,{5A1722C0-FBAC-49E5-BCC2-28062CA81B4B},
92,130603,13117130603,1306.03,ARC 20,1666,1599,22,1.4,{90CE74ED-575A-4455-B9FC-70A448418902},
93,130610,13117130610,1306.10,ARC 20,1520,1418,9,0.6,{D8154584-6EDE-45C7-836C-8BB58935CAFA},
94,130606,13117130606,1306.06,ARC 20,1664,1587,119,7.5,{85621CA9-97C9-4B35-A990-6753F2852557},
95,130604,13117130604,1306.04,ARC 20,1548,1512,0,0,{2724EEFC-CB5B-4BBF-97D2-2F18CDBBCFB1},
96,130611,13117130611,1306.11,ARC 20,1300,1161,17,1.5,{3B22D023-0966-4562-98C1-938D06F56C6C},
97,130609,13117130609,1306.09,ARC 20,1577,1524,0,0,{BCEB9645-B83C-4918-A826-B2F2374E53C2},
98,130607,13117130607,1306.07,ARC 20,1813,1712,8,0.5,{C05366F3-C1D0-4564-B5B0-A0ED4036049F},
99,130605,13117130605,1306.05,ARC 20,1520,1393,43,3.1,{AB4A874A-4DE3-4F97-BAE2-B9007814469E},
100,130602,13117130602,1306.02,ARC 20,1775,1657,23,1.4,{DB699152-473E-4B66-BA13-F863A1030898},
101,130508,13117130508,1305.08,ARC 20,1870,1799,95,5.3,{BFF7B110-1076-45BD-BDA8-902E2FE625E7},
102,130507,13117130507,1305.07,ARC 20,1254,940,0,0,{C29C6081-A542-46F5-BA3F-FCA9C3205464},
103,130409,13117130409,1304.09,ARC 20,1117,923,36,3.9,{D5AB65E9-6C60-468E-A491-A7F976F4F66C},
104,030218,13067030218,302.18,ARC 10,1699,1655,23,1.4,{595F546E-AACC-4ADC-B996-EAA29264FD33},
105,030219,13067030219,302.19,ARC 10,3186,3043,14,0.5,{DB969C1B-BE3B-4756-A5DF-B042F18C5C56},
106,030235,13067030235,302.35,ARC 10,1733,1676,8,0.5,{10F60588-38A4-4F71-863E-1CDA4EBC41AE},
107,030234,13067030234,302.34,ARC 10,2026,2026,26,1.3,{AEED7717-7072-4A2E-AC36-596945B6A094},
108,030233,13067030233,302.33,ARC 10,1583,1561,77,4.9,{ED58A09D-135B-455A-8AFD-87480F1FEF63},
109,030337,13067030337,303.37,ARC 10,1734,1674,117,7,{F07C9357-A73D-491E-84AB-6B23CC0EBABD},
110,030334,13067030334,303.34,ARC 10,1307,1240,12,1,{1B573F0F-CE3D-4F70-AD72-0924353F3116},
111,031111,13067031111,311.11,ARC 10,1924,1781,16,0.9,{17981FE0-2D4C-4169-8EA5-9904791040D5},
112,031110,13067031110,311.10,ARC 10,1515,1425,76,5.3,{5FB22648-3095-4E5E-872E-DDF52D508726},
113,030405,13067030405,304.05,ARC 10,2922,2828,61,2.2,{1F211498-B8F9-46EC-B4A7-C5A8D0DD2BE6},
114,031101,13067031101,311.01,ARC 10,2134,1782,206,11.6,{0AD0F253-3958-4E2C-B1E9-FFF613A249A4},
115,130305,13117130305,1303.05,ARC 20,1755,1647,9,0.5,{FDA8F4C8-62CC-4FE7-BE7D-C5441D8B497C},
116,130301,13117130301,1303.01,ARC 20,1769,1630,124,7.6,{3C9D2F33-7CC7-4D89-BB53-57047D1D4171},
117,130405,13117130405,1304.05,ARC 20,1442,1155,7,0.6,{0329A18D-8455-4177-9DC9-ED51E4DD4C78},
118,130504,13117130504,1305.04,ARC 20,1702,1383,29,2.1,{73732909-D35A-4071-A4FA-683D00547FDA},
119,130505,13117130505,1305.05,ARC 20,1252,1048,16,1.5,{1CBF5503-9C25-4566-A41B-F812B34B1953},
120,130503,13117130503,1305.03,ARC 20,1188,980,7,0.7,{4E04DD59-9785-4ED7-87E3-96D859A04F5E},
121,130102,13117130102,1301.02,ARC 20,924,853,34,4,{97F10863-C66A-4853-A400-8105194179D1},
122,130103,13117130103,1301.03,ARC 20,1494,1205,20,1.7,{1B95DC01-E6D2-4CC0-9441-136F93A5CAC5},
123,130303,13117130303,1303.03,ARC 20,1360,1266,45,3.6,{815397C6-03E4-477B-AFE6-8BECD2D595D7},
124,130201,13117130201,1302.01,ARC 20,1692,1564,0,0,{26D0D000-B897-4D73-A0AB-03C0FB8271E4},
125,030232,13067030232,302.32,ARC 10,2077,1962,12,0.6,{3709E256-DCCB-45F3-A567-8453CF2BACE3},
126,030222,13067030222,302.22,ARC 10,2016,1940,30,1.5,{576980CC-3977-447A-89FA-CB64AC832D1F},
127,031118,13067031118,311.18,ARC 10,2408,2305,14,0.6,{6270E806-4598-4DDB-B53E-C49DC15735F0},
128,031117,13067031117,311.17,ARC 10,2269,2021,35,1.7,{7D931E3E-98B9-41A5-8F52-F873CCBE80E0},
129,031507,13067031507,315.07,ARC 10,1154,1100,14,1.3,{401CE644-0DE8-41D0-8474-439E5CCCA84A},
130,031004,13067031004,310.04,ARC 10,2970,2436,227,9.3,{D65408C5-8C11-4689-A864-FE590487B30E},
131,030103,13067030103,301.03,ARC 10,3608,3186,172,5.4,{25EA08FA-7DDB-433C-8F51-E8687B0C69B3},
132,031404,13067031404,314.04,ARC 10,2308,2119,18,0.8,{962AE6FD-5D79-4A42-9E8B-3B636C23D303},
133,031306,13067031306,313.06,ARC 10,1499,1455,100,6.9,{1810FCB8-94A6-4CC5-9E03-C9062621A931},
134,030101,13067030101,301.01,ARC 10,2744,2672,20,0.7,{C195DBE4-E735-4B48-A2C5-19E57B9973D8},
135,030104,13067030104,301.04,ARC 10,1715,1511,91,6,{0692DBB9-42F1-44B2-902C-14F00D906D16},
136,130613,13117130613,1306.13,ARC 20,1076,1060,81,7.6,{998E8100-425F-423F-AA77-EEFBE9BA1401},
137,130408,13117130408,1304.08,ARC 20,1271,1204,62,5.1,{5569BC4F-44E7-45A4-BDD3-338C22FADB6B},
138,130612,13117130612,1306.12,ARC 20,1979,1921,16,0.8,{E41036C2-D79F-470D-893B-8A51212ACFD7},
139,130608,13117130608,1306.08,ARC 20,1647,1477,8,0.5,{E86AE02B-79B1-4D2C-8270-578BD862FEB5},
140,130307,13117130307,1303.07,ARC 20,1345,1258,28,2.2,{2197FA51-C601-4EBB-B3A8-89CF6F63EC59},
141,130302,13117130302,1303.02,ARC 20,1926,1736,0,0,{F420279F-07CE-4A2D-9B81-D2FDD5E27EA6},
142,130304,13117130304,1303.04,ARC 20,1367,1313,14,1.1,{E900C380-609E-4239-963D-40338C3D5B5A},
143,130404,13117130404,1304.04,ARC 20,1356,1297,0,0,{00ECF601-4FD4-4B4E-A043-7B864C91D6A6},
144,130306,13117130306,1303.06,ARC 20,1681,1589,49,3.1,{90D40BCC-35E5-4054-9E87-F3CE4F50CB71},
145,130601,13117130601,1306.01,ARC 20,1675,1534,48,3.1,{0C5FDC69-1CD5-4A8F-B5C2-C0A43D9236C9},
146,130510,13117130510,1305.10,ARC 20,2116,1948,91,4.7,{E1EBCB26-0B7D-4892-8074-93CC67C466C4},
147,130406,13117130406,1304.06,ARC 20,2093,1818,19,1,{ACBEC1F9-DA3D-4D2A-AEA0-CB46D6306A0D},
148,130410,13117130410,1304.10,ARC 20,1697,1577,134,8.5,{E52110B3-A3A4-412E-9AF2-6F619FDF6854},
149,130203,13117130203,1302.03,ARC 20,1680,1524,8,0.5,{17D977F8-6C09-49CB-B9E4-503CFC9D0221},
150,130204,13117130204,1302.04,ARC 20,1751,1407,37,2.6,{44B75656-A94D-45CE-B9C5-656BB8EC4E8F},
151,130202,13117130202,1302.02,ARC 20,1354,1182,0,0,{37018420-5915-45A2-89D8-B2D713167D81},
152,130509,13117130509,1305.09,ARC 20,1340,1160,21,1.8,{51E2F71A-D2A1-4295-BDC8-9CD08C8DB379},
153,130403,13117130403,1304.03,ARC 20,2094,1803,150,8.3,{91083840-90FF-4F65-81F6-E85E0CAC16C3},
154,031506,13067031506,315.06,ARC 10,1878,1745,47,2.7,{63CC0B09-7988-418B-83ED-85B5989E3824},
155,031508,13067031508,315.08,ARC 10,1801,1727,1,0.1,{BFA7B99C-C2CF-40AC-8042-E49D19737705},
156,031116,13067031116,311.16,ARC 10,1643,1419,148,10.4,{B6D497D9-0ED4-4E53-8A87-BA704BFBC817},
157,031115,13067031115,311.15,ARC 10,1857,1641,145,8.8,{AE994B2A-0834-4A58-A1D3-DDA62E9FE029},
158,030223,13067030223,302.23,ARC 10,2502,2278,30,1.3,{A685C6F4-9353-4AB4-A380-6768A2F711FC},
159,031312,13067031312,313.12,ARC 10,3832,3523,115,3.3,{6F5C8767-7D29-4B02-BA79-810F2CD4335E},
160,031313,13067031313,313.13,ARC 10,3948,3840,60,1.6,{8E4D00E8-2FAC-48F2-983F-5B8C6DDDA098},
161,031309,13067031309,313.09,ARC 10,2959,2585,118,4.6,{35973B49-CCD9-4B97-BFE5-4C19ED3E8CFB},
162,130101,13117130101,1301.01,ARC 20,1450,1346,7,0.5,{11EF3C2E-E8E6-4025-98AD-D45C1BEE7D77},
163,130104,13117130104,1301.04,ARC 20,1742,1469,0,0,{CEB3AA53-48E5-4BC3-A73C-8A835D7D76AB},
164,130506,13117130506,1305.06,ARC 20,1337,1185,11,0.9,{FA6A6CEF-62AC-48F7-B5FB-77C4025FBB24},
165,031509,13067031509,315.09,ARC 10,3662,3257,77,2.4,{6AE9D4C8-F3DB-49CC-8EF9-A21D23E2AE9B},
166,031113,13067031113,311.13,ARC 10,681,554,89,16.1,{F5AA2D77-4BE6-419C-9DC1-14A5736BEECC},
167,031114,13067031114,311.14,ARC 10,4015,3700,201,5.4,{00C56B89-8F0E-4475-ADAB-996E4469C35B},
168,030345,13067030345,303.45,ARC 10,2501,2134,134,6.3,{2DF6F8FD-8908-4ED1-B3A7-EE70302B1DB9},
169,030344,13067030344,303.44,ARC 10,2278,1932,99,5.1,{992C0035-C520-4E42-8845-965747BA1B5B},
170,030411,13067030411,304.11,ARC 10,1931,1455,226,15.5,{43189746-D0F5-4520-8604-DC23DAF2CC93},
171,030412,13067030412,304.12,ARC 10,2067,1707,153,9,{361D217F-4646-4A33-970A-5983ACB314B4},
172,030414,13067030414,304.14,ARC 10,1550,1224,133,10.9,{6FB83C37-1A53-4F82-9437-56795E33DAE5},
173,030413,13067030413,304.13,ARC 10,2796,2353,210,8.9,{5B5DE192-2A15-4D6D-BD43-148FA6AFBDA7},
174,030239,13067030239,302.39,ARC 10,2723,2645,18,0.7,{687B4A12-EA2E-4A6F-AD82-8EEEDFA77A9A},
175,030238,13067030238,302.38,ARC 10,2184,2134,14,0.7,{2EC4142F-0F92-44D0-BCB7-97D87CDADFB6},
176,030236,13067030236,302.36,ARC 10,1515,1487,17,1.1,{80B1EAE2-C2F1-4535-A55D-889DB44CC43E},
177,030407,13067030407,304.07,ARC 10,2135,1998,40,2,{C226188A-5D71-47FF-8152-9206D0EA76DA},
178,030408,13067030408,304.08,ARC 10,1544,1371,55,4,{0A5302DA-1A0B-4F9B-A122-A2F002ACCA2D},
179,030410,13067030410,304.10,ARC 10,2152,2036,164,8.1,{FA643337-09C7-43D9-9A90-CE0ECE43F6F9},
180,030409,13067030409,304.09,ARC 10,1294,1294,24,1.9,{911EB067-AB3D-44B9-A7D6-ECAF907FEF4E},
181,030343,13067030343,303.43,ARC 10,1627,1609,0,0,{78F492B8-6255-40E2-9B38-E76B4A4EB910},
182,030342,13067030342,303.42,ARC 10,1696,1624,8,0.5,{A20D572E-182D-49B5-ABD0-C31A559170D2},
183,030340,13067030340,303.40,ARC 10,1295,1295,11,0.8,{B7AA898C-6DF2-40A9-91BC-606238F3880F},
184,030341,13067030341,303.41,ARC 10,1578,1518,0,0,{0A42AE99-9655-4D0C-81C2-6E1D86F81941},
185,031409,13067031409,314.09,ARC 10,2166,1874,55,2.9,{3AC75B9E-C995-4FB2-9201-4F4EFA35349D},
186,031408,13067031408,314.08,ARC 10,2188,2083,166,8,{715A222F-0FF8-495E-B7EB-20197E8C50DF},
187,030107,13067030107,301.07,ARC 10,1665,1642,24,1.5,{06D53135-7E8E-451D-A43D-B35888A33144},
188,030106,13067030106,301.06,ARC 10,3216,2947,101,3.4,{EEB3159B-E7A6-45C0-9AFB-1A7E1A986A58},
189,030505,13067030505,305.05,ARC 10,3113,2982,123,4.1,{A4D2E4A2-ADCC-4246-AE53-1EF82B1AF02B},
190,030800,13067030800,308,ARC 10,1676,1473,300,20.4,{AE46776D-C86D-408D-B6C8-F481683B8A33},
191,030902,13067030902,309.02,ARC 10,2624,2313,448,19.4,{E7F0653E-2FE0-4B41-8FA8-D11E8D33E3B9},
192,031311,13067031311,313.11,ARC 10,4232,3461,280,8.1,{3FB1F502-A5C6-4A56-BEA6-7242C79E4795},
193,031406,13067031406,314.06,ARC 10,3551,3142,334,10.6,{B62B6F97-2542-4C67-9C92-08A696B580B9},
194,031405,13067031405,314.05,ARC 10,3132,2898,109,3.8,{42B35133-4189-4848-8313-C855F1C1A648},
195,030320,13067030320,303.20,ARC 10,3960,3697,48,1.3,{A9D5EA58-741E-4B1C-BBD5-701B962BEB55},
196,030318,13067030318,303.18,ARC 10,2958,2930,123,4.2,{36A5B584-F89C-4A3E-B299-3FA682D6EE76},
197,031005,13067031005,310.05,ARC 10,1815,1658,16,1,{E0944C3E-0904-4F5B-9BD2-47DB2D9E41A2},
198,031002,13067031002,310.02,ARC 10,3612,3183,415,13,{DF684A49-DFF5-4171-821D-CE66A4011D88},
199,030904,13067030904,309.04,ARC 10,2590,2185,260,11.9,{602F61E9-EB47-46A6-B8A7-ADFD4C005B5A},
200,030901,13067030901,309.01,ARC 10,3260,3004,37,1.2,{ED1A6A06-8FDD-42EB-BED5-F69965934844},
201,031503,13067031503,315.03,ARC 10,3273,3075,111,3.6,{C093D579-8B15-483C-A47A-73F855317CD5},
202,031307,13067031307,313.07,ARC 10,2375,2121,66,3.1,{8787784C-F740-4C44-98A9-0C5D394677B2},
203,031308,13067031308,313.08,ARC 10,2037,1823,61,3.3,{58771FCE-7026-4249-86BF-5F47CE9E0010},
204,030319,13067030319,303.19,ARC 10,1687,1624,0,0,{B035AB88-278C-46BC-A0F1-F3EF168B1DB9},
205,030333,13067030333,303.33,ARC 10,2251,2121,44,2.1,{F4AD343C-0E43-4A5E-B035-0313405D14FE},
206,030332,13067030332,303.32,ARC 10,1154,1154,78,6.8,{8075943F-659B-41E9-AD31-CC0814651D4B},
207,030335,13067030335,303.35,ARC 10,1713,1632,0,0,{0C5F7D0D-E29A-485C-81D1-C583C631B2B1},
208,031106,13067031106,311.06,ARC 10,3277,3067,45,1.5,{FBEC69C3-AF08-4A71-97F2-F07B9E511112},
209,030331,13067030331,303.31,ARC 10,2029,1990,45,2.3,{4273488A-D886-463B-AB80-31F8EF05D2C9},
210,030322,13067030322,303.22,ARC 10,1213,1164,0,0,{88652540-8B03-4A20-8B3B-C7AF6A7B013B},
211,031112,13067031112,311.12,ARC 10,2361,2297,11,0.5,{A4CC5D13-7185-4C9D-BA48-F86F8162F3CE},
212,030504,13067030504,305.04,ARC 10,2542,2330,87,3.7,{BE47DE0B-063B-4831-B83B-E39BA35AC994},
213,030327,13067030327,303.27,ARC 10,1650,1566,0,0,{3AB114B3-F390-4D45-A267-495AB115D4EF},
214,030329,13067030329,303.29,ARC 10,1686,1664,9,0.5,{9CB4C7FF-4FE2-405A-ADC7-574AAACFD1B6},
215,030339,13067030339,303.39,ARC 10,3447,3217,93,2.9,{C252E319-DA74-4158-9744-1319D5B1B00E},
216,030314,13067030314,303.14,ARC 10,2799,2666,22,0.8,{9DF1C349-8141-4D53-ABED-730EF39F3DAE},
217,030336,13067030336,303.36,ARC 10,2490,2456,12,0.5,{23F063B2-BE64-4B0E-AB76-A4FFFCD64D78},
218,040411,13063040411,404.11,ARC 10,4642,4340,41,0.9,{25097257-0994-4EB8-8260-1E5091024101},
219,040512,13063040512,405.12,ARC 10,2223,1879,230,12.2,{F15DDD2E-4B76-4B98-A33F-94E5753FFC38},
220,040608,13063040608,406.08,ARC 10,4309,3907,123,3.1,{6F515394-E231-4F56-BF7A-8DA73E446C8D},
221,040614,13063040614,406.14,ARC 10,2116,1843,109,5.9,{54207EFF-3E22-49C3-B20E-F26647E532B2},
222,040606,13063040606,406.06,ARC 10,1141,983,6,0.6,{68EB6487-AB1B-4C73-B9BF-517DF7FA3458},
223,040612,13063040612,406.12,ARC 10,2053,1714,101,5.9,{7821EFF7-2994-44B6-B06C-06FCF61375EF},
224,040609,13063040609,406.09,ARC 10,2485,2217,121,5.5,{50017C14-419B-46EA-AC0A-F7E5B62F9412},
225,040412,13063040412,404.12,ARC 10,3471,2892,195,6.7,{7CDEBC46-0CA2-420D-95AE-2BCA99C54215},
226,040413,13063040413,404.13,ARC 10,2768,2445,69,2.8,{778DDBB5-47BD-4793-A81E-A76118651CD3},
227,040613,13063040613,406.13,ARC 10,2929,2703,122,4.5,{4FBFDD26-FC84-42CC-8DF2-1F610964032C},
228,040408,13063040408,404.08,ARC 10,3030,2626,259,9.9,{E1F02444-6DAC-419E-ADDB-382AB41FCC75},
229,040409,13063040409,404.09,ARC 10,2126,1827,85,4.7,{365EB5B2-7AE9-4280-B542-0D5E24811155},
230,040410,13063040410,404.10,ARC 10,2643,2295,204,8.9,{2A3B0E7C-A284-4DEC-99DA-8C7E223CFA7D},
231,040303,13063040303,403.03,ARC 10,2582,1822,128,7,{42B19CAB-5B45-4B91-A1F8-5983E929DF0C},
232,040302,13063040302,403.02,ARC 10,1924,1450,260,17.9,{5139FEEA-33F8-4814-828A-5CE7E22C9D30},
233,040611,13063040611,406.11,ARC 10,2836,2194,412,18.8,{61AAA288-81C2-49A7-972F-00FCCB467CEB},
234,040407,13063040407,404.07,ARC 10,1473,1226,101,8.2,{69F22BBC-6C9D-4BB8-9112-69DA7F2E74D9},
235,040510,13063040510,405.10,ARC 10,1475,1129,113,10,{6F6C250F-E53E-4101-B055-43253B982AE1},
236,040514,13063040514,405.14,ARC 10,2794,2493,89,3.6,{C4A1B645-93DE-46C6-8261-159CCFA39FF2},
237,040307,13063040307,403.07,ARC 10,1540,1349,42,3.1,{43863D6D-515A-40D0-830C-C7E71FFED574},
238,980000,13063980000,9800,ARC 10,0,0,0,,{FC09E702-66F8-4924-ADEC-25C9EF225541},
239,040622,13063040622,406.22,ARC 10,2538,2292,183,8,{E0B58B2C-2BE5-4AB2-B8CD-76CB16E5202F},
240,040621,13063040621,406.21,ARC 10,3437,3084,76,2.5,{691076C3-E1AB-47CE-8BA3-726E801FF6B9},
241,040619,13063040619,406.19,ARC 10,1141,1065,96,9,{6ABBEFA6-80D8-4071-8FB2-6C16B22136F2},
242,040523,13063040523,405.23,ARC 10,1197,992,196,19.8,{24B09014-300D-4D1B-9F26-3C202BA62AD6},
243,040522,13063040522,405.22,ARC 10,2021,1769,286,16.2,{72F8ECCC-B3CE-4699-8EC3-7D11ACEB78A6},
244,040520,13063040520,405.20,ARC 10,1944,1550,213,13.7,{AE6258E1-C819-48D4-B858-A5AA5D096E11},
245,040519,13063040519,405.19,ARC 10,2495,2028,305,15,{767CDCEE-8AD8-4F1B-B048-E9B08C6E3EBB},
246,040417,13063040417,404.17,ARC 10,2237,1768,175,9.9,{9B8E9DDA-8DDD-4792-A3CE-EC8B01E65445},
247,040203,13063040203,402.03,ARC 10,1644,1215,80,6.6,{AE392C74-2629-4E23-B078-AE52E00A2CE4},
248,040617,13063040617,406.17,ARC 10,419,390,13,3.3,{ACCD54AC-2AD3-4DF7-B655-69C90678F10C},
249,040615,13063040615,406.15,ARC 10,718,620,17,2.7,{1364296E-0EC6-4607-A6E9-5DC496F86599},
250,040521,13063040521,405.21,ARC 10,1167,989,39,3.9,{F8907D32-1E8C-44F1-A68F-445ECE9568C8},
251,040415,13063040415,404.15,ARC 10,2664,1885,206,10.9,{84F54033-080E-49D3-8F5D-6406E3AC6632},
252,040414,13063040414,404.14,ARC 10,693,566,24,4.2,{9D111197-6B92-4A3A-90A1-9EB08E35944E},
253,040204,13063040204,402.04,ARC 10,2052,1481,198,13.4,{13B52D60-1543-494E-ADC2-CE3B664980A0},
254,040308,13063040308,403.08,ARC 10,1793,1484,242,16.3,{ADDCC2DC-989B-4505-9E92-F787292B04BB},
255,040620,13063040620,406.20,ARC 10,1300,1101,28,2.5,{2ADD3BB4-7A69-4495-A150-FBC971657B35},
256,040616,13063040616,406.16,ARC 10,3419,2968,245,8.3,{EDC3B1A6-CACF-46C0-88F1-DAE6126A6277},
257,040526,13063040526,405.26,ARC 10,2454,2071,143,6.9,{800C6CF8-878E-4D80-9EBE-9FE37B8EB7B7},
258,040525,13063040525,405.25,ARC 10,1099,947,19,2,{99E771E6-8722-4CF1-9D58-6C33C519E9D0},
259,040524,13063040524,405.24,ARC 10,2843,2683,132,4.9,{A63FB68B-14C9-485B-BD9B-1CC606A0A2E2},
260,040416,13063040416,404.16,ARC 10,1329,1186,86,7.3,{FC50EC7A-426F-4A8C-8E14-F312EDCEA9DB},
261,040306,13063040306,403.06,ARC 10,1516,1214,174,14.3,{2EC8594B-7737-4178-B246-FCFFA7FA006E},
262,040516,13063040516,405.16,ARC 10,2508,2197,145,6.6,{7A49D602-3CE4-4F8B-917A-0A7DADB31CD3},
263,040509,13063040509,405.09,ARC 10,1789,1597,42,2.6,{B7CE4A1B-5FAB-4302-B9A0-0D549887FD42},
264,040202,13063040202,402.02,ARC 10,1034,782,65,8.3,{728B7A65-BB32-4565-9D67-425785E66B8E},
265,040518,13063040518,405.18,ARC 10,1916,1463,91,6.2,{A8DDE2CF-7B3D-4EDF-A656-A8D1BA8E05C4},
266,040515,13063040515,405.15,ARC 10,2965,2607,12,0.5,{FFC7E986-3691-4A84-B65C-BD7B321E10A8},
267,040513,13063040513,405.13,ARC 10,1764,1465,0,0,{FDA78779-5126-4F84-9633-CA369F25A8C5},
268,070403,13151070403,704.03,ARC 10,3546,3337,42,1.3,{C233FA94-E15D-4128-96BB-44C2A126C5D1},
269,070307,13151070307,703.07,ARC 10,1814,1546,15,1,{3C42275B-5EB2-4505-9740-DB48A8552886},
270,070113,13151070113,701.13,ARC 10,1611,1444,73,5.1,{D292357B-5528-4F8D-94FE-B9F5395154B6},
271,070501,13151070501,705.01,ARC 10,2574,2248,61,2.7,{4B311963-4942-414E-8FC4-FD0E04020191},
272,070502,13151070502,705.02,ARC 10,4817,4608,59,1.3,{00D4D609-D8F5-4B04-893D-2A92F9510EC5},
273,070311,13151070311,703.11,ARC 10,4947,4486,289,6.4,{2362C903-4FC1-4670-A77F-226F66F5EB9F},
274,070404,13151070404,704.04,ARC 10,2883,2444,0,0,{BEF556A7-B9C7-4715-9672-C4214E9A24A2},
275,070204,13151070204,702.04,ARC 10,1476,1468,15,1,{07FD9921-EC96-40C6-B669-5E09A46BFD1B},
276,070310,13151070310,703.10,ARC 10,1497,1343,7,0.5,{C0E2BE87-43DD-4D83-A827-12E0D2B46C1E},
277,070205,13151070205,702.05,ARC 10,3799,3454,212,6.1,{05FC5141-2964-4636-9002-40338EC3C1AC},
278,070309,13151070309,703.09,ARC 10,2615,2347,0,0,{4DB38030-13F1-489F-8FB2-C1D7A296A25C},
279,070114,13151070114,701.14,ARC 10,2281,1949,132,6.8,{738ABFAB-1F72-4ECD-A054-973793705559},
280,070111,13151070111,701.11,ARC 10,3584,3190,64,2,{8256F8F2-9366-431B-9761-189449930673},
281,070107,13151070107,701.07,ARC 10,2614,2389,34,1.4,{6EFDC2D0-8C23-48C7-AD98-1BB78721DE4B},
282,070109,13151070109,701.09,ARC 10,1259,1171,23,2,{721E86B9-1167-479E-840E-5300E1F14571},
283,070110,13151070110,701.10,ARC 10,2626,2509,32,1.3,{42E1060A-EC68-4040-B8CD-7E6B9382E746},
284,070108,13151070108,701.08,ARC 10,1947,1698,95,5.6,{F974BFED-AD2C-4AE7-8990-FD3F1802231D},
285,070306,13151070306,703.06,ARC 10,3969,3611,132,3.7,{E00FD852-5AA1-4284-A6A2-7803A7396729},
286,070104,13151070104,701.04,ARC 10,4927,4356,126,2.9,{89D898A5-D5F2-4946-853A-698CCDD49BBA},
287,070202,13151070202,702.02,ARC 10,3640,3499,101,2.9,{5783FA1E-F9AE-4B8C-A298-8F974132CEF3},
288,070305,13151070305,703.05,ARC 10,3237,3013,37,1.2,{CBCEE41D-D9A7-46BA-9FAB-940CB2FA0E29},
289,070304,13151070304,703.04,ARC 10,4488,3872,417,10.8,{70E66241-7C71-4238-A1E7-24515566D565},
290,070106,13151070106,701.06,ARC 10,2140,2032,43,2.1,{AAEC948A-B2FC-4A91-A74E-C8D9AD963EE4},
291,070203,13151070203,702.03,ARC 10,5135,4824,70,1.5,{824A1020-F468-46E5-ABCA-70BCA9B9E796},
292,070402,13151070402,704.02,ARC 10,3855,3443,65,1.9,{6307A8CF-94ED-4001-9D5C-353C45E6133F},
293,960101,13015960101,9601.01,ARC 20,731,610,10,1.6,{87C52104-0D10-4B5D-8250-33DAF718DA27},
294,960402,13015960402,9604.02,ARC 20,3471,3245,314,9.7,{18017FF2-F2F8-4D72-AB58-9830CAC60CEE},
295,960901,13015960901,9609.01,ARC 20,1119,1008,31,3.1,{908AD0BF-AE70-4107-A3BD-A14D0B1476B7},
296,960102,13015960102,9601.02,ARC 20,3633,3300,80,2.4,{AB13A197-F475-4731-91DD-F275900CB35B},
297,960802,13015960802,9608.02,ARC 20,1246,1050,73,7,{29611DBD-BD9F-43D1-B895-B1E5F9FDE05D},
298,961000,13015961000,9610,ARC 20,3017,2667,133,5,{ACE42B61-80C3-476B-BFAC-B4262E305328},
299,960801,13015960801,9608.01,ARC 20,1412,1250,33,2.6,{80DFE59E-FF94-4A13-B545-053B16888116},
300,960300,13015960300,9603,ARC 20,2486,2263,113,5,{906C111C-0199-4CCB-87CA-C90FE464198A},
301,960902,13015960902,9609.02,ARC 20,2483,2372,59,2.5,{857C7F07-39FD-486F-A7E5-CC1FF3DBD063},
302,960500,13015960500,9605,ARC 20,3019,2877,114,4,{70F30C1B-9F48-483E-9DBB-66EA8241C2CD},
303,960600,13015960600,9606,ARC 20,3842,3448,217,6.3,{B9BEE0FE-106B-4417-8C70-DBDD2D66C198},
304,960200,13015960200,9602,ARC 20,4316,3900,142,3.6,{B03C531F-6CBB-49DA-AB35-7A003A59E222},
305,960401,13015960401,9604.01,ARC 20,3751,3064,107,3.5,{EBDF40C0-1BE9-48B9-94A3-0CAB3BED985F},
306,960803,13015960803,9608.03,ARC 20,2177,1954,19,1,{FDC6CFED-6E07-4B6E-A638-671F5B101E33},
307,960700,13015960700,9607,ARC 20,3135,2724,198,7.3,{B2BC5239-F8A3-45A8-99DF-07DE7EC8FBE7},
308,050319,13135050319,503.19,ARC 10,2040,1867,135,7.2,{8359DC21-E779-45C1-BB4B-BE91F31619EC},
309,050219,13135050219,502.19,ARC 10,1461,1435,131,9.1,{E18F32BE-FB48-4DF9-A553-68CCF1B3733E},
310,050211,13135050211,502.11,ARC 10,2120,1883,89,4.7,{82622417-4A56-497A-A3CE-4EE1F20DF60E},
311,050215,13135050215,502.15,ARC 10,1258,1208,55,4.6,{EED2C7A2-B816-454A-A573-26B6D6A464D6},
312,050216,13135050216,502.16,ARC 10,2995,2759,56,2,{2A2782F8-5E6B-4FCE-9840-C82B35CE11BB},
313,050527,13135050527,505.27,ARC 10,2008,1917,124,6.5,{E81590FF-6DE7-4E9B-97E2-CF28FC331FE1},
314,050549,13135050549,505.49,ARC 10,1650,1570,21,1.3,{98C37BBC-797B-4F7D-93F8-8D1FC097A15E},
315,050540,13135050540,505.40,ARC 10,2626,2458,25,1,{C01D63C3-F323-4F46-A363-BF9C9FA46910},
316,050722,13135050722,507.22,ARC 10,1087,1062,42,4,{B55C4A6C-BBC0-4FAA-8C0A-B205341A22F7},
317,050729,13135050729,507.29,ARC 10,1293,1204,34,2.8,{55D6E309-B7A2-4B72-B586-E4462CAE6BED},
318,050725,13135050725,507.25,ARC 10,2008,1867,22,1.2,{A457F5E2-FD12-4D99-A038-AF51C40519B6},
319,050730,13135050730,507.30,ARC 10,2262,2153,0,0,{8FCD45CD-250A-4CB1-9F9A-30105FCABC72},
320,050728,13135050728,507.28,ARC 10,4912,4244,0,0,{D47DB03B-8F0C-4CC1-B2C7-9635AFD6A1CA},
321,050731,13135050731,507.31,ARC 10,3206,2790,80,2.9,{0B5C1B1D-6845-46FF-8E27-F279D287D55B},
322,050609,13135050609,506.09,ARC 10,4010,3598,99,2.8,{4F47CC38-36E7-4A67-A7B3-6A4A558A40CB},
323,050610,13135050610,506.10,ARC 10,5082,4815,137,2.8,{E5A8066E-01F4-4C88-AA4F-3AC1F33EE24F},
324,050541,13135050541,505.41,ARC 10,2210,2106,92,4.4,{E40B8EF5-E6AA-4888-A4F1-CC6D665E26AD},
325,050524,13135050524,505.24,ARC 10,2127,1969,131,6.7,{7A0CA4A8-2AEC-4A5D-934B-20623A3ECA3D},
326,050547,13135050547,505.47,ARC 10,2470,2323,33,1.4,{6462CEBD-035C-4D73-9F6D-1D83F203BF7B},
327,050523,13135050523,505.23,ARC 10,2971,2550,96,3.8,{A91400DC-BF55-4FDD-A2A3-49CA57BF1A4D},
328,050724,13135050724,507.24,ARC 10,5858,5257,134,2.5,{7CFC59FD-F7CC-4E29-9C0D-598B661ADFEA},
329,050543,13135050543,505.43,ARC 10,2285,2240,79,3.5,{B91C279A-C43C-4DE6-BE4D-BCE8BF632B4E},
330,050545,13135050545,505.45,ARC 10,3986,3381,149,4.4,{C13A1D0B-D4F8-4306-A9BC-36B1F5004210},
331,050727,13135050727,507.27,ARC 10,3233,3090,40,1.3,{FEE6286A-7F0E-45CE-AF18-5BB244A7FDBD},
332,050548,13135050548,505.48,ARC 10,3027,2809,46,1.6,{84D8F56D-BA0B-492F-85F2-05B65F2E8926},
333,050546,13135050546,505.46,ARC 10,5013,4555,68,1.5,{66FC7CFA-25F8-4780-82B6-CFB8E35BDC51},
334,050726,13135050726,507.26,ARC 10,3043,2975,168,5.6,{2906C6FA-69F6-4DFD-86A8-6FF8CDFB2FBE},
335,050608,13135050608,506.08,ARC 10,5138,4766,21,0.4,{F64AE723-24B9-481F-91FF-EC30C69F81AE},
336,050607,13135050607,506.07,ARC 10,5250,4941,121,2.4,{9C426D67-3072-4BB6-88B6-4C3880B8A708},
337,050542,13135050542,505.42,ARC 10,2377,2187,112,5.1,{333B2A60-590B-4655-8F8F-E988AEA43C2C},
338,050536,13135050536,505.36,ARC 10,1794,1580,0,0,{FBBB4452-D915-4AFB-BD31-7B6C7FF3682C},
339,050537,13135050537,505.37,ARC 10,1863,1739,98,5.6,{999EB1C4-191B-49E6-9FE2-25C6316A85A2},
340,050539,13135050539,505.39,ARC 10,1896,1595,13,0.8,{B68E986B-19FC-443B-8147-A00B511E7624},
341,050544,13135050544,505.44,ARC 10,3995,3860,33,0.9,{0DBCE946-705A-4D49-82C9-D60D9BF16D65},
342,050535,13135050535,505.35,ARC 10,2295,2247,16,0.7,{88A6F7B0-6177-4D48-A1A1-0AF6F36EB7BD},
343,050532,13135050532,505.32,ARC 10,2846,2664,45,1.7,{D43632B7-AE34-4F67-A2B9-1FC24CC459C7},
344,050534,13135050534,505.34,ARC 10,2622,2577,91,3.5,{702771EE-6B82-4596-BBE7-913E483CE24C},
345,050723,13135050723,507.23,ARC 10,2512,2428,53,2.2,{67E6031F-62A3-49AB-903D-4895BC73232E},
346,050435,13135050435,504.35,ARC 10,1250,1211,42,3.5,{CF40B5CA-8197-4975-AEF9-2EC3B04612C2},
347,050531,13135050531,505.31,ARC 10,2494,2334,0,0,{140F788E-71AC-4368-881D-16A2041508AA},
348,050533,13135050533,505.33,ARC 10,2569,2424,27,1.1,{4034A86A-7C47-402B-B70E-7C8BFA92EDAF},
349,050436,13135050436,504.36,ARC 10,2676,2513,163,6.5,{41C05841-5892-4E28-B004-9BC1A0D580D4},
350,050433,13135050433,504.33,ARC 10,1068,926,35,3.8,{A2FC351F-DABA-4FD4-AE72-966B0A556CB6},
351,050432,13135050432,504.32,ARC 10,2053,1846,17,0.9,{2F0D2F9E-1595-4E70-9CAA-371CA6B32623},
352,050434,13135050434,504.34,ARC 10,2881,2495,549,22,{9C218100-8C07-44D6-944A-B9A32E095FDB},
353,050321,13135050321,503.21,ARC 10,1562,1523,0,0,{E19428DA-36A8-415D-8089-28CCBE801B06},
354,100903,13217100903,1009.03,ARC 20,2296,1985,44,2.2,{D1756D27-8C68-429B-BB33-6829EE9D07E8},
355,100902,13217100902,1009.02,ARC 20,2023,1934,50,2.6,{574FE79C-2514-4212-A135-5609C9F45498},
356,100901,13217100901,1009.01,ARC 20,3703,3602,89,2.5,{5BDB3E07-6EE4-4D68-AC11-51CB4E90A8F2},
357,100201,13217100201,1002.01,ARC 20,2084,1954,39,2,{47C35BCE-9D1F-45C2-9693-5F87D9C984E9},
358,100501,13217100501,1005.01,ARC 20,5401,4784,329,6.9,{ECE399DA-6ADC-49BC-AAEF-E5FDC291EBD1},
359,100800,13217100800,1008,ARC 20,3551,3059,72,2.4,{8611D0BA-E711-4349-93F0-85C2459EDBA2},
360,100202,13217100202,1002.02,ARC 20,2006,1836,20,1.1,{BE19ABE0-4286-42A5-B302-61B97B1CE6C4},
361,100700,13217100700,1007,ARC 20,2688,2277,161,7.1,{7B94F129-D60B-4ADD-8798-65A388AF69C7},
362,100600,13217100600,1006,ARC 20,2483,1961,140,7.1,{B0AA389A-9721-4EB9-BDF1-93F4C3A2E3AC},
363,100502,13217100502,1005.02,ARC 20,3022,2860,125,4.4,{EF28F98B-B764-4EAA-8665-1BF9FCBB13B5},
364,100400,13217100400,1004,ARC 20,1214,1068,61,5.7,{13FEFAFD-FD9D-4D25-A17A-94B0D5DA158F},
365,100300,13217100300,1003,ARC 20,3692,3506,404,11.5,{4A2CCC05-5FDF-453B-B90B-A31C651B93FF},
366,100100,13217100100,1001,ARC 20,4201,3815,248,6.5,{5E84DCAE-F1B2-4D2E-8E0B-C71128861F53},
367,050322,13135050322,503.22,ARC 10,1619,1560,21,1.3,{7AFFDE90-1035-48D7-8A3C-34D217535B2A},
368,050318,13135050318,503.18,ARC 10,1192,1107,47,4.2,{15011FB4-5DB8-4273-AC53-CC9E770C0746},
369,050320,13135050320,503.20,ARC 10,1806,1636,150,9.2,{4E4FEF9C-AC0E-4606-90B9-FFD436904618},
370,050317,13135050317,503.17,ARC 10,1883,1637,100,6.1,{F59AA164-390D-4D52-9CD6-06616B1E7AE0},
371,050220,13135050220,502.20,ARC 10,3079,2911,107,3.7,{B78F4D9F-D5AE-4ED9-A338-3E7BDBFFC70E},
372,050214,13135050214,502.14,ARC 10,3046,2759,67,2.4,{1887FEA5-6841-412E-9595-940841AFC334},
373,050218,13135050218,502.18,ARC 10,1354,1301,121,9.3,{266123C1-7A60-4BFC-8F9C-95F09C9A4E30},
374,050209,13135050209,502.09,ARC 10,3589,3325,30,0.9,{E9387EE5-5EE2-42DD-A2BA-D6BBE71B3A7D},
375,050217,13135050217,502.17,ARC 10,3967,3714,55,1.5,{A3F16F25-2FFA-4D2D-9946-DC693C3BE384},
376,050529,13135050529,505.29,ARC 10,1456,1315,19,1.4,{78CA7864-AE61-4099-98A2-781685041239},
377,050530,13135050530,505.30,ARC 10,2024,1938,37,1.9,{CCE25677-4D29-4912-9C38-E4F3C136B4A2},
378,050538,13135050538,505.38,ARC 10,2434,2260,54,2.4,{18A75731-C2C4-46AB-A4CC-4283832F41B2},
379,050525,13135050525,505.25,ARC 10,2842,2404,9,0.4,{9F805D66-1EAE-4F18-85DF-C7475CEFBE05},
380,050528,13135050528,505.28,ARC 10,1645,1605,42,2.6,{2E9BC276-2203-40F6-A8A0-B996FD9905AF},
381,050605,13135050605,506.05,ARC 10,4814,4514,0,0,{B3F6FABF-1000-49B4-B295-9212DEE46750},
382,050606,13135050606,506.06,ARC 10,7255,6817,229,3.4,{B8659251-7B95-4BB3-96D5-01510A020AAD},
383,050210,13135050210,502.10,ARC 10,2607,2400,31,1.3,{6D5FD93F-FC0D-4853-997F-997B488CFF64},
384,050213,13135050213,502.13,ARC 10,3609,3609,19,0.5,{2AF658CD-AAF6-4009-94B4-9786306BE6EE},
385,050208,13135050208,502.08,ARC 10,2596,2372,21,0.9,{B3176557-BB86-44A4-A22A-19FD305B4F26},
386,050212,13135050212,502.12,ARC 10,3770,3770,13,0.3,{A491DEC8-068B-42EC-ACCD-7E42D3240141},
387,050109,13135050109,501.09,ARC 10,2673,2324,0,0,{79064CDA-F021-47F6-8270-BF715836C316},
388,050107,13135050107,501.07,ARC 10,2614,2286,37,1.6,{BAD33268-659C-4903-9559-B2ABBECB6768},
389,050108,13135050108,501.08,ARC 10,3084,3046,61,2,{06D8C998-CE5A-45CE-8CF8-4890235C01F5},
390,050105,13135050105,501.05,ARC 10,1384,1194,131,11,{F2F7F16E-2084-4F8D-8CCF-DB42DBEB3CAA},
391,050103,13135050103,501.03,ARC 10,3809,3446,143,4.1,{A1A0F524-FCAA-48BB-AF7B-4CEEB5CFB3E8},
392,050422,13135050422,504.22,ARC 10,2493,2274,71,3.1,{449F87E7-C77D-4B6B-992A-1079848A849F},
393,050304,13135050304,503.04,ARC 10,2203,1865,34,1.8,{0140456F-DFB7-4146-AD25-6D40BF9F7ED2},
394,050419,13135050419,504.19,ARC 10,2541,2292,336,14.7,{A8C453C3-A21B-4C11-BF77-2D42648BF74F},
395,050306,13135050306,503.06,ARC 10,1211,1160,61,5.3,{33DCFEBD-94F3-43E2-84C4-3BC2A951D196},
396,050106,13135050106,501.06,ARC 10,3985,3683,341,9.3,{F19DDC97-3E83-4917-B831-9FF9B699722D},
397,050205,13135050205,502.05,ARC 10,1787,1690,117,6.9,{8DF803B4-B80C-4E03-9364-904FD32834D4},
398,050417,13135050417,504.17,ARC 10,2127,1925,248,12.9,{BCA4150E-3A4F-4F4E-B9C4-3DB7A4E309A8},
399,050314,13135050314,503.14,ARC 10,3512,3367,28,0.8,{C9455619-B709-4017-B6DA-6E451DAFD267},
400,050308,13135050308,503.08,ARC 10,1318,1215,0,0,{5C1FC56E-55C4-4490-BD16-D78255A39A48},
401,050309,13135050309,503.09,ARC 10,3552,3294,96,2.9,{9D1010F0-77C1-4637-9F42-28773CBB5814},
402,050313,13135050313,503.13,ARC 10,2706,2420,0,0,{F93CA7C0-3073-4F9D-B187-E41203B37930},
403,050311,13135050311,503.11,ARC 10,1176,1084,17,1.6,{D1613387-2342-4C2A-A5C1-E9B5AA82D847},
404,050310,13135050310,503.10,ARC 10,2595,2441,0,0,{4F4702BA-D066-445F-969F-22A86E9A43D3},
405,050424,13135050424,504.24,ARC 10,2589,2331,116,5,{7877D7EA-BE1B-433D-96FD-B04C61F5529E},
406,050421,13135050421,504.21,ARC 10,2814,2563,288,11.2,{A42F6568-B3C6-4B1D-836E-44E54EB8F3C9},
407,050315,13135050315,503.15,ARC 10,2419,2149,174,8.1,{F286326F-B1AB-4830-A9D9-1E37BE09B4F3},
408,050418,13135050418,504.18,ARC 10,2893,2404,179,7.4,{4F9A1828-B6EA-4280-AE5F-87791C7C2C98},
409,050521,13135050521,505.21,ARC 10,2046,1828,128,7,{18D0F105-170C-42AB-AB30-40BCC1881865},
410,050522,13135050522,505.22,ARC 10,1918,1833,220,12,{AD0B5E85-142B-48E8-AF07-FDD50AB87AC3},
411,050520,13135050520,505.20,ARC 10,2164,1891,150,7.9,{4DE41714-3616-44CB-849F-765F710E0900},
412,050511,13135050511,505.11,ARC 10,3784,3471,31,0.9,{FD4A8284-9A87-41EA-852B-79811E7BA541},
413,050714,13135050714,507.14,ARC 10,1962,1834,49,2.7,{170358FA-5E36-4867-8B2F-A1AEDB0BCF6F},
414,050429,13135050429,504.29,ARC 10,2483,2328,21,0.9,{F2527B39-B65B-4540-B37C-183C0C130F30},
415,050713,13135050713,507.13,ARC 10,2445,2316,40,1.7,{F6DD31CE-B043-4744-AB74-AE17E9F72BAF},
416,050423,13135050423,504.23,ARC 10,2620,2381,110,4.6,{596A3A1C-7D4B-4536-887B-73CC78F02F5F},
417,050410,13135050410,504.10,ARC 10,2061,1772,81,4.6,{9F01267C-396D-4DE9-8543-049DFA07C031},
418,050720,13135050720,507.20,ARC 10,2661,2562,104,4.1,{7C9662B4-5259-40DE-88F5-996D12507B6E},
419,050712,13135050712,507.12,ARC 10,2489,2327,91,3.9,{543C837F-546A-4925-94B2-D768BCEDBD54},
420,050719,13135050719,507.19,ARC 10,2181,1933,20,1,{C76D4996-E3F7-4A34-B38D-B726D5C9333A},
421,050721,13135050721,507.21,ARC 10,3170,2911,81,2.8,{9E27DC7E-84DB-40A4-9F6C-436EC05364F0},
422,050709,13135050709,507.09,ARC 10,4293,3817,125,3.3,{255A1B56-5465-4289-BB80-6370BABAD94E},
423,050715,13135050715,507.15,ARC 10,1795,1771,24,1.4,{D70D31A4-68E7-4C04-9C8D-43648818B367},
424,050415,13135050415,504.15,ARC 10,1496,1297,9,0.7,{C5AD5C80-A23B-4919-B22F-43E2A8155489},
425,050718,13135050718,507.18,ARC 10,2798,2628,29,1.1,{73AAD935-3F14-4FEF-8143-5392679E3A7D},
426,050427,13135050427,504.27,ARC 10,2046,2014,48,2.4,{23EDE809-62DB-4D16-BBA8-AEC57544AE2A},
427,050428,13135050428,504.28,ARC 10,2040,2040,39,1.9,{7005EA3B-F678-48B0-AC57-58E5D66F26D4},
428,050416,13135050416,504.16,ARC 10,1241,1106,37,3.3,{7BBB1ACC-6E22-4E69-9933-EDE2AABFC062},
429,050425,13135050425,504.25,ARC 10,1814,1785,29,1.6,{2B7778EA-743B-46FC-B52C-D351D6435117},
430,050526,13135050526,505.26,ARC 10,1919,1742,70,4,{7714ADCE-CF0F-457F-9E58-4897D25C7CAD},
431,050431,13135050431,504.31,ARC 10,3045,2800,214,7.6,{9A0FB647-B0D2-485C-BD16-D58C46CB8AAC},
432,050426,13135050426,504.26,ARC 10,2437,2359,0,0,{C99ADC17-87DD-489D-B4BB-32BFDC1D8302},
433,050430,13135050430,504.30,ARC 10,2006,1923,74,3.8,{9D378AE8-D427-4977-BD74-B5A3A18969EF},
434,009501,13121009501,95.01,ARC 10,2124,1641,45,2.7,{0C9E1B13-DB62-4C37-9F7A-7A3F0DE7581F},
435,011305,13121011305,113.05,ARC 10,2768,1980,708,35.8,{40E94F00-3A7B-4963-BD0A-9031DEEA498D},
436,011306,13121011306,113.06,ARC 10,1396,911,195,21.4,{E8826E1B-FAE8-4000-9C7E-8FD265F57125},
437,007706,13121007706,77.06,ARC 10,4829,4079,704,17.3,{48803E3E-3E38-40DE-B9CA-90E655F94F79},
438,007703,13121007703,77.03,ARC 10,1772,1499,189,12.6,{E9BDA64D-E7CB-45A7-A5ED-449244AEA8CD},
439,003700,13121003700,37,ARC 10,54,54,28,51.9,{E2DDB001-CA68-454A-BBA2-610BD31C26B4},
440,011202,13121011202,112.02,ARC 10,2376,1693,305,18,{06FB9A15-5B5A-45C2-BDED-C8E7B1720349},
441,011100,13121011100,111,ARC 10,1436,1157,160,13.8,{49BDA230-E3C2-4ADB-82C4-64AA190F1115},
442,011201,13121011201,112.01,ARC 10,2103,1510,378,25,{8FCD5B02-300F-4AF8-A7AE-13CD6E5608E5},
443,011303,13121011303,113.03,ARC 10,4046,3508,512,14.6,{FC428E42-712C-4118-B531-573823A6D3D3},
444,008102,13121008102,81.02,ARC 10,3169,2452,1006,41,{F2FD67FB-744B-43D5-9208-5A38D79DAE44},
445,007002,13121007002,70.02,ARC 10,1320,815,190,23.3,{0272C921-50D9-4C52-A23F-942A5A9B0F12},
446,011301,13121011301,113.01,ARC 10,2012,1608,51,3.2,{905C008F-8AD5-4F00-84FB-9E4C13B0F1B6},
447,001202,13139001202,12.02,ARC 20,1810,1709,72,4.2,{7BA8C8A5-09C4-49CF-BD3A-90CF7EF7789A},
448,000101,13139000101,1.01,ARC 20,2110,1759,120,6.8,{DA22CD8C-DB71-4668-B474-201668104C86},
449,000701,13139000701,7.01,ARC 20,1913,1644,137,8.3,{19C1253D-893D-4206-8ACC-9D7FF39232D0},
450,000702,13139000702,7.02,ARC 20,1547,1458,54,3.7,{A2FA5927-6F1F-4783-B528-67B189D06739},
451,000102,13139000102,1.02,ARC 20,1597,1321,31,2.3,{F75F4767-779A-4855-A00B-DBD09143270D},
452,000201,13139000201,2.01,ARC 20,2282,1964,61,3.1,{A74EE6B0-2D47-41DE-B9BA-B65A1DC2CCB7},
453,000302,13139000302,3.02,ARC 20,2798,2493,27,1.1,{EB65F382-2A9F-4E06-B6BF-21527EA8B45F},
454,000900,13139000900,9,ARC 20,2441,2163,212,9.8,{32A57354-7021-4B89-BDD2-9CCE4AB99454},
455,000500,13139000500,5,ARC 20,2874,2699,93,3.4,{6AC44213-707B-4F0D-B335-E549EA591C00},
456,001402,13139001402,14.02,ARC 20,2174,1971,34,1.7,{71DA2A83-6ECC-4A76-B3CD-633F0E56C222},
457,001002,13139001002,10.02,ARC 20,2354,2196,40,1.8,{DDF8E8A3-8A4C-452C-B5BF-20925AA6032F},
458,000800,13139000800,8,ARC 20,1114,1033,243,23.5,{8A426A47-B352-466C-9A27-0B3B85EBF510},
459,000600,13139000600,6,ARC 20,2464,2076,282,13.6,{A38FFABC-4E14-4BB6-9F1B-F89D56E5DEA1},
460,000400,13139000400,4,ARC 20,2824,2502,174,7,{D647DF77-2937-46B9-A306-0782345B8AB0},
461,007604,13121007604,76.04,ARC 10,1390,913,443,48.5,{490BB585-5B95-4D2D-95FA-C6B7D732323D},
462,007704,13121007704,77.04,ARC 10,2216,1926,456,23.7,{8ED4C9ED-46C3-4465-9EED-E6D60593BBCD},
463,007603,13121007603,76.03,ARC 10,2505,2018,824,40.8,{DDE21AAD-9FE5-4A62-AC60-41B255E64A04},
464,011427,13121011427,114.27,ARC 10,3086,2963,33,1.1,{E3F5EEE3-D1A1-4192-A356-347FCF64ABE7},
465,011616,13121011616,116.16,ARC 10,2293,2239,54,2.4,{88980A77-CAEB-4A59-9051-91C99DF68CBA},
466,011617,13121011617,116.17,ARC 10,3075,2782,104,3.7,{D66E9F76-BC55-4453-A9DA-96AFACA92255},
467,011611,13121011611,116.11,ARC 10,3401,3177,329,10.4,{910ED957-3D7A-4463-A935-05354C0E887D},
468,010800,13121010800,108,ARC 10,3296,2587,282,10.9,{786DB6E9-2B28-4177-A281-B4114C72DF6F},
469,980000,13121980000,9800,ARC 10,0,0,0,,{1D0044C8-89B9-4F69-9B67-C86468475CDB},
470,004300,13121004300,43,ARC 10,713,599,55,9.2,{9753CD6C-0478-4C89-B0E1-696AACD7AAA1},
471,008904,13121008904,89.04,ARC 10,2800,2380,70,2.9,{2B6D0722-5C6A-4449-AD2E-921ABCE5407C},
472,008903,13121008903,89.03,ARC 10,969,640,66,10.3,{F3C2F7E1-DC8C-4243-B981-B5A5B9B6D882},
473,001001,13121001001,10.01,ARC 10,1000,770,69,9,{B6B81186-A0D0-454A-B41D-2722A343435A},
474,009101,13121009101,91.01,ARC 10,3399,2714,169,6.2,{38B071D1-D65F-41ED-8A6C-9B2B551B7A9A},
475,001201,13121001201,12.01,ARC 10,2743,2534,219,8.6,{2482DAF3-8259-4BFF-B0ED-AC1A75C9F80D},
476,001202,13121001202,12.02,ARC 10,3376,2771,330,11.9,{23BC61E8-A213-421A-9844-8B1409EC396F},
477,009102,13121009102,91.02,ARC 10,2437,1867,311,16.7,{B55C7180-3756-4EDD-A87B-22A295F0D0BC},
478,010108,13121010108,101.08,ARC 10,1479,1400,21,1.5,{E3B6941A-2C19-4489-9210-1DF6ECC51D5F},
479,007500,13121007500,75,ARC 10,2001,1534,633,41.3,{842EBA19-03BA-4D19-87EA-C6C1321E4B41},
480,008101,13121008101,81.01,ARC 10,455,388,50,12.9,{2AFA6AAA-A448-423D-883A-FAFAEB02F649},
481,006000,13121006000,60,ARC 10,1716,1228,385,31.4,{A9A1F37F-5B50-408F-BD3E-AE6CED646148},
482,000700,13121000700,7,ARC 10,397,336,27,8,{8D5C78B4-CE2A-449E-BFE7-638AFDC88D86},
483,001002,13121001002,10.02,ARC 10,573,498,53,10.6,{0F840FC1-D6D1-4E19-9A09-CB186D88451C},
484,011410,13121011410,114.10,ARC 10,2788,2664,33,1.2,{E55302DA-7541-43B8-9C85-02C1D17A421E},
485,010107,13121010107,101.07,ARC 10,700,685,5,0.7,{8FA7BAF0-CD6C-47CF-A753-41761144AC9F},
486,011405,13121011405,114.05,ARC 10,3055,2887,121,4.2,{FB2D07E1-0BE1-4FE1-B0BC-1FA0284F2C31},
487,010106,13121010106,101.06,ARC 10,1969,1777,67,3.8,{4C44DBB8-E9F3-4966-B1C6-C91073592148},
488,002900,13121002900,29,ARC 10,1518,1323,128,9.7,{AE78C097-DFA1-41C2-9160-6DA5A33BD7FD},
489,010110,13121010110,101.10,ARC 10,3150,2694,269,10,{1BE81139-5BA8-457C-AD22-6431C2919949},
490,010205,13121010205,102.05,ARC 10,2412,2075,152,7.3,{CA12BD52-48FE-4334-89DE-16B99966E80D},
491,010210,13121010210,102.10,ARC 10,2711,2511,40,1.6,{8403AB90-C361-4454-887B-89810B9B77B7},
492,010209,13121010209,102.09,ARC 10,3025,2778,131,4.7,{63A98D6D-80AC-4993-B990-A0F1DF42194D},
493,008902,13121008902,89.02,ARC 10,4094,3666,220,6,{4205FF8E-8E86-42E2-81BA-62859C280934},
494,008500,13121008500,85,ARC 10,1739,1068,129,12.1,{AC725397-5ACF-405F-9684-C7C18222D146},
495,008601,13121008601,86.01,ARC 10,2162,1612,601,37.3,{0635CC11-2CBD-48AE-9325-468990E7074E},
496,005800,13121005800,58,ARC 10,779,585,210,35.9,{96F8C631-23E0-4699-8B02-D223DC66CA6A},
497,007900,13121007900,79,ARC 10,2412,2092,122,5.8,{7CFA1686-C944-432B-9D56-C49BD4511F0B},
498,010601,13121010601,106.01,ARC 10,1683,1359,439,32.3,{F5957129-42E5-4082-8BCA-42FFC9C9D8C9},
499,008700,13121008700,87,ARC 10,2440,2051,671,32.7,{FB33315F-633B-4A26-8B83-2EDE4ADF88F8},
500,012300,13121012300,123,ARC 10,1430,1052,240,22.8,{6DBD1E99-BDDD-4D84-BD52-5B230EAA717B},
501,012000,13121012000,120,ARC 10,1582,1199,502,41.9,{41F8A445-EFFA-416A-AD2B-0B72E6493210},
502,011900,13121011900,119,ARC 10,1987,1720,624,36.3,{CB96AA20-8E4B-4A97-B343-65645A0AD3B6},
503,011800,13121011800,118,ARC 10,2025,1324,419,31.6,{6DC237DE-273B-40BE-A322-69921E393034},
504,011624,13121011624,116.24,ARC 10,1199,1199,13,1.1,{D86D7571-0165-4717-80E1-7628B3916215},
505,003600,13121003600,36,ARC 10,1020,818,269,32.9,{26E96F4A-25CC-4E0C-8240-ED2E657FECC2},
506,003500,13121003500,35,ARC 10,740,610,78,12.8,{EC330522-4EF3-4B5A-BC81-3CCD30B7DAE8},
507,010208,13121010208,102.08,ARC 10,2368,2172,553,25.5,{5A04A314-B29C-4D02-B416-9AABDD428E44},
508,011411,13121011411,114.11,ARC 10,3196,3079,71,2.3,{EDBA0816-EA21-4546-AD64-AEA32720AB69},
509,011412,13121011412,114.12,ARC 10,3816,3470,259,7.5,{959A3534-F03F-4F36-BBE0-25F655CC41DC},
510,011414,13121011414,114.14,ARC 10,3223,2940,119,4,{621FB20C-9A6E-4030-9510-D6CE9A9EFB14},
511,010603,13121010603,106.03,ARC 10,1596,1356,589,43.4,{CBFB87B5-7C9C-4A58-8667-54A925806E2F},
512,010604,13121010604,106.04,ARC 10,1790,1222,382,31.3,{7816A3B7-B239-4611-839D-6FE200785FC1},
513,007300,13121007300,73,ARC 10,3141,2711,899,33.2,{68A2557A-EDEE-4F13-9589-7AC84C026957},
514,010508,13121010508,105.08,ARC 10,1507,1219,0,0,{8CD5F430-85F2-4707-8FB0-6A94802FA04C},
515,010507,13121010507,105.07,ARC 10,3496,2766,584,21.1,{EAF89E2C-2E6B-4E43-91A5-81195113C3FF},
516,010511,13121010511,105.11,ARC 10,3288,2613,126,4.8,{F68FB24D-CC40-4266-A793-C46B58234B7E},
517,011626,13121011626,116.26,ARC 10,3015,2762,17,0.6,{078CEB3E-3E6A-4EF6-9F84-2EBC44C7B289},
518,011622,13121011622,116.22,ARC 10,2939,2893,14,0.5,{B464B2E6-0C9E-456B-9A39-31E187CAA731},
519,011424,13121011424,114.24,ARC 10,2183,2150,11,0.5,{A087FD00-DC1E-4503-B4E6-C6C354550192},
520,011422,13121011422,114.22,ARC 10,1730,1665,119,7.1,{8F8F03E5-5A6B-4AF7-96D5-5CA690C7B7F6},
521,011505,13121011505,115.05,ARC 10,1442,1442,22,1.5,{36A15A22-CC66-48A7-BC71-5AE94DF3CC9F},
522,010123,13121010123,101.23,ARC 10,2330,2211,20,0.9,{B4EE1EF5-63E4-4926-9EAB-C1F6EA7E6FA7},
523,000100,13121000100,1,ARC 10,2044,1847,18,1,{4B1A4432-7F17-4952-BDD4-CA55C4F1C636},
524,000200,13121000200,2,ARC 10,3015,2925,47,1.6,{9AEDC4C3-2705-4802-8710-F16871EFC006},
525,009402,13121009402,94.02,ARC 10,2864,2442,224,9.2,{536E8D94-CBFE-44D1-8CAC-65F4FBCBD6A8},
526,001100,13121001100,11,ARC 10,3618,3012,301,10,{8D14A154-8A78-44BE-821B-441DE043EDE6},
527,000400,13121000400,4,ARC 10,1135,813,10,1.2,{54D9F12E-10E6-4486-A5F6-5A77B8B2CE34},
528,009200,13121009200,92,ARC 10,4032,3530,435,12.3,{4D32473B-34A7-4C51-AD2F-E44929AAB465},
529,008201,13121008201,82.01,ARC 10,3046,2553,624,24.4,{0069CD14-C561-4CF1-9C64-5F936F1C8F74},
530,007808,13121007808,78.08,ARC 10,1843,1390,764,55,{F43F1A48-F321-4999-88AC-4E581CB554D7},
531,007806,13121007806,78.06,ARC 10,2453,2280,427,18.7,{379C1534-AE84-4024-B953-197C26F37F68},
532,008800,13121008800,88,ARC 10,2265,1932,152,7.9,{B54B571C-0419-44B9-9598-6FCD7AA0EE4B},
533,008602,13121008602,86.02,ARC 10,592,478,24,5,{8ADDDFF9-24FA-4C2A-8443-361EDC43D6F3},
534,010121,13121010121,101.21,ARC 10,1399,1275,151,11.8,{4CF4599E-C1A6-4A6F-9584-4D9355E35BC8},
535,010119,13121010119,101.19,ARC 10,2399,2138,285,13.3,{D76558E4-B8AC-4095-A81F-216E03A5CAE5},
536,010211,13121010211,102.11,ARC 10,1308,1126,72,6.4,{36FF8D21-5455-42D5-AACF-33FA64252CF5},
537,009801,13121009801,98.01,ARC 10,2110,1900,272,14.3,{E327F3E4-F2D3-4919-8DD1-4AAAB7D2DAD3},
538,009603,13121009603,96.03,ARC 10,2966,2294,248,10.8,{4154A408-FBEC-45D0-AFFC-94948740A5F0},
539,009601,13121009601,96.01,ARC 10,1635,1279,16,1.3,{1AE65476-2A2E-4062-8E52-8FC030F964DA},
540,007705,13121007705,77.05,ARC 10,2187,1926,528,27.4,{3010433D-178F-4007-B765-2525B3B5BF15},
541,011612,13121011612,116.12,ARC 10,1220,1168,9,0.8,{27FD9E7E-C547-4564-A5F7-74B62EA00ECA},
542,011623,13121011623,116.23,ARC 10,4227,4126,12,0.3,{7CF84291-E1DE-4747-B537-993EB8E5262E},
543,011625,13121011625,116.25,ARC 10,2713,2435,104,4.3,{C13359CA-0CF5-4D29-8ADE-9605E72DD814},
544,011619,13121011619,116.19,ARC 10,3214,3009,89,3,{C90232C5-68EF-493D-BCEA-5D585FD31B05},
545,011621,13121011621,116.21,ARC 10,2508,2348,58,2.5,{6FFD6C61-9102-4B32-932A-54CA44B8E6D2},
546,000500,13121000500,5,ARC 10,3472,2567,307,12,{072F6304-66F2-4D96-9713-F9F874976FA4},
547,009300,13121009300,93,ARC 10,2672,2319,52,2.2,{A8D8AF0A-2070-4DBF-B5BA-CA6C7261242D},
548,009900,13121009900,99,ARC 10,2458,2148,43,2,{DEC2125A-20F2-4FB1-B318-B2D46100FA31},
549,009000,13121009000,90,ARC 10,2069,1932,8,0.4,{F40DF5EB-8631-459D-8D19-37D4EB69B734},
550,009700,13121009700,97,ARC 10,1631,1400,30,2.1,{D7E689B0-5414-4774-81C7-4B4B29006777},
551,010206,13121010206,102.06,ARC 10,2411,2116,16,0.8,{A570B740-19FA-4AFB-92F8-923E495B3DF5},
552,010204,13121010204,102.04,ARC 10,1928,1804,7,0.4,{C0792543-4FF8-4C3B-8D8A-51E2D446131F},
553,007100,13121007100,71,ARC 10,1033,711,115,16.2,{61A0E44D-23B7-4FC3-B4A3-348986BD2309},
554,006801,13121006801,68.01,ARC 10,7,0,0,,{2A9A3363-635C-4BE6-9ABE-84A858F5BF91},
555,006900,13121006900,69,ARC 10,1606,1204,204,16.9,{EB43F08E-F200-4FA0-BE76-5D226065E029},
556,005200,13121005200,52,ARC 10,2519,2344,166,7.1,{A530E40A-6070-4BC2-99A1-FA37979ABB42},
557,005000,13121005000,50,ARC 10,1030,876,29,3.3,{1D9CBDB0-383C-4C50-9FB3-E62FB42D27D8},
558,001500,13121001500,15,ARC 10,2886,2511,601,23.9,{607980A9-8850-45C6-816D-A063E1C5B026},
559,007807,13121007807,78.07,ARC 10,1375,943,238,25.2,{F8E31BAF-D349-4D98-A248-C78A64A60F94},
560,010510,13121010510,105.10,ARC 10,6693,5971,511,8.6,{9FE4930C-3006-45E0-B0AA-200CD39B1182},
561,010512,13121010512,105.12,ARC 10,3110,2313,130,5.6,{D0B13482-B957-4D7B-8AF3-F88FDF56C3A8},
562,007802,13121007802,78.02,ARC 10,4049,3299,265,8,{EB49972E-C482-4A79-A128-C38628D3E512},
563,007805,13121007805,78.05,ARC 10,1439,1161,272,23.4,{4D38A431-EC2C-438F-B35F-C7B0CB189888},
564,011618,13121011618,116.18,ARC 10,1579,1555,145,9.3,{61573090-F1F3-424D-8F4B-309BF638E0C0},
565,011610,13121011610,116.10,ARC 10,2003,1956,26,1.3,{A4625BBA-6487-422D-92E5-58E235D3D85D},
566,011614,13121011614,116.14,ARC 10,6183,5725,250,4.4,{45340196-8486-44A5-8B43-3B420CE15768},
567,011620,13121011620,116.20,ARC 10,3201,3201,63,2,{F6EC4314-15E5-4F43-AC46-04332FA815B2},
568,011420,13121011420,114.20,ARC 10,2610,2272,274,12.1,{0CC9E465-EE99-47A8-BA7F-52894B074509},
569,011613,13121011613,116.13,ARC 10,2296,2264,16,0.7,{2709C60B-9F64-49CE-9023-5015F55EA529},
570,011426,13121011426,114.26,ARC 10,790,753,14,1.9,{A2EDD124-9F64-488D-9570-3F101AD4D190},
571,011425,13121011425,114.25,ARC 10,2256,2207,43,1.9,{72BAE03B-32E5-46FE-8D75-D8D529603F63},
572,011423,13121011423,114.23,ARC 10,2068,1802,48,2.7,{4B8DD2C3-FE31-4938-A820-2A6FA91508F8},
573,011418,13121011418,114.18,ARC 10,2376,2283,104,4.6,{9B584651-7C90-4C12-A8E8-71EA475A795A},
574,002600,13121002600,26,ARC 10,626,493,163,33.1,{82A662AC-0C95-4000-8099-B560893ACCB1},
575,001700,13121001700,17,ARC 10,2225,1908,282,14.8,{EC771496-AEE2-4938-B4EC-263F987DA6A2},
576,001400,13121001400,14,ARC 10,1485,1361,48,3.5,{C342AA52-18A0-412F-8A2D-B5EBFA436696},
577,003000,13121003000,30,ARC 10,1775,1715,47,2.7,{187E845D-1A15-4723-8F5C-5B9B49CC5CE9},
578,011000,13121011000,110,ARC 10,1412,1028,371,36.1,{6FE1942B-F42B-4E9E-B389-D037785447C4},
579,007400,13121007400,74,ARC 10,1502,1155,524,45.4,{EDBC3CC8-6F35-4BD1-B1EE-B5ED24E7D5F1},
580,006400,13121006400,64,ARC 10,517,332,86,25.9,{20E10089-96B1-4C16-832B-0407FD5E6046},
581,005300,13121005300,53,ARC 10,1758,1530,99,6.5,{B8C662D1-674C-45B4-BAB2-31D80F2D5F78},
582,005502,13121005502,55.02,ARC 10,1428,1140,366,32.1,{B381B804-6871-4F44-927D-D8BE8E8AB4C0},
583,008202,13121008202,82.02,ARC 10,930,749,177,23.6,{79A31B92-EABF-424E-BF49-F82B59ED3A93},
584,010513,13121010513,105.13,ARC 10,5326,4574,284,6.2,{718AD9F0-F800-4CD4-A4FC-1C273F7EE405},
585,010304,13121010304,103.04,ARC 10,5088,4629,65,1.4,{3063F22B-886B-471B-9E94-F84883B40CBC},
586,010303,13121010303,103.03,ARC 10,4107,3462,105,3,{692460B4-8969-4631-A011-AEA200875FD8},
587,010514,13121010514,105.14,ARC 10,4596,4181,303,7.2,{FB7FE5D9-FED0-4453-938E-5A14A0A15B20},
588,010301,13121010301,103.01,ARC 10,6341,5557,301,5.4,{CD2C6AE7-8278-463F-B62C-B8842639B84B},
589,010400,13121010400,104,ARC 10,3436,2778,147,5.3,{272F2837-67A0-42BA-B70D-2B0CED95F766},
590,011421,13121011421,114.21,ARC 10,1731,1587,85,5.4,{94C65666-E4C7-4EB6-A84A-499A341B25AA},
591,011416,13121011416,114.16,ARC 10,2130,2068,99,4.8,{B5CF82F4-ED37-4284-9503-A88E06E0E4A1},
592,011506,13121011506,115.06,ARC 10,2293,2147,84,3.9,{DAEBC2AB-1D74-4A2E-981C-B418947FB93A},
593,011417,13121011417,114.17,ARC 10,2134,2100,242,11.5,{0AA81665-45AB-4261-99D5-C6DE6015BFAC},
594,007001,13121007001,70.01,ARC 10,1807,1348,386,28.6,{4A6AB282-E1DA-4389-A15C-755D7286CB75},
595,006700,13121006700,67,ARC 10,1981,1451,557,38.4,{C12685A5-3BA3-4466-A3F4-87F0D6A6ADC9},
596,006300,13121006300,63,ARC 10,1129,621,263,42.4,{C5089E88-D436-4A29-BDB4-C9C2AD1F0E23},
597,005700,13121005700,57,ARC 10,903,656,279,42.5,{518D4DD0-BE70-4C6B-98F0-CFC1BF88B98E},
598,006500,13121006500,65,ARC 10,1791,1347,198,14.7,{C868C618-52BB-42B6-A6C0-00007D03AD69},
599,005501,13121005501,55.01,ARC 10,1230,960,252,26.2,{A05E62CB-31D2-4DE8-84F5-7DC274678FEF},
600,004900,13121004900,49,ARC 10,1204,1126,195,17.3,{F3B0A827-A556-4AA1-8C23-D44EB6BBFBAA},
601,004800,13121004800,48,ARC 10,624,590,215,36.4,{E3388A9C-059C-4E6F-AD41-E7A693A42A9F},
602,002800,13121002800,28,ARC 10,1536,1245,411,33,{F97CCF59-22F3-4D4F-B166-CD5A6252F746},
603,011419,13121011419,114.19,ARC 10,2670,2500,144,5.8,{C306F8E8-6EEB-4AE1-8E24-4FB619D8D1A9},
604,011503,13121011503,115.03,ARC 10,3270,3270,16,0.5,{775E84B8-163E-458F-9387-38D970C3B264},
605,011615,13121011615,116.15,ARC 10,3538,3384,55,1.6,{3ED66BBF-1522-4A18-A183-A8728F93BCEA},
606,011504,13121011504,115.04,ARC 10,4019,3945,6,0.2,{C1199EC7-6190-474D-ABA4-624A0D9D5381},
607,010515,13121010515,105.15,ARC 10,2235,1903,248,13,{D5F3FEFA-1C0A-4A0C-BFE2-E3798F18DA33},
608,010516,13121010516,105.16,ARC 10,3143,2658,223,8.4,{4AAE3482-10EC-442C-867D-19AE7CFC2B3D},
609,010120,13121010120,101.20,ARC 10,1185,1132,39,3.4,{8DDB03A5-6624-4ED0-8900-BC91F40EC643},
610,010117,13121010117,101.17,ARC 10,1839,1686,40,2.4,{47720192-7470-4E0F-9617-B5193C6D5A23},
611,001800,13121001800,18,ARC 10,3235,2949,914,31,{49E57DC4-DD40-4966-9AEF-CC9B9552DDDF},
612,001300,13121001300,13,ARC 10,2500,2219,242,10.9,{8815AC8F-ED30-4DDC-84E8-BA3E4E4DA737},
613,001900,13121001900,19,ARC 10,1921,1335,117,8.8,{EBA2BE1E-E4F1-4D3A-8C75-056FF55969FB},
614,002100,13121002100,21,ARC 10,1093,960,175,18.2,{823E29F3-A76E-4CB3-A70B-B3F1EB3F272F},
615,004400,13121004400,44,ARC 10,1247,1011,276,27.3,{E0498E76-320D-4502-A358-2997D44A8421},
616,003200,13121003200,32,ARC 10,1457,1261,72,5.7,{05FD737C-6C88-414E-87FF-D8A7771E2DEC},
617,004200,13121004200,42,ARC 10,1596,1312,526,40.1,{86129D4F-8118-4DF3-9E44-35472BDDD29F},
618,003800,13121003800,38,ARC 10,298,203,90,44.3,{A2751663-0D86-4239-8290-FB4D2103A90F},
619,002500,13121002500,25,ARC 10,1255,896,323,36,{57A4B319-7D9B-407E-A058-5D469E6E7C9E},
620,002300,13121002300,23,ARC 10,1163,500,197,39.4,{0FB48982-FD14-4A71-8A79-D0445551CDFE},
621,001608,13139001608,16.08,ARC 20,2148,2054,20,1,{7D4EC42A-CC25-4723-A2F7-70E5EEE75F90},
622,001603,13139001603,16.03,ARC 20,1804,1726,24,1.4,{5BF22962-4190-40DA-914C-E50DFD44EDDF},
623,010118,13121010118,101.18,ARC 10,2311,2184,339,15.5,{82D44A22-6D77-4938-86B4-3D1A267335A9},
624,010113,13121010113,101.13,ARC 10,3145,2718,308,11.3,{32D071D7-60F5-46A6-9391-6854C1AD1CA5},
625,010115,13121010115,101.15,ARC 10,1053,996,16,1.6,{A36E6A79-559E-4CC6-8FD7-22E92CCB3FB7},
626,010122,13121010122,101.22,ARC 10,3115,2828,170,6,{CB8FA5AD-5FDB-4780-B478-131B76937005},
627,010114,13121010114,101.14,ARC 10,3085,2987,161,5.4,{CC2C3DF4-D7C2-4C6F-8851-E6037895EA17},
628,000600,13121000600,6,ARC 10,2835,2132,270,12.7,{F78E2748-AF54-44F1-9052-B520F249F075},
629,006601,13121006601,66.01,ARC 10,1020,782,218,27.9,{0A28735D-FB7B-4FDB-95AF-42BCB51315D5},
630,006602,13121006602,66.02,ARC 10,603,421,183,43.5,{7A5EC48E-0EC7-4885-9189-4731B83D9BEA},
631,006200,13121006200,62,ARC 10,714,459,122,26.6,{EACE860B-D791-4C6E-BB90-86ADE18949E3},
632,006100,13121006100,61,ARC 10,1782,1290,272,21.1,{ADDF98FB-6C4C-4E60-BDAF-BB5407053CB6},
633,001600,13121001600,16,ARC 10,1379,1249,66,5.3,{C73E5CAA-22C3-44ED-8DC3-7B121FA53686},
634,003100,13121003100,31,ARC 10,825,764,117,15.3,{69C5DDE8-E4A5-41A1-B516-CDD60B461DCA},
635,006802,13121006802,68.02,ARC 10,550,472,256,54.2,{581DC03C-A7B0-416E-B829-19290AD8D15D},
636,007602,13121007602,76.02,ARC 10,1163,973,289,29.7,{FE801F5B-671D-4218-AA10-563227A4990B},
637,001606,13139001606,16.06,ARC 20,1509,1411,47,3.3,{0D9C6EF1-2E1D-45AA-8400-CC1DB36EC21E},
638,001101,13139001101,11.01,ARC 20,1350,1161,398,34.3,{5C93ED6C-FBC5-4F63-924B-C5FC7833E6AB},
639,001605,13139001605,16.05,ARC 20,1663,1608,35,2.2,{90979BA5-FA99-4AEC-A946-48FA3C87AE4F},
640,001604,13139001604,16.04,ARC 20,2116,1983,37,1.9,{9F4D6297-99F0-4E5C-8212-EE56072EABBD},
641,001502,13139001502,15.02,ARC 20,1894,1641,17,1,{AA9AFA49-E09D-440D-BC50-AFDE96DD8D73},
642,001607,13139001607,16.07,ARC 20,1923,1726,35,2,{97AA97A6-B72D-4DA8-A30B-E3038AF6AFF5},
643,001302,13139001302,13.02,ARC 20,1774,1655,58,3.5,{BC6C21C7-A896-4EF6-950F-C105A4194423},
644,001301,13139001301,13.01,ARC 20,2113,1915,0,0,{DDFE3FD4-1784-44A4-9A8A-831B011975C1},
645,001403,13139001403,14.03,ARC 20,1498,1342,97,7.2,{50F00C02-06C4-405B-B53F-35E826A004BD},
646,001404,13139001404,14.04,ARC 20,2048,1694,139,8.2,{43E3700E-D8FD-4777-88D0-C66FEF244B6B},
647,010212,13121010212,102.12,ARC 10,2113,1820,281,15.4,{685C23C6-BEB0-4832-9F99-C2FEA09FB581},
648,009802,13121009802,98.02,ARC 10,2127,1967,43,2.2,{633E9B84-5AE9-422A-AAEC-ED2D7067C869},
649,009403,13121009403,94.03,ARC 10,3194,2789,591,21.2,{9D37ED2F-5778-45A7-8DB4-FD1128A87BCB},
650,009404,13121009404,94.04,ARC 10,2654,2388,66,2.8,{DB2665FF-C06F-4216-B7EC-142CD052B0B0},
651,010001,13121010001,100.01,ARC 10,2615,2293,84,3.7,{123852E4-4C42-4A1E-9F0D-DFF0376C9FDC},
652,009602,13121009602,96.02,ARC 10,3289,2703,313,11.6,{ECC186C6-B0B5-463E-AFDB-7B9B43562743},
653,010002,13121010002,100.02,ARC 10,3954,3185,149,4.7,{C399E65D-A890-4D31-9DA2-BFB5CB96F6BF},
654,009502,13121009502,95.02,ARC 10,2450,1612,176,10.9,{B142B399-4753-46E8-8FD0-9DC7AC66740B},
655,008000,13121008000,80,ARC 10,2339,1844,354,19.2,{A7DBC43E-44F1-4100-991B-42BB35633500},
656,003900,13121003900,39,ARC 10,965,614,143,23.3,{DE22EB5B-FB8C-4268-BB3A-90407569DAE2},
657,004100,13121004100,41,ARC 10,1140,683,193,28.3,{4AD0E97E-6B10-4CF1-B6E6-AD693474946E},
658,002400,13121002400,24,ARC 10,1458,879,253,28.8,{1E954665-C885-4B97-B018-E6FED03CFAAA},
659,004000,13121004000,40,ARC 10,1266,877,140,16,{CDB5D80A-D7E2-4D23-81C9-43A6817C7589},
660,008400,13121008400,84,ARC 10,2061,1264,462,36.6,{1AE58B8D-C170-4475-9B1E-53ABFA015F11},
661,008302,13121008302,83.02,ARC 10,1266,710,165,23.2,{847334CE-7DB1-4E00-A15B-FA4E3961DE75},
662,008301,13121008301,83.01,ARC 10,1585,965,228,23.6,{3B1E8E74-0F41-4638-9C05-905C2BAE2CAC},
663,007200,13121007200,72,ARC 10,1048,693,138,19.9,{31ED8FF0-ABFB-4A4E-A24F-7736DEC90FD8},
664,001501,13139001501,15.01,ARC 20,1919,1726,29,1.7,{3C842AA3-D84B-44A9-8C02-4FFF58C41B5F},
665,001102,13139001102,11.02,ARC 20,1264,1133,97,8.6,{DAB91844-AA99-4DBA-AE6D-9BA5CBC0C6E7},
666,001201,13139001201,12.01,ARC 20,2117,2000,233,11.6,{55FB6314-517D-4B20-95E3-427E1B749DC4},
667,001004,13139001004,10.04,ARC 20,1478,1426,53,3.7,{542ECBC8-35F9-4493-BE38-B2FCC9AF0BAC},
668,001003,13139001003,10.03,ARC 20,2373,2028,301,14.8,{3787E085-BE5B-4423-9C64-ED4E64D45E29},
669,000305,13139000305,3.05,ARC 20,1789,1602,30,1.9,{04C7E478-64E5-4012-AA41-C92A34F78AE2},
670,000304,13139000304,3.04,ARC 20,1698,1200,59,4.9,{8060281A-89F9-4C7D-A8BD-FE2A91E242BD},
671,000303,13139000303,3.03,ARC 20,1196,1025,108,10.5,{E59EEA0A-01CC-410F-90F1-431F010B369A},
672,000203,13139000203,2.03,ARC 20,1712,1549,113,7.3,{FE2AA6A8-AA80-491B-8E86-1D303CDBCBDE},
673,000204,13139000204,2.04,ARC 20,1614,1399,30,2.1,{6E62BA1D-BB24-4D85-8959-5F2FA1E9D9F8},
674,160100,13255160100,1601,ARC 20,2152,1974,115,5.8,{A8F96CE4-CAF9-4623-8183-7E8216227219},
675,160200,13255160200,1602,ARC 20,2716,2363,54,2.3,{773BBAF4-BABE-4D54-AA06-DBABF3D05B1C},
676,161000,13255161000,1610,ARC 20,2080,1872,45,2.4,{CAA9BEC5-1176-4141-B4F9-946918D6431E},
677,161200,13255161200,1612,ARC 20,3615,3285,222,6.8,{EDB7DF2D-D411-441C-8B50-38C132C9F6F2},
678,161100,13255161100,1611,ARC 20,1899,1739,35,2,{6867B236-432D-4A7C-9ACA-7D4608D0B5E4},
679,160900,13255160900,1609,ARC 20,1124,912,82,9,{D7803A45-5BC5-4958-B62B-1BA6AB4992DD},
680,160800,13255160800,1608,ARC 20,1976,1452,393,27.1,{6B1845E1-E9CD-4309-96C3-EC4B0DF33364},
681,160700,13255160700,1607,ARC 20,2974,2435,413,17,{18A8BC00-51E0-4401-A114-0AE9C91F4C88},
682,160500,13255160500,1605,ARC 20,2829,2545,174,6.8,{88C89406-6D5C-4903-B81E-82F76C590F57},
683,160400,13255160400,1604,ARC 20,2475,1639,180,11,{513084FF-9808-4568-AB61-0586F7BE82B4},
684,160300,13255160300,1603,ARC 20,1511,1093,112,10.2,{FF8F8211-2727-4AFA-B534-56696E5B28F8},
685,160600,13255160600,1606,ARC 20,1575,1408,14,1,{B2B16190-1699-4A97-8127-25D6DFE20A76},
686,080102,13097080102,801.02,ARC 10,3485,3080,43,1.4,{99741DDD-36D9-4A1F-A188-9323B1641470},
687,080602,13097080602,806.02,ARC 10,2024,1880,14,0.7,{0540044B-1C86-47E3-ACE1-6470CC374DA4},
688,080508,13097080508,805.08,ARC 10,2234,2060,49,2.4,{2D3AD859-1333-4ACD-9654-D353D39F03FB},
689,080510,13097080510,805.10,ARC 10,2487,2258,13,0.6,{EAAF23B9-D90C-4094-AE75-B73D6D122860},
690,080509,13097080509,805.09,ARC 10,2157,2001,44,2.2,{88B78F8D-9E8A-4C48-9413-C080F8C4BF4D},
691,170602,13077170602,1706.02,ARC 20,3318,3228,60,1.9,{1CF1DDFB-57DC-445A-A7DA-43BAB2EC2AEC},
692,170503,13077170503,1705.03,ARC 20,2249,2115,8,0.4,{2E597ADC-55EF-4A48-970F-EDCB74B53AAE},
693,170501,13077170501,1705.01,ARC 20,2522,2407,16,0.7,{20ED5EEF-D755-4349-A116-DE6E474F66ED},
694,170406,13077170406,1704.06,ARC 20,1297,1297,8,0.6,{D6A5DE0C-EEE3-4A77-91E3-E2CC260676CC},
695,170305,13077170305,1703.05,ARC 20,4041,3946,340,8.6,{92D87478-E1DB-4C43-A411-5A5ED14BB295},
696,170601,13077170601,1706.01,ARC 20,3104,2953,290,9.8,{CE25E8BD-5933-4C0A-BBFF-900CE00EA168},
697,170603,13077170603,1706.03,ARC 20,1953,1935,0,0,{FFC011D0-8E34-438D-A810-DD88ECBB28C4},
698,170502,13077170502,1705.02,ARC 20,2270,2143,0,0,{DCADEAEB-07DF-4527-A48A-DCAD1490E055},
699,170405,13077170405,1704.05,ARC 20,2646,2607,0,0,{119DFC5F-1C19-4EE5-8AEF-B93836F1D4AD},
700,170404,13077170404,1704.04,ARC 20,2150,2096,0,0,{54E21859-1ED7-421E-9A4C-940C320F23B2},
701,170403,13077170403,1704.03,ARC 20,1554,1446,23,1.6,{18CA0440-A0B8-47EC-9197-DF4B2AD78810},
702,170306,13077170306,1703.06,ARC 20,3684,3260,78,2.4,{1D02CF88-9DAA-45F7-B21B-EB9CEA86B214},
703,080603,13097080603,806.03,ARC 10,2365,2077,20,1,{89DD7209-3D7B-4401-BBB7-95AD98B08D88},
704,080511,13097080511,805.11,ARC 10,3071,2857,94,3.3,{12C5E076-68FC-4C3A-81C3-473B0826F55B},
705,080304,13097080304,803.04,ARC 10,2465,2005,288,14.4,{5C360719-E171-439D-8142-0B8459581DEC},
706,080404,13097080404,804.04,ARC 10,3170,2922,78,2.7,{C3D64B6E-422D-4A21-B924-58BA4047932C},
707,080303,13097080303,803.03,ARC 10,1594,1297,58,4.5,{B1570DA9-0DF5-4433-B395-394AD1C32CE9},
708,080403,13097080403,804.03,ARC 10,1716,1686,72,4.3,{C6020C32-3DCC-4C90-8A6A-F2E9BB0350D0},
709,080103,13097080103,801.03,ARC 10,3272,3021,297,9.8,{684512B8-BC0E-4C2E-98B7-F8B324BBF330},
710,080604,13097080604,806.04,ARC 10,3174,2964,145,4.9,{DF5B45FE-7FF7-48D0-B90F-868651C9567A},
711,170304,13077170304,1703.04,ARC 20,2510,2338,185,7.9,{48886F81-8EA2-4497-8BB9-C2AD6552ADF0},
712,170303,13077170303,1703.03,ARC 20,1984,1854,0,0,{71AB59BD-C7F1-44E6-827D-9A7198727D10},
713,170802,13077170802,1708.02,ARC 20,1830,1649,19,1.2,{E8930194-748E-4EC2-B642-3EAFFE907E06},
714,170801,13077170801,1708.01,ARC 20,2135,2021,128,6.3,{5319CB40-C338-4407-ADA0-3665ACCCB0FF},
715,170700,13077170700,1707,ARC 20,3087,2794,399,14.3,{C04EF1DC-BD63-4A55-AE07-87ACFA02EB40},
716,170402,13077170402,1704.02,ARC 20,3334,3280,63,1.9,{E7568161-3487-4772-B9A5-0AB848719379},
717,170200,13077170200,1702,ARC 20,3019,2754,81,2.9,{865D6499-D5FF-42F5-9A67-D8E7D666D433},
718,170100,13077170100,1701,ARC 20,2760,2654,118,4.4,{1D142793-0F65-4D78-8476-11B6AD095DC4},
719,080201,13097080201,802.01,ARC 10,2058,1875,43,2.3,{C1DDD105-C17C-4320-97B1-0D752AA86599},
720,080506,13097080506,805.06,ARC 10,1959,1706,60,3.5,{E4AFDBCB-BE69-4290-A326-E399EDC2450C},
721,080505,13097080505,805.05,ARC 10,1749,1689,45,2.7,{4A517074-9638-4FA7-82CC-DEA9C06080E6},
722,080202,13097080202,802.02,ARC 10,3837,3530,152,4.3,{5992266A-8B44-4C25-A1A2-987C4A9D1BDC},
723,080507,13097080507,805.07,ARC 10,1307,1185,29,2.4,{E6C7A692-37D3-4440-9275-8FF56A09BADC},
724,080402,13097080402,804.02,ARC 10,3095,2862,40,1.4,{D4B25322-E150-425B-94BA-2E8CE126F13E},
725,080301,13097080301,803.01,ARC 10,4556,4124,429,10.4,{0B8AF8E5-23AF-46DF-A6A5-1FBA59A65B9A},
726,980000,13089980000,9800,ARC 10,0,0,0,,{60D71407-FAD0-47D6-BDA7-9AB075F8C5F4},
727,023428,13089023428,234.28,ARC 10,4515,3725,608,16.3,{E47DB099-924E-43B5-9F18-3F3D85527CAB},
728,023426,13089023426,234.26,ARC 10,1689,1583,30,1.9,{D921AA50-A68B-46D2-B44E-31EC9AD61158},
729,021502,13089021502,215.02,ARC 10,2577,2507,61,2.4,{A1CBE805-7C1E-43C9-8CD7-CB98F6393539},
730,022302,13089022302,223.02,ARC 10,2139,2038,152,7.5,{94AFE53A-1BFA-4F8E-8370-057E6CCAFBFF},
731,022007,13089022007,220.07,ARC 10,1327,1202,255,21.2,{D465876D-F9DD-4F43-B1C0-6BA53BA52817},
732,021602,13089021602,216.02,ARC 10,2214,1914,85,4.4,{342A74EB-7721-4A85-B5FC-D94FCCD03CC0},
733,023803,13089023803,238.03,ARC 10,2170,1803,149,8.3,{B3521A43-4B18-48AB-BE3A-8A7CDA1B2A9F},
734,022402,13089022402,224.02,ARC 10,1105,772,284,36.8,{052B8CD6-F1CE-45B0-A18D-6DCDA69D408A},
735,022700,13089022700,227,ARC 10,1668,1552,101,6.5,{4BEE1235-E782-40CB-B3AD-7899818A91BF},
736,022403,13089022403,224.03,ARC 10,1613,1494,64,4.3,{A07D37C1-1A0F-4874-9C3B-83083F3F057A},
737,023425,13089023425,234.25,ARC 10,2243,1942,12,0.6,{A4A6C17E-F273-471B-9624-B1141B8F0601},
738,022204,13089022204,222.04,ARC 10,3058,2669,189,7.1,{53C01E0D-2F44-4AB3-9F46-0529045CFA0B},
739,023423,13089023423,234.23,ARC 10,3471,2602,50,1.9,{0B85B2FE-16CD-4675-9483-B99448CF16C9},
740,023419,13089023419,234.19,ARC 10,3346,2923,163,5.6,{F064EBE8-7842-43B0-8455-E8014651F7E3},
741,023312,13089023312,233.12,ARC 10,3600,3291,70,2.1,{08984DBA-62BE-493B-B2A1-6534FBFA0702},
742,023311,13089023311,233.11,ARC 10,1552,1429,67,4.7,{C9A75897-FF0C-417E-A883-636585EE0096},
743,023213,13089023213,232.13,ARC 10,2095,1909,186,9.7,{DBBA91C2-00FF-4724-B3D6-BF3B592AA2F0},
744,022301,13089022301,223.01,ARC 10,3157,2923,258,8.8,{C1C809F1-BAA8-4A3D-B703-17177BBA8333},
745,023602,13089023602,236.02,ARC 10,1042,921,186,20.2,{67A06F3E-BBAB-42F4-9FAC-131D6CAAD167},
746,023504,13089023504,235.04,ARC 10,1558,1091,355,32.5,{2C8C00E0-3D7C-40E9-AAEA-7C341B990BA3},
747,023411,13089023411,234.11,ARC 10,1530,1363,113,8.3,{CB3203D6-2927-4297-95D6-AFF72FDE9514},
748,023410,13089023410,234.10,ARC 10,1938,1231,239,19.4,{536099EF-BC8A-42A5-BF1E-B6C8B59CDDE9},
749,023501,13089023501,235.01,ARC 10,1504,1154,332,28.8,{0FEB1B8A-A8B4-4F5A-83B8-61D350BD256A},
750,023114,13089023114,231.14,ARC 10,930,878,36,4.1,{3C29774B-7AE7-4B8B-8B0F-0E7FBF72BAD6},
751,023112,13089023112,231.12,ARC 10,2369,1714,651,38,{4D1FBA27-820E-4E61-8551-FC3A8E733586},
752,021912,13089021912,219.12,ARC 10,1356,1274,17,1.3,{75712095-3A1B-4F0B-AF58-C0D9BCD2634B},
753,021910,13089021910,219.10,ARC 10,2160,1827,161,8.8,{86B69385-5A14-48EC-A847-F9FD0FE645FA},
754,021604,13089021604,216.04,ARC 10,1343,1313,19,1.4,{F6EA0556-07DE-4DF4-8415-C4B4DD0C99D3},
755,021504,13089021504,215.04,ARC 10,3023,2528,140,5.5,{BD7894A4-C9EF-498D-9BE0-C2C5FEB0EF26},
756,021503,13089021503,215.03,ARC 10,1722,1453,136,9.4,{43E234D1-1402-4B25-A6AE-3852ED919CA6},
757,023107,13089023107,231.07,ARC 10,2052,1636,233,14.2,{2E751C77-E05D-4C27-AB19-5D9CCFA9F4B7},
758,023418,13089023418,234.18,ARC 10,7428,6764,336,5,{807D8DE2-2318-4525-B934-170E93FAD7AD},
759,023101,13089023101,231.01,ARC 10,2006,1588,195,12.3,{D108389D-94EB-418B-8B54-C75ABF3EF5FB},
760,022401,13089022401,224.01,ARC 10,2164,1983,12,0.6,{A92B564B-D8CC-4AC4-9582-B47B2F48F61D},
761,020900,13089020900,209,ARC 10,2768,2416,145,6,{74607ECC-9B68-4262-8AB4-016BC5E34076},
762,020700,13089020700,207,ARC 10,1158,918,150,16.3,{E5D11F6E-C58F-462E-A048-0BC236DDEDD9},
763,020600,13089020600,206,ARC 10,1042,950,164,17.3,{AA3FAD85-4E79-4E97-82E7-1D463EE5791B},
764,020500,13089020500,205,ARC 10,1807,1390,301,21.7,{6E0996CC-7A60-4D12-9888-6E3076417658},
765,021410,13089021410,214.10,ARC 10,2316,2016,313,15.5,{62382584-1198-4214-A1A1-F408BDB2927E},
766,021216,13089021216,212.16,ARC 10,4893,4128,136,3.3,{5FD48EC9-6D6F-42B1-A1B4-423AD982B050},
767,021911,13089021911,219.11,ARC 10,1085,823,214,26,{0B094A0B-E1B3-49E7-940C-ADF8AD6AC158},
768,020802,13089020802,208.02,ARC 10,1869,1640,236,14.4,{4AF626B3-D3E6-400D-8035-4144F9DDF399},
769,021416,13089021416,214.16,ARC 10,1069,920,147,16,{E6DA9E1C-A8A6-4327-BEA1-C34898E8E61E},
770,021413,13089021413,214.13,ARC 10,1534,1330,293,22,{1ADA7043-5C1D-4B3E-A626-E861097B1690},
771,021411,13089021411,214.11,ARC 10,2065,1989,40,2,{3801F169-96B1-420A-89BC-4FCE19320A92},
772,020400,13089020400,204,ARC 10,1297,1234,75,6.1,{BC7C7841-1E07-42D5-A9AE-8002A39E629D},
773,020300,13089020300,203,ARC 10,1704,1571,25,1.6,{47A341BE-7EF5-4455-A2D2-F51103AB8020},
774,020100,13089020100,201,ARC 10,754,731,0,0,{B9C3FEC0-A676-43A7-A367-003DC71B9041},
775,023802,13089023802,238.02,ARC 10,1602,1338,300,22.4,{0EF639E1-FA8D-4EB6-B9BB-DCA7EFE00753},
776,023801,13089023801,238.01,ARC 10,1830,1426,121,8.5,{41F19E31-B3A5-4C36-A584-4BA86DA8D21C},
777,023700,13089023700,237,ARC 10,2613,2209,610,27.6,{739AD856-A125-40F9-88D7-49A8306AD506},
778,023506,13089023506,235.06,ARC 10,2576,2093,356,17,{53C5081A-9E1C-42D8-83B9-C825824B41B1},
779,023505,13089023505,235.05,ARC 10,1147,936,122,13,{819C82F6-C1E5-495E-A1F0-3F9793E8FFD8},
780,023427,13089023427,234.27,ARC 10,1177,1073,22,2.1,{7820B576-D251-410C-9C10-81E2B1BA2C55},
781,023424,13089023424,234.24,ARC 10,1871,1706,79,4.6,{5D9400CE-1E0F-44D0-86DE-D4B8463AED08},
782,023422,13089023422,234.22,ARC 10,1939,1757,45,2.6,{34C24BF4-72F5-49DE-A450-167D38D1DE4F},
783,023421,13089023421,234.21,ARC 10,3634,3077,161,5.2,{F5F3FB26-61C2-409C-A1AF-CCDA2B88D8FB},
784,023315,13089023315,233.15,ARC 10,1962,1659,5,0.3,{B2B7455E-E7E6-4003-822D-5E86633B2955},
785,023314,13089023314,233.14,ARC 10,2303,2003,119,5.9,{CD7D8993-9CFA-453F-BAC5-650293657050},
786,023115,13089023115,231.15,ARC 10,0,0,0,,{4635255D-76B7-49AC-B019-05BCCF67C4CD},
787,023413,13089023413,234.13,ARC 10,1372,1165,57,4.9,{CA61B869-AFD7-4FF7-AECD-F97A0C069EB0},
788,023414,13089023414,234.14,ARC 10,2440,2239,170,7.6,{79B5A82C-DFCA-4271-8510-E66138FB2802},
789,023206,13089023206,232.06,ARC 10,2930,2568,224,8.7,{54BEFF6C-6BFA-4A0A-92E1-9D159FF85594},
790,021907,13089021907,219.07,ARC 10,3885,3491,211,6,{EAAAE826-05C7-4009-A58E-2B7D8A895B11},
791,023204,13089023204,232.04,ARC 10,2588,2289,170,7.4,{A50EBC85-FE5F-45ED-976E-88CCBE9F8498},
792,023113,13089023113,231.13,ARC 10,1725,1450,339,23.4,{0D44AB23-B6B2-4832-B453-17682F39E318},
793,022010,13089022010,220.10,ARC 10,695,650,72,11.1,{08C329F7-526A-4ADE-AF49-9CBF2FFCD037},
794,023111,13089023111,231.11,ARC 10,689,621,5,0.8,{1FF0A25D-CADA-4E0C-A9F7-D938430015D4},
795,021814,13089021814,218.14,ARC 10,2592,2272,439,19.3,{6386BFA6-5C2A-49F3-8EF5-7D7C18FB54CF},
796,021409,13089021409,214.09,ARC 10,1452,1204,107,8.9,{5988C534-2687-4FAE-BCD2-267123625991},
797,021218,13089021218,212.18,ARC 10,3444,3013,249,8.3,{67FBE04A-C496-4148-AD60-F7F9B9A0C7FF},
798,023507,13089023507,235.07,ARC 10,1680,1470,162,11,{72962AA7-ECAD-4DB5-BE0C-B23A360807EF},
799,023412,13089023412,234.12,ARC 10,2611,2115,216,10.2,{2E513084-C968-4587-81DB-67BD14B1F236},
800,023416,13089023416,234.16,ARC 10,2787,2554,168,6.6,{DE9BE576-782B-4086-8E8F-D0B2B35EC09B},
801,023102,13089023102,231.02,ARC 10,1766,1468,327,22.3,{BE3292DB-BCAD-44E9-9F4C-3936D6B8FF98},
802,023000,13089023000,230,ARC 10,1171,997,59,5.9,{B1BE018D-7BB5-4DA0-B74A-F504AA9CD703},
803,021906,13089021906,219.06,ARC 10,2279,1902,192,10.1,{4E138E63-B33D-4BAB-A870-D3FB2F6A9E67},
804,021217,13089021217,212.17,ARC 10,1019,924,26,2.8,{977A60A1-C667-430B-AAAC-BA13F51BCF0E},
805,021215,13089021215,212.15,ARC 10,2838,2494,162,6.5,{340BC737-6FA3-42DC-A7F5-7C6D83E25D60},
806,021414,13089021414,214.14,ARC 10,1846,1625,278,17.1,{2741290C-B98A-41AA-97FC-ABB71F855B28},
807,021101,13089021101,211.01,ARC 10,1450,1434,46,3.2,{C3C18B96-B5F2-4B14-99D4-257D96019CE0},
808,023316,13089023316,233.16,ARC 10,3086,2852,67,2.3,{1C0BCCD1-394D-4A95-BEEE-37CDFAECB1A3},
809,023313,13089023313,233.13,ARC 10,1825,1589,118,7.4,{E1A537D4-81A4-4F6B-8ECB-7B9A000DD9C7},
810,022900,13089022900,229,ARC 10,1893,1529,100,6.5,{08FB22D8-2A2B-4F86-94E1-86A16C38CB5C},
811,022800,13089022800,228,ARC 10,1289,1197,73,6.1,{610742C5-A66D-441A-81BB-477850A1780B},
812,022600,13089022600,226,ARC 10,3007,2734,328,12,{CBE8E027-85B3-40F3-9F7A-5ABDDE69135C},
813,022500,13089022500,225,ARC 10,2443,2303,347,15.1,{B9DF6884-19CB-46DC-AF89-E537EDACF77E},
814,022100,13089022100,221,ARC 10,1689,1343,141,10.5,{9E53B987-212B-43DA-943D-D11ABA7DDEEC},
815,022005,13089022005,220.05,ARC 10,1727,1559,252,16.2,{58D5F651-C67C-4426-AEDA-396728BC2094},
816,023214,13089023214,232.14,ARC 10,2515,2071,156,7.5,{A8F41C74-F833-4AC0-99B9-A7D08C56D5D1},
817,022203,13089022203,222.03,ARC 10,1245,1036,177,17.1,{EAF1EE1B-BC0B-458D-B5F7-BF7C1D7E7EF8},
818,022009,13089022009,220.09,ARC 10,2304,1882,259,13.8,{E1859194-EBD7-4F3C-8AEC-3503625AF9DA},
819,021913,13089021913,219.13,ARC 10,2391,1731,321,18.5,{C347EC89-B5E7-4AA5-A2AC-F625E0435F87},
820,021813,13089021813,218.13,ARC 10,1272,1052,145,13.8,{C6CAF71D-55DB-492E-BBED-F6EC61860518},
821,021605,13089021605,216.05,ARC 10,2725,2258,215,9.5,{5A8CAD33-D247-4113-977D-FAEEBA379D3C},
822,021308,13089021308,213.08,ARC 10,1777,1524,104,6.8,{8415D41F-D9D9-4B49-BBDF-824D819DF238},
823,022004,13089022004,220.04,ARC 10,1860,1597,47,2.9,{A71071F4-30EA-4F79-802C-31A5C8F212AC},
824,022008,13089022008,220.08,ARC 10,2632,2351,714,30.4,{70351F6D-97B4-445D-A89D-352C5EBC5E4C},
825,021909,13089021909,219.09,ARC 10,2911,2484,307,12.4,{3D875287-B88F-47C4-AAE4-BBF2CB880D29},
826,022001,13089022001,220.01,ARC 10,2054,1939,97,5,{3DBB33F3-F853-430F-905D-3680659C875A},
827,023108,13089023108,231.08,ARC 10,1903,1660,250,15.1,{CE7430A3-C98F-49F4-93A0-D51D3D4FF1D1},
828,020200,13089020200,202,ARC 10,1184,1025,27,2.6,{755E2762-3CE5-4CD0-8C35-F57DACD959E7},
829,021306,13089021306,213.06,ARC 10,2044,1830,132,7.2,{7071F25D-68D6-49A2-9016-3EF4BB09C973},
830,021305,13089021305,213.05,ARC 10,1719,1442,88,6.1,{7FECA790-7F8A-4761-9328-A5C84EB2F0CA},
831,021417,13089021417,214.17,ARC 10,2385,2086,287,13.8,{3D531256-9921-4ABC-AB5A-DFC6430D301A},
832,021415,13089021415,214.15,ARC 10,1861,1759,71,4,{8560A0E1-0180-4DCF-9617-F67E53E7B02C},
833,021102,13089021102,211.02,ARC 10,2793,2683,201,7.5,{B3ED01A3-B8F2-4455-9230-1E6B41A0887F},
834,021307,13089021307,213.07,ARC 10,1340,1271,71,5.6,{15E16869-7C9E-401F-BCB1-0811B09D2E7C},
835,023601,13089023601,236.01,ARC 10,1251,1070,63,5.9,{85728515-49ED-409D-B83B-89FA7CB3DDF0},
836,021412,13089021412,214.12,ARC 10,1724,1530,134,8.8,{38E119EF-D435-434F-B801-69E812A4E534},
837,023208,13089023208,232.08,ARC 10,2491,2219,244,11,{34F25607-8B8D-42EC-AD88-0DDE7FE0BCCF},
838,023310,13089023310,233.10,ARC 10,4710,3777,668,17.7,{723523BD-737D-4807-8182-78B1A20F0F6E},
839,020801,13089020801,208.01,ARC 10,1187,1085,58,5.3,{9EA2B143-E90C-4D1C-989C-C05D6F03298A},
840,021812,13089021812,218.12,ARC 10,961,855,70,8.2,{5069F2A8-B01F-499F-93A3-B63106D9E1AE},
841,021214,13089021214,212.14,ARC 10,2068,2068,0,0,{7C57F6AB-0F96-4651-9CFB-658D9392752D},
842,021810,13089021810,218.10,ARC 10,2818,2417,109,4.5,{51546470-3D2D-46E4-8CEC-410EC500E440},
843,021809,13089021809,218.09,ARC 10,2797,2492,20,0.8,{DC1DDE15-5F22-41C0-85A8-15CD77CDDF5B},
844,021808,13089021808,218.08,ARC 10,1879,1803,37,2.1,{82D408C6-882A-4691-B621-81BFD41F53B1},
845,021806,13089021806,218.06,ARC 10,2575,2396,171,7.1,{3C428B2E-717D-444B-9F54-B5ED99871050},
846,021805,13089021805,218.05,ARC 10,2619,2327,139,6,{7F8AF895-44D5-4345-B72F-99DA4DB5B888},
847,021704,13089021704,217.04,ARC 10,2391,2166,56,2.6,{AE56B401-C36F-43D3-A0B5-5E0CDA00447C},
848,021703,13089021703,217.03,ARC 10,1895,1796,103,5.7,{88CE349B-1F56-4F1C-9115-30720BCB220B},
849,021705,13089021705,217.05,ARC 10,2843,2257,100,4.4,{29D30373-0267-40DB-8CFC-0A252C9F2DB2},
850,021908,13089021908,219.08,ARC 10,2306,1991,463,23.3,{66C8CC53-F51C-4220-B7D8-44955F9B29ED},
851,023309,13089023309,233.09,ARC 10,3946,3462,118,3.4,{FF24653D-3F8A-4677-B5C8-52067E2820A2},
852,023211,13089023211,232.11,ARC 10,1382,1134,27,2.4,{ACABB25E-EDEA-4496-A193-D9E03C82905F},
853,023212,13089023212,232.12,ARC 10,1431,1247,88,7.1,{52C05294-034B-41F2-8BC1-92917C838D7C},
854,023306,13089023306,233.06,ARC 10,2549,2312,0,0,{8AFAEBE5-74BE-4629-9FCC-503CB89CBAEF},
855,023303,13089023303,233.03,ARC 10,2765,2281,227,10,{725C679D-E942-45A1-99FC-E3597B050E3F},
856,021706,13089021706,217.06,ARC 10,2904,2694,134,5,{F0BE3380-5837-4673-852A-81896F830C9A},
857,021211,13089021211,212.11,ARC 10,1938,1884,0,0,{B8ADB3F1-2630-4F75-BF12-226A8AEBD1E2},
858,021210,13089021210,212.10,ARC 10,2037,1980,13,0.7,{9AD3E2C0-40E3-4E69-ABD9-A1DE18072885},
859,021213,13089021213,212.13,ARC 10,1182,1139,0,0,{A7F9D7A0-A9A5-4881-BE02-B5925EE84FAE},
860,021303,13089021303,213.03,ARC 10,1866,1770,151,8.5,{66303169-C5EA-468F-83B1-853C3F9D7DEC},
861,021301,13089021301,213.01,ARC 10,1937,1540,158,10.3,{5069D0D2-E323-4051-B166-B4A25BC096B4},
862,021209,13089021209,212.09,ARC 10,3133,2959,564,19.1,{03CDD1BC-51F2-413D-BE66-F4451726C3DA},
863,021405,13089021405,214.05,ARC 10,1989,1835,51,2.8,{F9FA37D6-EE18-4FC7-9BED-0800FDB8F4A2},
864,021208,13089021208,212.08,ARC 10,1932,1710,81,4.7,{3D13642D-1831-41AC-83A2-1B78190F12EB},
865,021204,13089021204,212.04,ARC 10,1178,1026,359,35,{73DE9425-45C9-4CDA-AEF1-F576B2DCCBC4},
866,021202,13089021202,212.02,ARC 10,3347,3133,116,3.7,{74F13A1B-57C3-4E1A-9384-41467F91160D},
867,023210,13089023210,232.10,ARC 10,2826,2338,251,10.7,{7961711A-A4A5-4686-8A09-C143865492BA},
868,023209,13089023209,232.09,ARC 10,1937,1690,67,4,{AF63DDEC-693C-4013-AB39-12BECBF9CC93},
869,023603,13089023603,236.03,ARC 10,1543,1317,188,14.3,{1F668C8F-DE53-4A49-A2AB-FF7A6738B2A2},
870,021603,13089021603,216.03,ARC 10,3069,2635,262,9.9,{914C57B1-7DF2-4FEB-AC55-EFFE6D0F9DA3},
871,090905,13057090905,909.05,ARC 10,1979,1704,78,4.6,{EEB000FD-D422-4A6C-8584-22E444814828},
872,090904,13057090904,909.04,ARC 10,3140,2876,118,4.1,{411C204A-579D-4235-AB93-5A2F989EF86A},
873,091007,13057091007,910.07,ARC 10,2371,2281,19,0.8,{F7D40294-4CDC-449D-8CD1-E5555970F320},
874,090803,13057090803,908.03,ARC 10,3581,3513,35,1,{1D5FC832-90DD-458B-81F1-64A924D0ACAB},
875,090804,13057090804,908.04,ARC 10,3343,3234,102,3.2,{2AD53120-9675-451B-A766-9E301C75DCD4},
876,091008,13057091008,910.08,ARC 10,3062,2923,46,1.6,{C19736E5-A73E-4287-81EF-D79230C6A631},
877,090802,13057090802,908.02,ARC 10,2585,2433,22,0.9,{A0C039CD-50A4-4CD0-8415-BF80DE6DB42F},
878,090501,13057090501,905.01,ARC 10,2362,2215,82,3.7,{02BA751D-055F-41DF-9EEC-ADE75C27050B},
879,090902,13057090902,909.02,ARC 10,5687,5507,93,1.7,{4E941C65-E054-4DA0-AD79-9F1337883F74},
880,091001,13057091001,910.01,ARC 10,1611,1583,46,2.9,{1105B1FD-4302-46B6-937C-93746635943A},
881,091003,13057091003,910.03,ARC 10,3088,2815,307,10.9,{1F4B5B5B-311D-4878-B134-1FD93A677A21},
882,091102,13057091102,911.02,ARC 10,3239,2969,83,2.8,{9B973CA6-C24D-4DD1-B9EC-E2BA5C2DE987},
883,091101,13057091101,911.01,ARC 10,2324,2061,42,2,{56682360-389F-42E3-9BB2-4E1A4F038E5B},
884,091103,13057091103,911.03,ARC 10,3123,2951,15,0.5,{31E2B250-408E-4ED1-926D-326A33AAC5A6},
885,090701,13057090701,907.01,ARC 10,7427,6974,35,0.5,{9E47CEAD-5865-4132-982C-1658C4EDD7BC},
886,110601,13297110601,1106.01,ARC 20,1683,1611,17,1.1,{32CBEB74-16A5-4320-9D0C-9CC1C0A1D150},
887,110507,13297110507,1105.07,ARC 20,2592,2527,53,2.1,{BF79C028-83F1-45A0-8B8B-E20AC0D284EC},
888,110506,13297110506,1105.06,ARC 20,1951,1881,23,1.2,{D5C6F9EB-6138-47FD-A4BC-DD0A79BAB04C},
889,110603,13297110603,1106.03,ARC 20,1751,1575,32,2,{DDE11705-12D0-4087-9E12-12487C1085BC},
890,110602,13297110602,1106.02,ARC 20,1877,1724,24,1.4,{EB876474-9A57-48E0-8821-407D1838670B},
891,110504,13297110504,1105.04,ARC 20,1868,1722,111,6.4,{17CC80FB-FEEC-4CFC-B13E-F3AF43B8D57A},
892,110508,13297110508,1105.08,ARC 20,1824,1715,35,2,{0187DF18-C5FF-43A6-B709-78D770593D3C},
893,110503,13297110503,1105.03,ARC 20,1184,1150,8,0.7,{6BA351C2-61F7-4CDF-B93E-CB134C6CA9ED},
894,110505,13297110505,1105.05,ARC 20,1382,1342,10,0.7,{A58DA887-A378-481C-BD18-27DD307B857F},
895,110800,13297110800,1108,ARC 20,2731,2380,107,4.5,{E4C9772B-5022-43AA-92EA-63AD13918767},
896,110700,13297110700,1107,ARC 20,2925,2399,153,6.4,{208182AA-8F90-49CF-B275-C154040B4CC0},
897,110400,13297110400,1104,ARC 20,2677,2320,192,8.3,{F4958688-0E10-4607-9708-74F9AF208A3B},
898,110300,13297110300,1103,ARC 20,2887,2464,274,11.1,{AB523EC9-CF2C-4215-8216-EC4A402D7D38},
899,110200,13297110200,1102,ARC 20,1829,1599,79,4.9,{499B97BB-E892-49B6-BA0C-84DA0560D818},
900,110100,13297110100,1101,ARC 20,3341,3258,32,1,{5BBDE8DF-4ED5-4E85-8284-028C7CF42394},
901,091005,13057091005,910.05,ARC 10,2757,2709,77,2.8,{33BC5EE2-1B51-4E42-9AF5-D0F7DBEFEA39},
902,091006,13057091006,910.06,ARC 10,1827,1784,24,1.3,{8E89688C-E58F-45B0-B58D-F5AEE41D3606},
903,090400,13057090400,904,ARC 10,3916,3561,529,14.9,{FE2698D0-6AAC-402F-B731-1B8EE2E5769C},
904,090601,13057090601,906.01,ARC 10,2558,2231,188,8.4,{2DB7D3FC-D6FF-4E2A-8148-4C3B908CF24B},
905,090901,13057090901,909.01,ARC 10,2891,2660,57,2.1,{056B06BD-2C75-4304-850E-C28EBA556911},
906,090602,13057090602,906.02,ARC 10,3049,2793,127,4.5,{467A2283-447C-4F09-9423-D1BB7EBF7316},
907,090200,13057090200,902,ARC 10,3075,2720,16,0.6,{68604FE6-C77F-4365-8F3D-3DBCA9C93852},
908,090702,13057090702,907.02,ARC 10,2868,2828,155,5.5,{089B2837-7BCF-4B28-94DF-A1619315322E},
909,090502,13057090502,905.02,ARC 10,4707,4341,95,2.2,{3CA23688-A4ED-41FC-9394-8CBF142A7D2D},
910,090100,13057090100,901,ARC 10,3561,3195,84,2.6,{29896E86-69CF-40CE-BE03-71AA4CCB252F},
911,090300,13057090300,903,ARC 10,4476,4272,89,2.1,{B81EEBA1-45C2-48F7-AA5D-D611D1A8D561},
912,180206,13013180206,1802.06,ARC 20,1181,1015,43,4.2,{5D0E9918-30C4-478E-B265-2C4DEBEB82EA},
913,180205,13013180205,1802.05,ARC 20,1553,1406,133,9.5,{8A59CD6B-B94D-454A-BCA2-F49AEDCF4997},
914,180402,13013180402,1804.02,ARC 20,2225,1862,60,3.2,{6A776594-3CAF-40E1-B6BA-E77D4978903D},
915,180303,13013180303,1803.03,ARC 20,1550,1304,33,2.5,{07526DCD-FE8B-4BF3-9DDD-FBE35CB11773},
916,180106,13013180106,1801.06,ARC 20,1057,962,60,6.2,{6BF83DA2-1195-43BA-B340-AAB0E63B2E33},
917,180103,13013180103,1801.03,ARC 20,1651,1452,8,0.6,{9BE7CD46-B0E7-474F-9076-8FFE759A07AB},
918,180401,13013180401,1804.01,ARC 20,2118,1905,30,1.6,{D207F16C-729F-4B2B-81E3-5550281CFACD},
919,180203,13013180203,1802.03,ARC 20,1245,1035,77,7.4,{EB8DFE87-F848-49ED-830B-B955037D6CB4},
920,180503,13013180503,1805.03,ARC 20,2021,1787,7,0.4,{517E8312-0B26-40DA-8A96-9B1703EAA510},
921,180502,13013180502,1805.02,ARC 20,1696,1564,6,0.4,{BBE814E8-7ECE-45F7-93CB-F8FDC7D8DAB8},
922,180204,13013180204,1802.04,ARC 20,936,804,146,18.2,{30520637-DEAD-486B-9E93-2B86C584DD37},
923,180501,13013180501,1805.01,ARC 20,1919,1768,108,6.1,{94B82F42-1A7E-4B17-8B63-A787D800C942},
924,180301,13013180301,1803.01,ARC 20,819,698,0,0,{A429082A-64EB-416B-88A5-BC286855DDAC},
925,180302,13013180302,1803.02,ARC 20,2283,2106,70,3.3,{ADB9D294-2603-4663-B923-BC9D198F4D1E},
926,180105,13013180105,1801.05,ARC 20,914,833,3,0.4,{9B1DBDAC-F109-4C6E-822C-7F9DFC9D414D},
927,180104,13013180104,1801.04,ARC 20,800,716,22,3.1,{254435D5-85D1-47FF-ADCA-C047C25E4851},
928,180107,13013180107,1801.07,ARC 20,1620,1351,41,3,{4BBC70D2-F2EF-4FFE-BA15-58A1FD3D12D5},
929,180108,13013180108,1801.08,ARC 20,1112,992,24,2.4,{53F42766-4C97-4AEB-851B-E76A9A581A3A},
930,120104,13223120104,1201.04,ARC 20,923,868,6,0.7,{54B501B1-C081-4C5D-A0E2-8E2569D041B0},
931,120604,13223120604,1206.04,ARC 20,1803,1747,68,3.9,{23FA2FC8-8006-4B80-8310-FD9937154C38},
932,120601,13223120601,1206.01,ARC 20,1600,1477,0,0,{2F06D440-AEE6-4809-8984-38992E540029},
933,120603,13223120603,1206.03,ARC 20,2467,2408,30,1.2,{592F5B06-49A6-42FF-94CA-8AB777308A7D},
934,120501,13223120501,1205.01,ARC 20,2572,2261,45,2,{6FC1B402-9C8A-4DB8-B941-F303B500C0D0},
935,120203,13223120203,1202.03,ARC 20,1960,1899,34,1.8,{559422C8-4C02-4779-A639-64A5463ABF4C},
936,120101,13223120101,1201.01,ARC 20,4370,4006,71,1.8,{8EBEF279-E569-4DD4-8FE1-667D7FF5575B},
937,120502,13223120502,1205.02,ARC 20,3399,3019,60,2,{6A7090CA-6923-4071-A4D0-C76B16756CF5},
938,120503,13223120503,1205.03,ARC 20,1799,1732,14,0.8,{D3458230-CB03-4A29-9569-DAF6A03A4596},
939,120605,13223120605,1206.05,ARC 20,2011,1910,28,1.5,{3B009BC6-D673-4C25-BEB7-9073C18B2395},
940,120602,13223120602,1206.02,ARC 20,3446,3031,43,1.4,{50CAE5FF-B2F8-4063-9F49-35165C4A4A0D},
941,120204,13223120204,1202.04,ARC 20,2568,2422,134,5.5,{95FF6082-2019-4D5C-8EE7-3AFC179CA66B},
942,120301,13223120301,1203.01,ARC 20,2464,2207,212,9.6,{FBEBBCAE-F526-4287-97CD-0495E443C4FB},
943,120303,13223120303,1203.03,ARC 20,664,641,15,2.3,{5F62A510-7588-4562-94C3-2AD75B47F3A6},
944,120102,13223120102,1201.02,ARC 20,3775,3459,25,0.7,{F4827001-A1E5-4045-B184-B3916730E5F6},
945,120103,13223120103,1201.03,ARC 20,2918,2848,27,0.9,{421DCEE6-5BDB-4CCD-8A14-B069ED05920D},
946,120302,13223120302,1203.02,ARC 20,4818,4343,284,6.5,{FA752340-0726-42D9-A735-5B581AB9EEA9},
947,120202,13223120202,1202.02,ARC 20,2905,2709,94,3.5,{91645667-3417-4FE1-83C1-516BDAF1B328},
948,120400,13223120400,1204,ARC 20,6452,6123,165,2.7,{57FB12A7-C835-449F-AE78-D06392FC8507},
