Column,Description
"Medically Underserved Area/Population (MUA/P) Data Portal View (Parent Data Only)","These data provide geographic areas and populations with a lack of access to primary care health services. Medically Underserved Areas (MUAs) may be a whole county or a group of contiguous counties, a group of county or civil divisions or a group of urban census tracts in which residents have a shortage of personal health services. Medically Underserved Populations (MUPs) may include groups of persons who face economic, cultural or linguistic barriers to health care. HRSA’s Bureau of Health Workforce develops shortage designation criteria and uses them to decide whether or not a geographic area or population group is a MUA or MUP."
"CMS Data Portal View","The Provider of Services data extract from the Quality Improvement Evaluation System (QIES) database is maintained by the Centers for Medicare & Medicaid Services (CMS). These data include provider number, name, and address and characterize the participating institutional provider (including hospitals, skilled nursing facilities, home health agencies, and other types of facilities). The data are collected through the CMS Regional Offices. The file contains an individual record for each Medicare-approved provider and is updated quarterly."
"DP_SECONDARY_ID","This attribute represents the HRSA Data Warehouse (HDW) key converted to a text string used to crosswalk to a related dataset within the HDW Data Portal."
"DP_PRIMARY_ID","This attribute represents the HRSA Data Warehouse (HDW) key converted to a text string used to crosswalk to a related dataset within the HDW Data Portal."
"Facility Name","This attribute represents the name of a provider or supplier certified to participate in the Medicare and/or Medicaid programs."
"Service Area Name","This attribute represents the name assigned to the Medically Underserved Area/Population (MUA/P)."
"MUA/P Source Identification Number","This attribute represents the unique identification number assigned to each Medically Underserved Area/Population (MUA/P) designated area at designation time."
"Facility Category","This attribute represents the description of the facility category identified by the Facility Category Code."
"Facility Subcategory","This attribute represents the description associated with Facility Sub Category code within a Centers for Medicare & Medicaid Services provider type code category."
"Designation Type","This attribute represents the designation type of the Medically Underserved Area/Population (MUA/P)."
"Index of Medical Underservice Score","This attribute represents the Index of Medical Underservice (IMU) score. The lowest score (highest need) is 0; the highest score (lowest need) is 100. In order to qualify for designation, the IMU score must be less than or equal to 62.0, except for a Governor designation, which does not receive an IMU score. The score applies to the MUA or MUP as a whole, and not to individual portions of it."
"County Name","This attribute represents the proper county name associated with a specified data element."
"State Abbreviation","This attribute represents the U.S. Postal Service (USPS) two alphabetic character code for a U.S. state or U.S. territory associated with a location where an entity is situated."
"Primary State Abbreviation","This attribute represents the two alphabetic character code established by the U.S. Postal Service (USPS) for identifying U.S. states or U.S. territories which is associated with the location of the parent or primary entity. With respect to a Health Professional Shortage Area (HPSA) or a Medically Underserved Area/Population (MUA/P), the physical land area associated with the entity may cross state boundaries, which means a HPSA or MUA/P may consist of components or parts from one or more states. Therefore, the primary state for one of these areas is the state associated with the parent or primary record. Also, the primary state is used for aggregating counts and sums at the state level."
"Status","This attribute represents the designation status of the Medically Underserved Area/Population (MUA/P) as a text string."
"City","This attribute represents the city name in which the provider facility is physically located."
"ZIP Code","This attribute represents the 5- or 9-character U.S. Postal Service Zone Improvement Plan (ZIP) code in which the Centers for Medicare & Medicaid Services provider facility is physically located."
"Longitude","This attribute represents the primary longitude in decimal degrees (x coordinate) of an entity based on its address."
"Latitude","This attribute represents the primary latitude in decimal degrees (y coordinate) of an entity based on its address."
