DP_SECONDARY_ID,Service Area Name,MUA/P Source Identification Number,Designation Type,Index of Medical Underservice Score,Primary State Abbreviation,Status,
"07769","Low Income - Central Marietta","07769","Medically Underserved Population","62.00","GA","Designated"
"07842","Low Income - Glynn County","07842","Medically Underserved Population","60.40","GA","Designated"
"07924","Low Income - Habersham County","07924","Medically Underserved Population","59.80","GA","Designated"
"07910","Low Income - Southwest Atlanta","07910","Medically Underserved Population","56.90","GA","Designated"
"06200","Low Income - Stone Mountain/Clarkston","06200","Medically Underserved Population","58.70","GA","Designated"
"07725","Low Income - Towns","07725","Medically Underserved Area","52.50","GA","Designated"
"06155","Low Income Population of NW Savannah","06155","Medically Underserved Population","46.90","GA","Designated"
"00661","Lumpkin County","00661","Medically Underserved Area","59.60","GA","Designated"
"00664","Macon County","00664","Medically Underserved Area","53.80","GA","Designated"
"00665","Madison County","00665","Medically Underserved Area","53.90","GA","Designated"
"00666","Marion County","00666","Medically Underserved Area","59.30","GA","Designated"
"00662","Mcduffie County","00662","Medically Underserved Area","55.40","GA","Designated"
"00663","McIntosh County","00663","Medically Underserved Area","58.30","GA","Designated"
"00715","Med Ind - Southeast Gainesville Service Area","00715","Medically Underserved Area – Governor’s Exception","0.00","GA","Designated"
"00667","Meriweather County","00667","Medically Underserved Area","50.60","GA","Designated"
"00738","Milledgeville-midway Service Area","00738","Medically Underserved Area","61.20","GA","Designated"
"00668","Miller County","00668","Medically Underserved Area","60.10","GA","Designated"
"00669","Mitchell County","00669","Medically Underserved Area","55.70","GA","Designated"
"00670","Monroe County","00670","Medically Underserved Area","55.70","GA","Designated"
"00671","Montgomery County","00671","Medically Underserved Area","58.80","GA","Designated"
"00672","Morgan County","00672","Medically Underserved Area","39.10","GA","Designated"
"00673","Murray County","00673","Medically Underserved Area","57.30","GA","Designated"
"00737","Muscogee Service Area","00737","Medically Underserved Area","49.50","GA","Designated"
"00674","Newton County","00674","Medically Underserved Area","49.00","GA","Designated"
"00675","Oconee County","00675","Medically Underserved Area","53.30","GA","Designated"
"00676","Oglethorpe County","00676","Medically Underserved Area","43.40","GA","Designated"
"00677","Peach County","00677","Medically Underserved Area","53.60","GA","Designated"
"00678","Pickens County","00678","Medically Underserved Area","46.90","GA","Designated"
"00679","Pierce County","00679","Medically Underserved Area","59.40","GA","Designated"
"00680","Pike County","00680","Medically Underserved Area","31.50","GA","Designated"
"00681","Polk County","00681","Medically Underserved Area","57.70","GA","Designated"
"00682","Pulaski County","00682","Medically Underserved Area","58.40","GA","Designated"
"00683","Putnam County","00683","Medically Underserved Area","57.10","GA","Designated"
"00684","Quitman County","00684","Medically Underserved Area","27.50","GA","Designated"
"00685","Rabun County","00685","Medically Underserved Area","61.00","GA","Designated"
"00686","Randolph County","00686","Medically Underserved Area","44.70","GA","Designated"
"00745","Richmond Service Area","00745","Medically Underserved Area","36.60","GA","Designated"
"00687","Schley County","00687","Medically Underserved Area","44.70","GA","Designated"
"00688","Screven County","00688","Medically Underserved Area","51.60","GA","Designated"
"00724","Senoia/ Newman Service Area","00724","Medically Underserved Area","58.90","GA","Designated"
"00714","South Columbus Service Area","00714","Medically Underserved Area","51.30","GA","Designated"
"06145","South Decatur/Candler/McAfee","06145","Medically Underserved Area","59.70","GA","Designated"
"00716","Southwest Waycross Service Area","00716","Medically Underserved Area","56.70","GA","Designated"
"06159","SPALDING SERVICE AREA","06159","Medically Underserved Area","61.60","GA","Designated"
"00689","Stewart County","00689","Medically Underserved Area","50.10","GA","Designated"
"00690","Sumter County","00690","Medically Underserved Area","49.20","GA","Designated"
"00691","Talbot County","00691","Medically Underserved Area","60.10","GA","Designated"
"00693","Tattnall County","00693","Medically Underserved Area","40.30","GA","Designated"
"00694","Taylor County","00694","Medically Underserved Area","42.00","GA","Designated"
"00695","Telfair County","00695","Medically Underserved Area","60.90","GA","Designated"
"00696","Terrell County","00696","Medically Underserved Area","57.40","GA","Designated"
"00697","Thomas County","00697","Medically Underserved Area","50.40","GA","Designated"
"00698","Toombs County","00698","Medically Underserved Area","50.70","GA","Designated"
"07561","Treutlen County","07561","Medically Underserved Area","51.40","GA","Designated"
"00700","Turner County","00700","Medically Underserved Area","57.30","GA","Designated"
"00701","Twiggs County","00701","Medically Underserved Area","54.70","GA","Designated"
"00702","Union County","00702","Medically Underserved Area","59.60","GA","Designated"
"1134792743","Walker County","1134792743","Medically Underserved Area","61.50","GA","Designated"
"00703","Walton County","00703","Medically Underserved Area","55.10","GA","Designated"
"00751","Ware Service Area","00751","Medically Underserved Area","62.00","GA","Designated"
"00704","Warren County","00704","Medically Underserved Area","50.70","GA","Designated"
"00705","Washington County","00705","Medically Underserved Area","40.20","GA","Designated"
"00706","Wayne County","00706","Medically Underserved Area","52.90","GA","Designated"
"00708","Wheeler County","00708","Medically Underserved Area","35.60","GA","Designated"
"00709","White County","00709","Medically Underserved Area","53.20","GA","Designated"
"00710","Wilcox County","00710","Medically Underserved Area","56.20","GA","Designated"
"00711","Wilkes County","00711","Medically Underserved Area","49.80","GA","Designated"
"00712","Wilkinson County","00712","Medically Underserved Area","52.80","GA","Designated"
"00713","Worth County","00713","Medically Underserved Area","47.60","GA","Designated"
"00726","Yorkville/ Buchanan Service Area","00726","Medically Underserved Area","59.10","GA","Designated"
"00598","Appling County","00598","Medically Underserved Area","45.40","GA","Designated"
"00741","Appling Service Area","00741","Medically Underserved Area","54.80","GA","Designated"
"00599","Atkinson County","00599","Medically Underserved Area","57.50","GA","Designated"
"07669","Bacon","07669","Medically Underserved Area","58.60","GA","Designated"
"00600","Baker County","00600","Medically Underserved Area","40.80","GA","Designated"
"00601","Banks County","00601","Medically Underserved Area","60.60","GA","Designated"
"00602","Bartow County","00602","Medically Underserved Area","53.80","GA","Designated"
"00603","Ben Hill County","00603","Medically Underserved Area","51.70","GA","Designated"
"00604","Berrien County","00604","Medically Underserved Area","59.40","GA","Designated"
"1136023294","Bleckley County","1136023294","Medically Underserved Area","58.30","GA","Designated"
"00606","Brantley County","00606","Medically Underserved Area","59.30","GA","Designated"
"00608","Bryan Conty","00608","Medically Underserved Area","48.30","GA","Designated"
"00609","Bulloch County","00609","Medically Underserved Area","38.80","GA","Designated"
"1139242156","Burke County MUA","1139242156","Medically Underserved Area","56.00","GA","Designated"
"00611","Butts County","00611","Medically Underserved Area","56.50","GA","Designated"
"00612","Calhoun County","00612","Medically Underserved Area","29.60","GA","Designated"
"00613","Camden County","00613","Medically Underserved Area","56.20","GA","Designated"
"00614","Candler County","00614","Medically Underserved Area","55.70","GA","Designated"
"07568","Candler County MUP","07568","Medically Underserved Area","55.60","GA","Designated"
"00615","Carroll County","00615","Medically Underserved Area","61.90","GA","Designated"
"00740","Catoosa Springs Service Area","00740","Medically Underserved Area","57.50","GA","Designated"
"00616","Charlton County","00616","Medically Underserved Area","58.40","GA","Designated"
"00744","Chatham Service Area","00744","Medically Underserved Area","47.20","GA","Designated"
"00617","Chattooga County","00617","Medically Underserved Area","59.70","GA","Designated"
"00722","Clarke Service Area","00722","Medically Underserved Area","60.80","GA","Designated"
"00618","Clay County","00618","Medically Underserved Area","54.10","GA","Designated"
"00619","Clinch County","00619","Medically Underserved Area","30.60","GA","Designated"
"00620","Coffee County","00620","Medically Underserved Area","39.40","GA","Designated"
"00621","Colquitt County","00621","Medically Underserved Area","46.20","GA","Designated"
"00622","Cook County","00622","Medically Underserved Area","46.20","GA","Designated"
"00623","Crawford County","00623","Medically Underserved Area","29.90","GA","Designated"
"00625","Dade County","00625","Medically Underserved Area","62.00","GA","Designated"
"00627","Decatur County","00627","Medically Underserved Area","46.20","GA","Designated"
"00628","Dodge County","00628","Medically Underserved Area","44.10","GA","Designated"
"00629","Dooly County","00629","Medically Underserved Area","31.20","GA","Designated"
"00731","Dougherty Service Area","00731","Medically Underserved Area","51.85","GA","Designated"
"00732","Dougherty Service Area","00732","Medically Underserved Area","61.80","GA","Designated"
"07852","Early County","07852","Medically Underserved Area","56.00","GA","Designated"
"06112","Eastern Augusta Service Area","06112","Medically Underserved Area","61.40","GA","Designated"
"00632","Effingham County","00632","Medically Underserved Area","52.50","GA","Designated"
"00633","Elbert County","00633","Medically Underserved Area","45.70","GA","Designated"
"00634","Emanuel County","00634","Medically Underserved Area","55.20","GA","Designated"
"1131593834","Evans County","1131593834","Medically Underserved Area","58.10","GA","Designated"
"00636","Fannin County","00636","Medically Underserved Area","53.20","GA","Designated"
"1134094735","Floyd County MUP","1134094735","Medically Underserved Population","61.20","GA","Designated"
"00637","Forsyth County","00637","Medically Underserved Area","52.80","GA","Designated"
"04017","Franklin Service Area","04017","Medically Underserved Area","60.80","GA","Designated"
"00719","Fulton Service Area","00719","Medically Underserved Area","56.70","GA","Designated"
"07006","Fulton Service Area","07006","Medically Underserved Area","58.70","GA","Designated"
"00638","Gilmer County","00638","Medically Underserved Area","47.50","GA","Designated"
"00639","Glascock County","00639","Medically Underserved Area","56.60","GA","Designated"
"1131971940","Gordon County","1131971940","Medically Underserved Population","59.00","GA","Designated"
"00641","Greene County","00641","Medically Underserved Area","56.50","GA","Designated"
"1668755030","Guam","1668755030","Medically Underserved Area","61.10","GU","Designated"
"00642","Gwinnett Governor","00642","Medically Underserved Population – Governor’s Exception","0.00","GA","Designated"
"00742","Hahira Service Area","00742","Medically Underserved Area","58.30","GA","Designated"
"00643","Hancock County","00643","Medically Underserved Area","29.70","GA","Designated"
"00644","Harris County","00644","Medically Underserved Area","45.80","GA","Designated"
"00645","Hart County","00645","Medically Underserved Area","47.20","GA","Designated"
"07569","Hart County","07569","Medically Underserved Area","59.30","GA","Designated"
"00646","Heard County","00646","Medically Underserved Area","45.00","GA","Designated"
"00647","Henry County","00647","Medically Underserved Area","54.00","GA","Designated"
"00752","Hogansville Service Area","00752","Medically Underserved Area","51.90","GA","Designated"
"00735","Houston Service Area","00735","Medically Underserved Area","57.17","GA","Designated"
"07925","Houston Service Area","07925","Medically Underserved Area","57.30","GA","Designated"
"00648","Irwin County","00648","Medically Underserved Area","47.50","GA","Designated"
"00718","Jackson Service Area","00718","Medically Underserved Area","59.90","GA","Designated"
"00649","Jasper County","00649","Medically Underserved Area","42.10","GA","Designated"
"00650","Jeff Davis County","00650","Medically Underserved Area","51.30","GA","Designated"
"00651","Jefferson County","00651","Medically Underserved Area","37.50","GA","Designated"
"07610","Jefferson County","07610","Medically Underserved Area","61.60","GA","Designated"
"07851","Jenkins County","07851","Medically Underserved Area","56.20","GA","Designated"
"00653","Johnson County","00653","Medically Underserved Area","60.00","GA","Designated"
"00654","Jones County","00654","Medically Underserved Area","53.70","GA","Designated"
"00655","LANIER SERVICE AREA","00655","Medically Underserved Area","61.50","GA","Designated"
"00656","Laurens County","00656","Medically Underserved Area","43.30","GA","Designated"
"00657","Lee County","00657","Medically Underserved Area","37.70","GA","Designated"
"1139260391","LI-Bibb County","1139260391","Medically Underserved Population","54.30","GA","Designated"
"1132631397","LI-Tift County","1132631397","Medically Underserved Population","57.00","GA","Designated"
"1139374774","LI-West Catoosa County","1139374774","Medically Underserved Population","58.30","GA","Designated"
"00658","Liberty County","00658","Medically Underserved Area","39.40","GA","Designated"
"00659","Lincoln County","00659","Medically Underserved Area","59.90","GA","Designated"
"00660","Long County","00660","Medically Underserved Area","61.20","GA","Designated"
"07588","Low Inc - Brooks County","07588","Medically Underserved Area","61.70","GA","Designated"
"06111","Low Inc - Central Augusta Service Area","06111","Medically Underserved Population","52.20","GA","Designated"
"07571","Low Inc - Cook","07571","Medically Underserved Area","58.80","GA","Designated"
"07572","Low Inc - Crisp","07572","Medically Underserved Area","56.20","GA","Designated"
"07570","Low Inc - Grady","07570","Medically Underserved Area","59.30","GA","Designated"
